gene_id	gene_symbol	gnomad_score	expression_score	tau_restricted_panel_specificity	tau_specificity	annotation_score	localization_score	compartment_cilia	compartment_centrosome	compartment_basal_body	compartment_transition_zone	compartment_stereocilia	in_cilia_compendium	in_centrosome_compendium	animal_model_score	literature_score	evidence_count	available_weight	weighted_sum	composite_score	quality_flag	gnomad_contribution	expression_contribution	annotation_contribution	localization_contribution	animal_model_contribution	literature_contribution	has_direct_localization_signal	has_cilia_signal	has_cilia_signal_semantics_version	confidence_tier	cellxgene_photoreceptor_expr	cellxgene_hair_cell_expr	hpa_retina_tpm	compartment_cilia_right	compartment_centrosome_right	compartment_basal_body_right	compartment_transition_zone_right	compartment_stereocilia_right	in_cilia_proteomics	in_centrosome_proteomics	cochlear_hair_cell_expression	hair_cell_sample_count	hair_cell_developmental_consistency	photoreceptor_q75	hair_cell_q75	retina_hair_concordant_q75	retina_concordant_q75	direct_protein	expression_or_protein	expression_and_protein
ENSG00000197102	DYNC1H1	0.9657988769780499	0.7747582373638383	0.6164574859577765	0.6164574859577765	0.844709118981817	1.0	false	true	false	false	false	false	false	0.17048086602676976	0.9980716109866056	6	1.0	0.8001006622676565	0.8001006622676565	sufficient_evidence	0.19315977539561	0.15495164747276768	0.12670636784727254	0.15	0.025572129904015462	0.14971074164799084	true	true	v2: positive aggregate localization or positive animal-model signal	HIGH	0.7248845100402832			false	true	false	false	false	false	false	0.18333142307704234	2	0.6285831471414459	false	false	false		true	true	false
ENSG00000112715	VEGFA	0.9509954058192954	0.6576946909267569	0.7667972812037065	0.7667972812037065	0.9550995329384255		false	false	false	false	false	false	false	0.42754186862697013	0.9961953405951947	5	0.85	0.678563530673299	0.7983100360862342	sufficient_evidence	0.19019908116385909	0.1315389381853514	0.1432649299407638		0.06413128029404552	0.14942930108927918	false	true	v2: positive aggregate localization or positive animal-model signal	HIGH	0.21779873967170715			false	false	false	false	false	false	false	-0.2051201808398018	2	0.7714973203221147	false	false	false		false	false	false
ENSG00000162738	VANGL2	0.8024502297090352	0.7780728185890711	0.6604784870957147	0.6604784870957147	0.813507510149206		false	false	false	false	false	false	false	0.6398086630456119	0.9393860426330328	5	0.85	0.6750099420337989	0.7941293435691752	sufficient_evidence	0.16049004594180705	0.15561456371781424	0.12202612652238089		0.09597129945684178	0.14090790639495493	false	true	v2: positive aggregate localization or positive animal-model signal	HIGH	0.010100315324962139			false	false	false	false	false	false	false	0.3989137671694755	2	0.7111435185076473	false	false	false		false	false	false
ENSG00000144635	DYNC1LI1	0.8356304236855538	0.6691503483495775	0.4569414095504472	0.4569414095504472	0.8224201603463086	1.0	false	true	false	false	false	false	false	0.4467999638758269	0.9900974618231094	6	1.0	0.789853792313813	0.789853792313813	sufficient_evidence	0.16712608473711077	0.1338300696699155	0.12336302405194628	0.15	0.06701999458137403	0.1485146192734664	true	true	v2: positive aggregate localization or positive animal-model signal	HIGH	0.41965898871421814			false	true	false	false	false	false	false	0.8851644494138085	2	0.8022523177154434	false	true	false		true	true	false
ENSG00000163399	ATP1A1	0.9367023991832567	0.850309156166065	0.6651528985855479	0.6651528985855479	0.8887318268552236		false	false	false	false	false	false	false	0.2250167460284938	0.9735237400323136	5	0.85	0.670493158007269	0.7888154800085518	sufficient_evidence	0.18734047983665136	0.170061831233213	0.13330977402828353		0.03375251190427407	0.14602856100484704	false	true	v2: positive aggregate localization or positive animal-model signal	HIGH	0.6080746054649353			false	false	false	false	false	false	false	1.0207309823164175	2	0.7182867415768825	false	true	false		false	false	false
ENSG00000143153	ATP1B1	0.9234303215926493	0.8335911929456024	0.7086051637130683	0.7086051637130683	0.8925912226494417		false	false	false	false	false	false	false	0.33509997290687016	0.8805180591025173	5	0.85	0.6676356911064747	0.7854537542429114	sufficient_evidence	0.18468606431852985	0.1667182385891205	0.13388868339741625		0.050264995936030524	0.1320777088653776	false	true	v2: positive aggregate localization or positive animal-model signal	HIGH	0.19979031383991241			false	false	false	false	false	false	false	2.310259401230235	2	0.6548712182823555	false	true	false		false	false	false
ENSG00000162992	NEUROD1	0.6687085247575293	0.9920721062241582	0.9980641611199301	0.9980641611199301	0.8713091737747001		false	false	false	false	false	false	false	0.43639964424617345	0.8365560014593214	5	0.85	0.6537958491183666	0.7691715871980784	sufficient_evidence	0.13374170495150586	0.19841442124483166	0.13069637606620502		0.06545994663692602	0.1254834002188982	false	true	v2: positive aggregate localization or positive animal-model signal	HIGH	0.8483267426490784			false	false	false	false	false	false	false	-0.0244214556450025	1	1.0	true	false	false		false	true	false
ENSG00000135541	AHI1	0.5691679428279734	0.7551324187096189	0.5550753818199676	0.5550753818199676	0.8009025018034261	1.0	false	true	false	false	false	true	false	0.5584999548447835	0.9894720383593057	6	1.0	0.7671912465586458	0.7671912465586458	sufficient_evidence	0.1138335885655947	0.1510264837419238	0.12013537527051392	0.15	0.08377499322671753	0.14842080575389585	true	true	v2: positive aggregate localization or positive animal-model signal	HIGH	8.1488676071167			false	true	false	false	false	true	false	0.2103558824856665	2	0.6284637233468592	true	false	false		true	true	true
ENSG00000164588	HCN1	0.8519652884124553	0.9908897627863708	0.9869891058973248	0.9869891058973248	0.877138349672627		false	false	false	false	false	false	false	0.15427797311454258	0.828920623338719	5	0.85	0.6476215521586485	0.7619077084219394	sufficient_evidence	0.17039305768249108	0.19817795255727416	0.13157075245089406		0.023141695967181387	0.12433809350080784	false	true	v2: positive aggregate localization or positive animal-model signal	HIGH	11.459458351135254			false	false	false	false	false	false	false	1.1285753932716456	2	0.10885785177888962	true	true	true		false	true	false
ENSG00000007168	PAFAH1B1	0.9688616641143439	0.6014940382279037	0.22354798076189025	0.22354798076189025	0.9134619864849283	1.0	false	true	false	false	false	false	false	0.047871424700981456	0.9880648355657476	6	1.0	0.7564808774811982	0.7564808774811982	sufficient_evidence	0.1937723328228688	0.12029880764558075	0.13701929797273923	0.15	0.007180713705147218	0.14820972533486215	true	true	v2: positive aggregate localization or positive animal-model signal	HIGH	0.7558475136756897			false	true	false	false	false	false	false	0.46569534946207797	2	0.9188924782704185	false	false	false		true	true	false
ENSG00000136811	ODF2	0.8055130168453292	0.5718364671748963	0.887805960165454	0.887805960165454	0.792355727029477	1.0	false	true	false	false	false	false	false	0.4004402789546017	0.9944233074477511	6	1.0	0.7535527938188196	0.7535527938188196	sufficient_evidence	0.16110260336906584	0.11436729343497927	0.11885335905442154	0.15	0.060066041843190254	0.14916349611716265	true	true	v2: positive aggregate localization or positive animal-model signal	HIGH	0.09096529334783554			false	true	false	false	false	false	false	0.03736326298903345	2	0.7629619050340338	false	false	false		true	true	false
ENSG00000107643	MAPK8	0.8116385911179173	0.7332475207420752	0.44340168543904546	0.44340168543904546	0.8676140582743934		false	false	false	false	false	false	false	0.33509997290687016	0.9780059415229062	5	0.85	0.636085218277624	0.7483355509148518	sufficient_evidence	0.16232771822358347	0.14664950414841504	0.130142108741159		0.050264995936030524	0.14670089122843594	false	true	v2: positive aggregate localization or positive animal-model signal	HIGH	1.1083178520202637			false	false	false	false	false	false	false	0.46061862410486354	2	0.9694917145052494	true	false	false		false	true	false
ENSG00000150753	CCT5	0.9127105666156201	0.5641641935330632	0.5635103941776312	0.5635103941776312	0.8158229036156417		false	false	false	false	false	false	false	0.47449346488843125	0.9767029759733152	5	0.85	0.6354278537013449	0.7475621808251117	sufficient_evidence	0.18254211332312403	0.11283283870661265	0.12237343554234625		0.07117401973326469	0.14650544639599727	false	true	v2: positive aggregate localization or positive animal-model signal	HIGH	0.11455939710140228			false	false	false	false	false	false	false	0.4787014077235065	2	0.4948247379902213	false	false	false		false	false	false
ENSG00000176697	BDNF	0.9167942827973455	0.7571915651495703	0.8538562330888761	0.8538562330888761	0.8009025018034261		false	false	false	false	false	false	false	0.22339998193791344	0.9775889925470371	5	0.85	0.6350808910326398	0.7471539894501644	sufficient_evidence	0.18335885655946912	0.15143831302991406	0.12013537527051392		0.033509997290687016	0.14663834888205557	false	true	v2: positive aggregate localization or positive animal-model signal	HIGH	0.008932555094361305			false	false	false	false	false	false	false	7.3403958557723	2	0.9493063759137353	false	true	false		false	false	false
ENSG00000049759	NEDD4L	0.7978560490045941	0.9125886445292901	0.8518457268416793	0.8518457268416793	0.8510262396012787		false	false	false	false	false	false	false	0.12765713253595054	0.9561682389117632	5	0.85	0.6323166803641257	0.7439019768989714	sufficient_evidence	0.15957120980091882	0.18251772890585805	0.12765393594019178		0.01914856988039258	0.14342523583676448	false	true	v2: positive aggregate localization or positive animal-model signal	HIGH	1.3910597562789917			false	false	false	false	false	false	false	0.45567806141652645	2	0.46670134055327217	true	false	false		false	true	false
ENSG00000140350	ANP32A	0.9469116896375701	0.7593040408540639	0.556402714810549	0.556402714810549	0.7683708261338531	1.0	false	true	false	false	false	false	false	0.0	0.9131964350862564	6	1.0	0.7434782352813433	0.7434782352813433	sufficient_evidence	0.18938233792751402	0.1518608081708128	0.11525562392007796	0.15	0.0	0.13697946526293844	true	true	v2: positive aggregate localization or positive animal-model signal	HIGH	0.41209256649017334			false	true	false	false	false	false	false	0.14344197317609858	2	0.7671671994021219	false	false	false		true	true	false
ENSG00000001617	SEMA3F	0.8075548749361919	0.8223996239694478	0.7741673615325175	0.7741673615325175	0.8224201603463086		false	false	false	false	false	false	false	0.31358151944049056	0.891697503518007	5	0.85	0.6301457772768488	0.741347973266881	sufficient_evidence	0.1615109749872384	0.16447992479388956	0.12336302405194628		0.047037227916073586	0.13375462552770104	false	true	v2: positive aggregate localization or positive animal-model signal	HIGH	0.09930899739265442			false	false	false	false	false	false	false	-0.13723688843437898	2	0.984039437200026	false	false	false		false	false	false
ENSG00000124140	SLC12A5	0.9254721796835119	0.9902825827859078	0.9953650499642763	0.9953650499642763	0.8413693953384758		false	false	false	false	false	false	false	0.33509997290687016	0.4697190806275082	5	0.85	0.6300792198248121	0.7412696703821319	sufficient_evidence	0.18509443593670238	0.19805651655718157	0.12620540930077137		0.050264995936030524	0.07045786209412623	false	true	v2: positive aggregate localization or positive animal-model signal	HIGH	0.5693682432174683			false	false	false	false	false	false	false	1.0166014094967695	2	0.9227931712248808	false	true	false		false	false	false
ENSG00000183207	RUVBL2	0.8933129147524246	0.5593499356067282	0.8795051894691461	0.8795051894691461	0.8962863381497483	1.0	false	true	false	false	false	false	false	0.1656079202397898	0.898837754729765	6	1.0	0.734642372039726	0.734642372039726	sufficient_evidence	0.17866258295048493	0.11186998712134565	0.13444295072246223	0.15	0.024841188035968468	0.13482566320946474	true	true	v2: positive aggregate localization or positive animal-model signal	HIGH	0.0788491740822792			false	true	false	false	false	false	false	0.415753179324581	2	0.5429420946289159	false	false	false		true	true	false
ENSG00000072832	CRMP1	0.866258295048494	0.9296168578322221	0.8822260872851094	0.8822260872851094	0.7981460128441429	1.0	false	true	false	false	false	false	false	0.10116588400953613	0.5970709334445198	6	1.0	0.733632455120873	0.733632455120873	sufficient_evidence	0.17325165900969883	0.18592337156644445	0.11972190192662142	0.15	0.01517488260143042	0.08956064001667796	true	true	v2: positive aggregate localization or positive animal-model signal	HIGH	0.08166275173425674			false	true	false	false	false	false	false	2.73391575088684	2	0.7950261199023033	false	true	false		true	true	false
ENSG00000120438	TCP1	0.9474221541602859	0.5680290267061512	0.39515508467882976	0.39515508467882976	0.8305024672444985		false	false	false	false	false	false	false	0.31358151944049056	0.9874394121019441	5	0.85	0.6228187459913274	0.7327279364603851	sufficient_evidence	0.18948443083205718	0.11360580534123024	0.12457537008667477		0.047037227916073586	0.1481159118152916	false	true	v2: positive aggregate localization or positive animal-model signal	HIGH	0.10527563095092773			false	false	false	false	false	false	false	0.03543765126993201	2	0.14104290349127924	false	false	false		false	false	false
ENSG00000140443	IGF1R	0.8514548238897396	0.621763888527536	0.2922324546978026	0.2922324546978026	0.8736880105098914		false	false	false	false	false	false	false	0.3540805940333764	0.9381351957054256	5	0.85	0.619529312520759	0.7288580147303048	sufficient_evidence	0.17029096477794792	0.12435277770550719	0.1310532015764837		0.053112089105006456	0.14072027935581383	false	true	v2: positive aggregate localization or positive animal-model signal	HIGH	1.674727439880371			false	false	false	false	false	false	false	0.311790254232852	2	0.9139226399225019	true	false	false		false	true	false
ENSG00000164690	SHH	0.7682491066870851	0.5798114240241335	0.578643324459518	0.578643324459518	0.9459008539046931		false	false	false	false	false	false	false	0.3864184805595095	0.996143221973211	5	0.85	0.6188814896078558	0.7280958701268893	sufficient_evidence	0.15364982133741703	0.11596228480482672	0.14188512808570397		0.057962772083926424	0.14942148329598165	false	true	v2: positive aggregate localization or positive animal-model signal	HIGH	0.0008816351182758808			false	false	false	false	false	false	false	-0.0172783761838823	1	1.0	false	false	false		false	false	false
ENSG00000138175	ARL3	0.7998979070954568	0.663098836441761	0.3961013483215561	0.3961013483215561	0.8361058377890631	1.0	false	true	false	false	false	false	false	0.06382856626797527	0.996716526815031	6	1.0	0.7270969883382541	0.7270969883382541	sufficient_evidence	0.15997958141909138	0.1326197672883522	0.12541587566835946	0.15	0.00957428494019629	0.14950747902225464	true	true	v2: positive aggregate localization or positive animal-model signal	HIGH	0.9976904392242432			false	true	false	false	false	false	false	0.6664875752417689	2	0.6882992570815427	true	true	true		true	true	true
ENSG00000175203	DCTN2	0.7575293517100561	0.6861930497929393	0.3465980186199217	0.3465980186199217	0.7861515090389664	1.0	false	true	false	false	false	false	false	0.13439207976021025	0.9905665294209621	6	1.0	0.7254109980336199	0.7254109980336199	sufficient_evidence	0.15150587034201124	0.13723860995858786	0.11792272635584494	0.15	0.020158811964031537	0.1485849794131443	true	true	v2: positive aggregate localization or positive animal-model signal	HIGH	0.1484604924917221			false	true	false	false	false	false	false	0.17719148911121102	2	0.7513307015710974	false	false	false		true	true	false
ENSG00000163914	RHO	0.5553854007146504	0.8768003004561199	0.7109046967136007	0.7109046967136007	0.8396500894643935		false	false	false	false	false	false	false	0.3601954866992751	0.9962474592171783	5	0.85	0.615851095541281	0.7245307006368013	sufficient_evidence	0.11107708014293008	0.17536006009122398	0.125947513419659		0.054029323004891265	0.14943711888257674	false	true	v2: positive aggregate localization or positive animal-model signal	HIGH	5.803857326507568			false	false	false	false	false	false	false				true	false	false		false	true	false
ENSG00000115414	FN1	0.8325676365492598	0.7616583467335155	0.9367809283603383	0.9367809283603383	0.8793646795893528		false	false	false	false	false	false	false	0.17714532132751235	0.9182780007296607	5	0.85	0.615063396903534	0.7236039963570988	sufficient_evidence	0.16651352730985197	0.1523316693467031	0.13190470193840292		0.02657179819912685	0.1377417001094491	false	true	v2: positive aggregate localization or positive animal-model signal	HIGH	0.06854783743619919			false	false	false	false	false	false	false	-0.5013189777229841	2	0.8382606887577662	false	false	false		false	false	false
ENSG00000177807	KCNJ10	0.6748340990301174	0.9081228218555002	0.9822689950441337	0.9822689950441337	0.792355727029477		false	false	false	false	false	false	false	0.22601314544283713	0.9697190806275082	5	0.85	0.6148045771420968	0.7232995025201139	sufficient_evidence	0.13496681980602349	0.18162456437110006	0.11885335905442154		0.03390197181642557	0.14545786209412623	false	true	v2: positive aggregate localization or positive animal-model signal	HIGH	0.011346131563186646			false	false	false	false	false	false	false	-0.05619870437416705	2	0.9608117509114783	false	false	false		false	false	false
ENSG00000152661	GJA1	0.7534456355283307	0.7524536363431716	0.4700954203925378	0.4700954203925378	0.8867358283882085	0.5	false	false	false	false	false	false	false	0.4252815104094472	0.9877000052118622	6	1.0	0.7211374559757282	0.7211374559757282	sufficient_evidence	0.15068912710566615	0.15049072726863433	0.13301037425823128	0.075	0.06379222656141709	0.14815500078177932	false	true	v2: positive aggregate localization or positive animal-model signal	HIGH	0.0015372680500149727			false	false	false	false	false	false	false	-0.3505891937728405	2	0.9211610949740858	false	false	false		false	false	false
ENSG00000137822	TUBGCP4	0.6641143440530883	0.6911046593191837	0.5250168874410137	0.5250168874410137	0.7861515090389664	1.0	false	true	false	false	false	false	true	0.31358151944049056	0.8977432636681086	6	1.0	0.7206652444965892	0.7206652444965892	sufficient_evidence	0.13282286881061767	0.13822093186383674	0.11792272635584494	0.15	0.047037227916073586	0.13466148955021628	true	true	v2: positive aggregate localization or positive animal-model signal	HIGH	0.15954303741455078			false	true	false	false	false	false	true	0.3372909429482735	2	0.9354615807994346	false	false	false		true	true	false
ENSG00000137693	YAP1	0.9280245022970903	0.4685953671593702	0.8393194478928798	0.8393194478928798	0.880456795994595	0.5	false	false	false	false	false	false	false	0.5634587775761977	0.9953093240214729	6	1.0	0.7202077085301319	0.7202077085301319	sufficient_evidence	0.18560490045941808	0.09371907343187405	0.13206851939918926	0.075	0.08451881663642964	0.14929639860322091	false	true	v2: positive aggregate localization or positive animal-model signal	HIGH	0.01764707826077938			false	false	false	false	false	false	false	-0.49524453412955494	2	0.9611625997154828	false	false	false		false	false	false
ENSG00000068796	KIF2A	0.7340479836651352	0.7412646541000489	0.6926348908954469	0.6926348908954469	0.8265553280275233	1.0	false	true	false	false	false	false	false	0.0	0.9960911033512274	6	1.0	0.7184594922598494	0.7184594922598494	sufficient_evidence	0.14680959673302704	0.1482529308200098	0.12398329920412848	0.15	0.0	0.14941366550268412	true	true	v2: positive aggregate localization or positive animal-model signal	HIGH	1.25785231590271			false	true	false	false	false	false	false	-0.05104140780000778	2	0.8989902572487367	true	false	false		true	true	true
ENSG00000150275	PCDH15	0.6018376722817764	0.7964726998037737	0.6436322795249841	0.6436322795249841	0.792355727029477		false	false	false	false	false	false	false	0.4467999638758269	0.9648720487830302	5	0.85	0.6102662353703601	0.7179602769063059	sufficient_evidence	0.12036753445635529	0.15929453996075474	0.11885335905442154		0.06701999458137403	0.14473080731745452	false	true	v2: positive aggregate localization or positive animal-model signal	HIGH	12.795926094055176			false	false	false	false	false	false	false	3.9856342088327397	2	0.8687028910002088	true	true	true		false	true	false
ENSG00000094631	HDAC6		0.5582534597281004	0.15261752518873523	0.15261752518873523	0.9265270600742095	1.0	false	true	false	false	false	false	false	0.15902543065647515	0.9960389847292438	5	0.8	0.5738894132646093	0.7173617665807616	sufficient_evidence		0.11165069194562008	0.13897905901113142	0.15	0.02385381459847127	0.14940584770938656	true	true	v2: positive aggregate localization or positive animal-model signal	HIGH	0.1156725212931633			false	true	false	false	false	false	false	0.1672925197439305	2	0.9135423872284592	false	false	false		true	true	false
ENSG00000155657	TTN	0.7958141909137314	0.5386036550687325	0.7102115366096362	0.7102115366096362	0.8782586504992915		false	false	false	false	false	false	false	0.42754186862697013	0.9783707718767916	5	0.85	0.6095092628469507	0.7170697209964126	sufficient_evidence	0.1591628381827463	0.10772073101374652	0.13173879757489373		0.06413128029404552	0.14675561578151872	false	true	v2: positive aggregate localization or positive animal-model signal	HIGH	0.22084811329841614			false	false	false	false	false	false	false	-0.0599912979972075	2	0.8369552894939762	false	false	false		false	false	false
ENSG00000127481	UBR4	0.8963757018887186	0.59206635280597	0.5144166603147273	0.5144166603147273	0.8361058377890631	1.0	false	true	false	false	false	false	false	0.0	0.9585135769010268	6	1.0	0.7168813231424511	0.7168813231424511	sufficient_evidence	0.17927514037774372	0.118413270561194	0.12541587566835946	0.15	0.0	0.143777036535154	true	true	v2: positive aggregate localization or positive animal-model signal	HIGH	0.38060125708580017			false	true	false	false	false	false	false	0.5826223066162695	2	0.4743063303257865	false	true	false		true	true	false
ENSG00000100997	ABHD12	0.633486472690148	0.7956114113291937	0.5824088611421995	0.5824088611421995	0.8111286734140148		false	false	false	false	false	false	false	0.371059338198442	0.9709699275551155	5	0.85	0.6087932676790042	0.716227373740005	sufficient_evidence	0.1266972945380296	0.15912228226583874	0.12166930101210222		0.0556589007297663	0.1456454891332673	false	true	v2: positive aggregate localization or positive animal-model signal	HIGH	0.16606244444847107			false	false	false	false	false	false	false	0.484961650905941	2	0.8131303874641441	false	true	false		false	false	false
ENSG00000171316	CHD7	0.9892802450229708	0.9503639038840982	0.9028892821764738	0.9028892821764738	0.6583265132048282	0.0	false	false	false	false	false	false	false	0.6169818206080413	0.9122843592015427	6	1.0	0.7160677337335757	0.7160677337335757	sufficient_evidence	0.1978560490045942	0.19007278077681966	0.09874897698072423	0.0	0.0925472730912062	0.1368426538802314	false	true	v2: positive aggregate localization or positive animal-model signal	HIGH	1.7024344205856323			false	false	false	false	false	false	false	1.0951007170613425	2	0.7005752086487174	true	true	true		false	true	false
ENSG00000141646	SMAD4	0.9321082184788156	0.5355548314058676	0.2801265696444946	0.2801265696444946	0.9344531737495207	1.0	false	true	false	false	false	false	false	0.08662208639569348	0.7922030541512483	6	1.0	0.715524357121406	0.715524357121406	sufficient_evidence	0.18642164369576314	0.10711096628117352	0.14016797606242812	0.15	0.012993312959354021	0.11883045812268724	true	true	v2: positive aggregate localization or positive animal-model signal	HIGH	0.355906218290329			false	true	false	false	false	false	false	-0.006828641318672252	2	0.8365208226188545	false	false	false		true	true	false
ENSG00000066468	FGFR2	0.9254721796835119	0.7857835201683634	0.6659257397071084	0.6659257397071084	0.936753231684798	0.5	false	false	false	false	false	false	false	0.31358151944049056	0.7373221452024808	6	1.0	0.7153996744195403	0.7153996744195403	sufficient_evidence	0.18509443593670238	0.15715670403367268	0.1405129847527197	0.075	0.047037227916073586	0.11059832178037213	false	true	v2: positive aggregate localization or positive animal-model signal	HIGH	0.0032673596870154142			false	false	false	false	false	false	false	-0.6135492209144571	2	0.941895797921692	false	false	false		false	false	false
ENSG00000129084	PSMA1	0.8499234303215926	0.6007202342036434	0.36920305365296796	0.36920305365296796	0.8569147404823327	1.0	false	true	false	false	false	false	false	0.0	0.9668525564184083	6	1.0	0.7136938274401583	0.7136938274401583	sufficient_evidence	0.16998468606431852	0.12014404684072869	0.12853721107234992	0.15	0.0	0.14502788346276124	true	true	v2: positive aggregate localization or positive animal-model signal	HIGH	0.16372157633304596			false	true	false	false	false	false	false	0.05269792506702849	2	0.5659752244992817	false	false	false		true	true	false
ENSG00000007372	PAX6	0.9234303215926493	0.9364230278280481	0.9872609906693339	0.9872609906693339	0.8867358283882085	0.0	false	false	false	false	false	false	false	0.4004402789546017	0.9865533955282223	6	1.0	0.7130300953147943	0.7130300953147943	sufficient_evidence	0.18468606431852985	0.18728460556560964	0.13301037425823128	0.0	0.060066041843190254	0.14798300932923333	false	true	v2: positive aggregate localization or positive animal-model signal	HIGH	0.06613544374704361			false	false	false	false	false	false	false	-0.0362437591795298	1	1.0	false	false	false		false	false	false
ENSG00000142676	RPL11	0.850944359367024	0.7157913992610394	0.7097580194701565	0.7097580194701565	0.8525362273901622		false	false	false	false	false	false	false	0.13439207976021025	0.9645072184291448	5	0.85	0.6060624805625403	0.7130146830147533	sufficient_evidence	0.1701888718734048	0.1431582798522079	0.12788043410852432		0.020158811964031537	0.14467608276437172	false	true	v2: positive aggregate localization or positive animal-model signal	HIGH	0.8713868260383606			false	false	false	false	false	false	false	-0.891663233031618	2	0.9049583071067212	true	false	false		false	true	false
ENSG00000107736	CDH23	0.697294538029607	0.6474661629354899	0.5122474196155669	0.5122474196155669	0.8061660593528388		false	false	false	false	false	false	false	0.4467999638758269	0.9921822067024548	5	0.85	0.6057243746826875	0.712616911391397	sufficient_evidence	0.1394589076059214	0.12949323258709797	0.12092490890292582		0.06701999458137403	0.1488273310053682	false	true	v2: positive aggregate localization or positive animal-model signal	HIGH	0.01911800727248192			false	false	false	false	false	false	false	2.240179850701645	2	0.676840014920602	false	true	false		false	false	false
ENSG00000100804	PSMB5	0.8984175599795814	0.585677205697112	0.18536247813823176	0.18536247813823176	0.847925120325022	1.0	false	true	false	false	false	false	false	0.0	0.9162974930942827	6	1.0	0.7114523451482343	0.7114523451482343	sufficient_evidence	0.17968351199591628	0.11713544113942241	0.1271887680487533	0.15	0.0	0.1374446239641424	true	true	v2: positive aggregate localization or positive animal-model signal	HIGH	0.13267084956169128			false	true	false	false	false	false	false	0.4345304668593081	2	0.5011421531801743	false	false	false		true	true	false
ENSG00000018625	ATP1A2	0.7146503318019397	0.967821377507376	0.9509928921139771	0.9509928921139771	0.9185070135655133		false	false	false	false	false	false	false	0.13439207976021025	0.7280189711784021	5	0.85	0.603632051537482	0.7101553547499788	sufficient_evidence	0.14293006636038794	0.1935642755014752	0.13777605203482698		0.020158811964031537	0.10920284567676031	false	true	v2: positive aggregate localization or positive animal-model signal	HIGH	0.008103907108306885			false	false	false	false	false	false	false	-0.6712991446287455	2	0.9845586463794693	false	false	false		false	false	false
ENSG00000014641	MDH1	0.6804492087799897	0.8424030632844925	0.6461109695502611	0.6461109695502611	0.7981460128441429	1.0	false	true	false	false	false	false	false	0.0	0.9034763120863084	6	1.0	0.7098138031524641	0.7098138031524641	sufficient_evidence	0.13608984175599795	0.1684806126568985	0.11972190192662142	0.15	0.0	0.13552144681294626	true	true	v2: positive aggregate localization or positive animal-model signal	HIGH	0.3662269115447998			false	true	false	false	false	false	false	0.3485216179569019	2	0.41294213359023857	false	false	false		true	true	false
ENSG00000080493	SLC4A4	0.8626850433894844	0.9137921964349499	0.9655035781940644	0.9655035781940644	0.844709118981817		false	false	false	false	false	false	false	0.22339998193791344	0.5817480585813312	5	0.85	0.6027740218900461	0.7091459081059367	sufficient_evidence	0.1725370086778969	0.18275843928698998	0.12670636784727254		0.033509997290687016	0.08726220878719967	false	true	v2: positive aggregate localization or positive animal-model signal	HIGH	0.019200826063752174			false	false	false	false	false	false	false	-0.0470029116068548	2	0.8714408538639759	false	false	false		false	false	false
ENSG00000198707	CEP290	0.46911689637570186	0.4714714306434661	0.1415135722396033	0.1415135722396033	0.8324107222887565	1.0	false	true	false	false	false	true	false	0.6367390650354422	0.9998436441340491	6	1.0	0.7084666801225709	0.7084666801225709	sufficient_evidence	0.09382337927514038	0.09429428612869323	0.12486160834331346	0.15	0.09551085975531633	0.14997654662010737	true	true	v2: positive aggregate localization or positive animal-model signal	HIGH	0.8802698254585266			false	true	false	false	false	true	false	0.1979721900135131	2	0.7622278085146694	true	false	false		true	true	true
ENSG00000139988	RDH12	0.5798876978050026	0.9111388184038087	0.8252170426896704	0.8252170426896704	0.7722302219280712		false	false	false	false	false	false	false	0.2887402879856449	0.9637514984103821	5	0.85	0.601913604490377	0.7081336523416201	sufficient_evidence	0.11597753956100053	0.18222776368076177	0.11583453328921067		0.04331104319784673	0.14456272476155732	false	true	v2: positive aggregate localization or positive animal-model signal	HIGH	0.8942564129829407			false	false	false	false	false	false	false	1.4763477697347152	2	0.6774011304643489	true	true	true		false	true	false
ENSG00000095637	SORBS1	0.7401735579377232	0.7645404876892501	0.646985191933028	0.646985191933028	0.8245123606064666	1.0	false	true	false	false	false	false	false	0.0	0.8890133944858498	6	1.0	0.7079716723892422	0.7079716723892422	sufficient_evidence	0.14803471158754464	0.15290809753785004	0.12367685409096998	0.15	0.0	0.13335200917287746	true	true	v2: positive aggregate localization or positive animal-model signal	HIGH	0.07159409672021866			false	true	false	false	false	false	false	0.5633472047636505	2	0.7653505430272758	false	true	false		true	true	false
ENSG00000070831	CDC42	0.7835630423685552	0.6537107870399657	0.4546797143062809	0.4546797143062809	0.9104417825075652	0.5	false	false	false	false	false	false	false	0.39786776156671655	0.9838953458070568	6	1.0	0.706285499363905	0.706285499363905	sufficient_evidence	0.15671260847371105	0.13074215740799314	0.13656626737613478	0.075	0.05968016423500748	0.14758430187105853	false	true	v2: positive aggregate localization or positive animal-model signal	HIGH	0.31993627548217773			false	false	false	false	false	false	false	0.3719375353166415	2	0.9211034361643156	false	false	false		false	false	false
ENSG00000065243	PKN2	0.8050025523226135	0.5642541520348642	0.36683809583769444	0.36683809583769444	0.8540204021539028	1.0	false	true	false	false	false	false	false	0.05311208910500646	0.9713868765309845	6	1.0	0.7056292460399796	0.7056292460399796	sufficient_evidence	0.1610005104645227	0.11285083040697284	0.1281030603230854	0.15	0.007966813365750969	0.14570803147964767	true	true	v2: positive aggregate localization or positive animal-model signal	HIGH	1.2489323616027832			false	true	false	false	false	false	false	0.02411217925766075	2	0.8073557691384924	true	false	false		true	true	true
ENSG00000125378	BMP4	0.8882082695252679	0.5198859761901363	0.7177578076512103	0.7177578076512103	0.9555576981674958		false	false	false	false	false	false	false	0.3540805940333764	0.8103924532235368	5	0.85	0.5996234609567422	0.7054393658314615	sufficient_evidence	0.1776416539050536	0.10397719523802727	0.14333365472512435		0.053112089105006456	0.12155886798353052	false	true	v2: positive aggregate localization or positive animal-model signal	HIGH	0.006695721764117479			false	false	false	false	false	false	false	-0.12380002603016846	2	0.9135132127885179	false	false	false		false	false	false
ENSG00000077782	FGFR1	0.9167942827973455	0.6733051902759035	0.3744262509610194	0.3744262509610194	0.8897128780779748		false	false	false	false	false	false	false	0.2516165366732049	0.7351852817011518	5	0.85	0.5994970990824996	0.7052907048029408	sufficient_evidence	0.18335885655946912	0.1346610380551807	0.13345693171169623		0.03774248050098073	0.11027779225517277	false	true	v2: positive aggregate localization or positive animal-model signal	HIGH	0.01497434452176094			false	false	false	false	false	false	false	-0.4242856211235725	2	0.981709391460627	false	false	false		false	false	false
ENSG00000148204	CRB2	0.44104134762634	0.8648752261164612	0.832812585914318	0.832812585914318	0.844709118981817		false	false	false	false	false	false	false	0.5729408666699758	0.8300932923333507	5	0.85	0.5983448064463317	0.7039350664074491	sufficient_evidence	0.088208269525268	0.17297504522329224	0.12670636784727254		0.08594113000049637	0.1245139938500026	false	true	v2: positive aggregate localization or positive animal-model signal	HIGH	0.26207268238067627			false	false	false	false	false	false	false	1.55559391950629	2	0.9381062767990787	false	true	false		false	false	false
ENSG00000143702	CEP170	0.9035222052067381	0.7338170153223137	0.47696539734170823	0.47696539734170823	0.5081903257731679	1.0	false	true	false	false	false	false	true	0.0	0.9951008495335384	6	1.0	0.7029615204018164	0.7029615204018164	sufficient_evidence	0.18070444104134764	0.14676340306446276	0.07622854886597519	0.15	0.0	0.14926512743003076	true	true	v2: positive aggregate localization or positive animal-model signal	HIGH	0.2792271673679352			false	true	false	false	false	false	true	-0.2647971828077925	2	0.7744714686281656	false	false	false		true	true	false
ENSG00000104888	SLC17A7	0.8284839203675344	0.990287122499111	0.9893326948896337	0.9893326948896337	0.8688633188119985		false	false	false	false	false	false	false	0.1770402970166882	0.5116485120133424	5	0.85	0.5973870277496335	0.7028082679407452	sufficient_evidence	0.16569678407350688	0.19805742449982222	0.13032949782179978		0.026556044552503228	0.07674727680200136	false	true	v2: positive aggregate localization or positive animal-model signal	HIGH	0.7231037020683289			false	false	false	false	false	false	false	-0.0446871310570638	1	1.0	false	false	false		false	false	false
ENSG00000129244	ATP1B2	0.751403777437468	0.9795552320602859	0.9618757218258551	0.9618757218258551	0.8760034039763271		false	false	false	false	false	false	false	0.31358151944049056	0.4837650492520978	5	0.85	0.5971942977998881	0.7025815268233978	sufficient_evidence	0.15028075548749362	0.1959110464120572	0.13140051059644905		0.047037227916073586	0.07256475738781466	false	true	v2: positive aggregate localization or positive animal-model signal	HIGH	0.7055623531341553			false	false	false	false	false	false	false	-0.339270172318555	2	0.5980732497437342	false	false	false		false	false	false
ENSG00000159399	HK2	0.7279224093925473	0.8155196199503454	0.9347434471921883	0.9347434471921883	0.8569147404823327	1.0	false	true	false	false	false	false	false	0.0	0.7609839995830511	6	1.0	0.7013732168783862	0.7013732168783862	sufficient_evidence	0.14558448187850945	0.1631039239900691	0.12853721107234992	0.15	0.0	0.11414759993745766	true	true	v2: positive aggregate localization or positive animal-model signal	HIGH	0.6160387396812439			false	true	false	false	false	false	false	-0.109172753614514	2	0.988873201595975	false	false	false		true	true	false
ENSG00000148498	PARD3	0.7304747320061256	0.6798366447550915	0.7379981070886745	0.7379981070886745	0.8430553145136546	0.5	false	false	false	false	false	false	false	0.45202629088567425	0.9981237296085892	6	1.0	0.7010430756034312	0.7010430756034312	sufficient_evidence	0.1460949464012251	0.13596732895101832	0.12645829717704818	0.075	0.06780394363285114	0.14971855944128837	false	true	v2: positive aggregate localization or positive animal-model signal	HIGH	2.0600831508636475			false	false	false	false	false	false	false	0.3689634528103505	2	0.8833286567712106	true	false	false		false	true	false
ENSG00000204248	COL11A2	0.7713118938233793	0.7839924140879019	0.6466960474204784	0.6466960474204784	0.8035741621194901		false	false	false	false	false	false	false	0.1770402970166882	0.9149684682336999	5	0.85	0.5953983006877379	0.7004685890443976	sufficient_evidence	0.15426237876467586	0.15679848281758038	0.1205361243179235		0.026556044552503228	0.13724527023505498	false	true	v2: positive aggregate localization or positive animal-model signal	HIGH	0.003735558595508337			false	false	false	false	false	false	false	-0.6754301104215725	2	0.8684381277394506	false	false	false		false	false	false
