scheme	group	genes_expected	genes_ranked	ranking_universe_n	score_q25	score_median	score_q75	percentile_q25	percentile_median	percentile_q75	top_quartile	top_10pct	top_25	top_50	top_100	raw_score_ge_070	production_score_and_count_pass	production_gate_pass	production_high	production_medium	production_low	production_excluded
default	eligible_unrelated	420	420	20053	0.3801506327323246	0.4550659375862726	0.5245578993236959	0.462672052663076	0.6616297626171953	0.8407515459804509	151	67	2	2	6	6	6	36	3	292	124	1
default	usher	9	9	20053	0.5276410911413614	0.6371454980970291	0.688830978026323	0.8467484540195491	0.9777079593058049	0.992918412128466	9	6	0	0	2	2	2	7	2	7	0	0
default	matched_unrelated_usher	27	27	20053	0.3780618183590607	0.4475922817718191	0.502216489704411	0.457310991422302	0.6420805904647915	0.7877269100339118	11	4	0	0	0	0	0	2	0	17	10	0
default	syscilia	28	28	20053	0.5154073118600004	0.5677149441793603	0.5968950817500234	0.8188709355675244	0.919309794534211	0.9532340913624576	26	15	0	0	1	1	1	28	1	27	0	0
default	matched_unrelated_syscilia	84	84	20053	0.34864467364315976	0.4335800398442644	0.5007405998935914	0.3823309395571514	0.6029573109914224	0.7840988430081788	24	10	0	0	1	1	1	6	0	54	29	1
default	housekeeping	13	13	20053	0.5126977375781148	0.5920662066963858	0.6407307571712061	0.8121883103929782	0.9481847197287053	0.9792040694195093	11	9	0	0	2	2	2	1	0	13	0	0
equal	eligible_unrelated	420	420	20053	0.3592955172481738	0.4411080581286603	0.5112523988114294	0.4515634350688211	0.6621035308198684	0.8449780570516656	151	64	2	2	5	3						
equal	usher	9	9	20053	0.5428353361720347	0.6380046749099405	0.6970293006340956	0.9049970077797725	0.9829443447037702	0.9956114103331338	9	8	0	2	3	2						
equal	matched_unrelated_usher	27	27	20053	0.3521688198315689	0.4386014380991339	0.48005673032831114	0.43377219230001995	0.6547975264312786	0.7710951526032316	10	5	0	0	0	0						
equal	syscilia	28	28	20053	0.5155022980025377	0.5713930739672941	0.6005119383885799	0.8556877119489328	0.9414771593855975	0.9659011569918213	26	18	0	1	1	1						
equal	matched_unrelated_syscilia	84	84	20053	0.32715036404962217	0.41946910452254216	0.4764040399645257	0.3738155794933174	0.6033562736884102	0.7609839417514462	22	9	0	0	0	0						
equal	housekeeping	13	13	20053	0.4915730857922889	0.5653562389913346	0.6366856953353096	0.7994713744264911	0.9353680430879713	0.9825952523439059	11	8	0	0	2	1						
single_gnomad	eligible_unrelated	420	383	18127	0.48953547728432867	0.6115364982133741	0.7450229709035221	0.3916749420721616	0.6066975615138475	0.7982731987200706	127	48	0	0	3	131						
single_gnomad	usher	9	9	18127	0.529351710056151	0.5834609494640122	0.635017866258295	0.4656294825113097	0.5602449520026481	0.6461436610393909	0	0	0	0	0	1						
single_gnomad	matched_unrelated_usher	27	25	18127	0.5798876978050026	0.6503318019397651	0.7207759060745277	0.5546728456361029	0.6691492883151274	0.7663577181948582	7	2	0	0	0	7						
single_gnomad	syscilia	28	26	18127	0.47332822868810615	0.5484941296579886	0.5686574783052577	0.36545569899591746	0.49914487476553016	0.5340395012688955	0	0	0	0	0	0						
single_gnomad	matched_unrelated_syscilia	84	76	18127	0.49042879019908114	0.6046452271567127	0.735962225625319	0.39363345470594724	0.5944223766964581	0.7866600463422708	23	8	0	0	0	23						
single_gnomad	housekeeping	13	11	18127	0.766972945380296	0.8335885655946911	0.9553343542623787	0.8233752620545074	0.8972746331236897	0.9900970980911398	9	5	0	0	3	9						
single_expression	eligible_unrelated	420	420	20048	0.43819934714025843	0.5533239839953428	0.6638564903880523	0.3242505112984486	0.5661695016710729	0.7846685289569512	129	54	0	0	3	82						
single_expression	usher	9	9	20048	0.4396138373967307	0.6263854777420916	0.6712261674720459	0.32738065545966977	0.7237990721803761	0.7963286277248466	4	2	0	0	0	2						
single_expression	matched_unrelated_usher	27	27	20048	0.3886522977854051	0.5240641117674443	0.7817084528634408	0.24065945029181424	0.49748091983837983	0.9046490746745148	9	7	0	0	0	9						
single_expression	syscilia	28	28	20048	0.4954793382292418	0.5648182419496726	0.6000845649967401	0.434503915797875	0.5927819623883873	0.6725445203771138	2	0	0	0	0	0						
single_expression	matched_unrelated_syscilia	84	84	20048	0.4665183925127158	0.549686058278059	0.7413431721233269	0.3768893101212152	0.5576395470643987	0.8751434129794982	29	18	0	0	2	23						
single_expression	housekeeping	13	13	20048	0.6167928118288484	0.6414738167957343	0.6963227487396579	0.7053424452536539	0.7482915149398912	0.8298997356212899	6	0	0	0	0	3						
single_annotation	eligible_unrelated	420	420	19302	0.7600957952732246	0.8022383319614581	0.8413693953384758	0.5863426765452567	0.7807885601782292	0.9135277964872286	225	118	0	2	5	374						
single_annotation	usher	9	9	19302	0.792355727029477	0.813507510149206	0.8378960477989184	0.7354541215481063	0.8274182684834983	0.9052380705662919	6	4	0	0	0	7						
single_annotation	matched_unrelated_usher	27	27	19302	0.7908323758251533	0.813507510149206	0.8463171196534195	0.728096989793275	0.8274182684834983	0.9242008186104347	18	11	0	0	0	24						
single_annotation	syscilia	28	28	19302	0.7589824472686575	0.792355727029477	0.8202762956339098	0.581964665043262	0.7354541215481063	0.8549816071706129	12	2	0	0	0	25						
single_annotation	matched_unrelated_syscilia	84	84	19302	0.7459855589921536	0.7861515090389664	0.8111286734140148	0.5360862131495777	0.7064400808248277	0.8177296513134035	34	6	0	0	0	66						
single_annotation	housekeeping	13	13	19302	0.813507510149206	0.8361058377890631	0.8554796316195468	0.8274182684834983	0.9013004507538469	0.9405212165172789	11	7	0	0	0	13						
single_localization	eligible_unrelated	420	296	13089	0.0	0.0	0.0	0.0	0.0	0.0	11	11	0	0	1	2						
single_localization	usher	9	2	13089	0.0	0.0	0.0	0.0	0.0	0.0	0	0	0	0	0	0						
single_localization	matched_unrelated_usher	27	17	13089	0.0	0.0	0.0	0.0	0.0	0.0	0	0	0	0	0	0						
single_localization	syscilia	28	28	13089	0.15	0.16499999999999998	0.18	0.9099938875305623	0.9116748166259169	0.9133557457212714	27	27	0	1	1	2						
single_localization	matched_unrelated_syscilia	84	61	13089	0.0	0.0	0.0	0.0	0.0	0.0	0	0	0	0	0	0						
single_localization	housekeeping	13	8	13089	0.0	0.0	0.0	0.0	0.0	0.0	0	0	0	0	0	0						
single_animal_model	eligible_unrelated	420	420	19125	0.0	0.0	0.06382856626797527	0.0	0.0	0.7595168374816984	113	40	1	2	4	0						
single_animal_model	usher	9	9	19125	0.2732638955124275	0.4004402789546017	0.4467999638758269	0.9785609705082619	0.99299309767831	0.9956599037858188	9	7	1	2	4	0						
single_animal_model	matched_unrelated_usher	27	27	19125	0.0	0.0	0.041488568074183926	0.0	0.0	0.7365613888307885	7	2	0	0	0	0						
single_animal_model	syscilia	28	28	19125	0.1770402970166882	0.2864704333349879	0.4765599309581731	0.9532001673290107	0.9790054381928467	0.9971763229449906	27	25	4	6	11	0						
single_animal_model	matched_unrelated_syscilia	84	84	19125	0.0	0.0	0.0	0.0	0.0	0.0	15	6	0	0	1	0						
single_animal_model	housekeeping	13	13	19125	0.0	0.0	0.10116588400953613	0.0	0.0	0.8852227567454507	5	1	0	0	0	0						
single_literature	eligible_unrelated	420	418	19187	0.0	0.6046020743211549	0.7779942148329598	0.0	0.6045814656520379	0.777910976753883	121	46	0	1	1	150						
single_literature	usher	9	9	19187	0.9813415333298587	0.9913483087507167	0.9921822067024548	0.981340560825602	0.9913478578129886	0.9921817992286042	9	9	1	2	2	9						
single_literature	matched_unrelated_usher	27	27	19187	0.0	0.504716735289519	0.6430134987230938	0.0	0.5039612217241739	0.6429167101011154	3	0	0	0	0	5						
single_literature	syscilia	28	28	19187	0.9962735185281701	0.9977588992547037	0.9989706572158232	0.996273324298968	0.9977587824455332	0.9989706035650995	28	28	8	17	21	28						
single_literature	matched_unrelated_syscilia	84	84	19187	0.0	0.49921822067024546	0.671652681503101	0.0	0.4986709058688627	0.6715573855936621	16	7	0	0	0	20						
single_literature	housekeeping	13	13	19187	0.7832386511700631	0.8852347943920363	0.9622661176838485	0.7832273532784322	0.8852288126759095	0.9622641509433962	10	6	1	1	1	10						
