hgnc_id	hgnc_symbol	gene_id	production_symbol	total_pubmed_count	go_term_count	matched_to_group	composite_score	percentile	observed_layers	direct_localization_route	animal_q75_route	priority_tier	gnomad_score	expression_score	annotation_score	localization_score	animal_model_score	literature_score
HGNC:45	ABCB4	ENSG00000005471	ABCB4	174	52		0.4952887488911353	0.7701476161978855	6	False	False	MEDIUM	0.7136294027565084	0.4490133097802598	0.844709118981817	0.3	0.0	0.607025590243394
HGNC:3771	FMO3	ENSG00000007933	FMO3	132	16		0.42907220304436755	0.5914123279473369	5	False	False	MEDIUM	0.3491577335375191	0.3650775723038119	0.7459855589921536		0.06382856626797527	0.6692812842028457
HGNC:11494	SYN1	ENSG00000008056	SYN1	87	41	syscilia	0.6323208378387899	0.9759624975064831	4	False	False	MEDIUM		0.9888552524378276	0.8245123606064666		0.0	0.5970709334445198
HGNC:6912	MATR3	ENSG00000015479	MATR3	395	21		0.5891725177591801	0.9451426291641731	6	False	False	MEDIUM	0.9576314446145991	0.679933949165266	0.7683708261338531	0.0	0.0	0.976025433887528
HGNC:6132	ISL1	ENSG00000016082	ISL1	127	121		0.5724453768170145	0.9257430680231399	6	False	True	MEDIUM	0.8999489535477283	0.5822521916062413	0.917095240843018	0.0	0.4657805850023331	0.45715849272945225
HGNC:327	AGPS	ENSG00000018510	AGPS	115	24		0.5064688472440324	0.7980251346499102	6	False	False	MEDIUM	0.8667687595712097	0.5017459941692854	0.7794695891037082	0.0	0.06382856626797527	0.708474487934539
HGNC:11067	SLC7A9	ENSG00000021488	SLC7A9	70	29		0.507748756815697	0.8009176142030721	5	False	False	MEDIUM	0.5569167942827973	0.6119311415302884	0.7952991312588615		0.047871424700981456	0.47560848491165897
HGNC:2323	CPS1	ENSG00000021826	CPS1	170	70		0.449678345980879	0.6473668461998803	6	False	False	MEDIUM	0.6339969372128637	0.4159657761160749	0.8700948587434747	0.0	0.0	0.7278104966904675
HGNC:2553	CUL3	ENSG00000036257	CUL3	481	98		0.7049886415135324	0.9954617993217634	5	False	False	MEDIUM	0.8417559979581418	0.7402340050458692	0.898957998465812		0.0	0.9866576327721895
HGNC:8512	OTC	ENSG00000036473	OTC	131	37		0.22384161112184991	0.11290644324755636	5	False	False	LOW		0.2834992667756685	0.8158229036156417	0.0	0.0	0.0
HGNC:6529	LCP2	ENSG00000043462	LCP2	177	19		0.5184323120971676	0.8255535607420706	5	False	False	MEDIUM	0.782542113323124	0.3477781940838315	0.7600957952732246		0.06382856626797527	0.6067649971334758
HGNC:11924	TNFRSF9	ENSG00000049249	TNFRSF9	162	12		0.35904715991685787	0.40868741272691006	6	False	False	LOW	0.641143440530883	0.27303347287790125	0.7226943137922841	0.0	0.0	0.45205086777505604
HGNC:6106	FOXP3	ENSG00000049768	FOXP3	1170	90		0.43225702279091616	0.5992918412128466	5	False	False	MEDIUM		0.4102831851159847	0.8916423376917433	0.0	0.10116588400953613	0.7655183196956272
HGNC:6251	KCNH2	ENSG00000055118	KCNH2	686	64		0.5950060535394395	0.9510273289447436	5	False	False	MEDIUM	0.7554874936191934	0.7337395563631365	0.8624291083441382		0.0	0.5236357950695784
HGNC:17075	TAB2	ENSG00000055208	TAB2	257	35		0.65618191874625	0.9851386395372033	5	False	False	MEDIUM	0.9668198060234813	0.5170993886125037	0.8111286734140148		0.09574284940196291	0.8329337572314588
HGNC:9024	PKP2	ENSG00000057294	PKP2	217	69		0.578716477916537	0.9329742669060442	6	False	False	MEDIUM	0.4558448187850944	0.6136239045332537	0.8688633188119985	0.5	0.12374583770813354	0.9395423984989837
HGNC:3544	F7	ENSG00000057593	F7	485	68		0.3251390251736168	0.32480550568521843	6	False	False	LOW	0.4931087289433384	0.4818758532189505	0.8676140582743934	0.0	0.0	0.0
HGNC:11609	TBXAS1	ENSG00000059377	TBXAS1	94	38	syscilia	0.3811798130326634	0.46529024536205865	6	False	False	LOW	0.5395610005104644	0.7527794520488977	0.8180781501386063	0.0	0.0	0.0
HGNC:1509	CASP8	ENSG00000064012	CASP8	979	104		0.5271552539355884	0.8460502692998204	6	False	False	MEDIUM	0.7294538029606942	0.526742794063801	0.9040666547976355	0.0	0.0	0.9353729087402929
HGNC:9987	RFXANK	ENSG00000064490	RFXANK	39	14		0.3526316956361839	0.3915320167564333	6	False	False	LOW	0.6197039305768248	0.5921155744304627	0.7351186308981763	0.0	0.0	0.0
HGNC:8028	NTHL1	ENSG00000065057	NTHL1	99	39		0.5051431624570891	0.7952822661081189	5	False	False	MEDIUM	0.3149566105155691	0.6329720864036529	0.8202762956339098		0.06382856626797527	0.714468129462657
HGNC:16740	ZBTB11	ENSG00000066422	ZBTB11	44	10		0.41355304487023314	0.547177338918811	6	False	False	MEDIUM	0.6692189892802449	0.653180747774281	0.44819032577316786	0.0	0.047871424700981456	0.49775889925470373
HGNC:3330	EML1	ENSG00000066629	EML1	40	31	syscilia	0.6488599326775336	0.982296030321165	5	False	True	MEDIUM	0.8453292496171515	0.5696236965728467	0.6009025018034262		0.22339998193791344	0.9659665398446865
HGNC:15772	ARFGEF1	ENSG00000066777	ARFGEF1	87	40	syscilia	0.5519884186617816	0.8952722920406941	6	False	False	MEDIUM	0.9076059213884634	0.6257527189354306	0.8224201603463086	0.0	0.0	0.8130244436337103
HGNC:3647	FECH	ENSG00000066926	FECH	169	36	usher	0.5518076581805285	0.8947237183323359	5	False	False	MEDIUM	0.6503318019397651	0.5387058843317746	0.813507510149206		0.0	0.7280189711784021
HGNC:8925	PHKA1	ENSG00000067177	PHKA1	56	14		0.44832476988005115	0.6438260522641133	5	False	False	MEDIUM		0.660414007425428	0.7351186308981763	0.0	0.0	0.775394798561526
HGNC:29478	ROGDI	ENSG00000067836	ROGDI	31	16	syscilia	0.5295900189915398	0.8516357470576501	5	False	False	MEDIUM	0.33129147524247066	0.9331606022513285	0.5459855589921536		0.0	0.7690884453015062
HGNC:13254	FTSJ1	ENSG00000068438	FTSJ1	67	34	syscilia	0.4639026100632921	0.6861160981448234	5	False	True	MEDIUM		0.5394140655991283	0.8086828184513133	0.0	0.14820534127399157	0.7980403398134154
HGNC:9879	RASGRP2	ENSG00000068831	RASGRP2	47	28	syscilia	0.3488782900612414	0.38285457809694795	6	False	False	LOW	0.6023481368044922	0.5477765182296069	0.792355727029477	0.0	0.0	0.0
HGNC:9726	PYGM	ENSG00000068976	PYGM	104	21		0.47900987302879194	0.7284560143626571	5	False	False	MEDIUM	0.5288412455334354	0.516798618066497	0.7683708261338531		0.0	0.5518319695627247
HGNC:163	ACTN1	ENSG00000072110	ACTN1	358	77		0.625503089682626	0.9725713145820866	6	False	False	MEDIUM	0.8637059724349156	0.6802275431410109	0.8782586504992915	0.3	0.0	0.9331839266169802
HGNC:92	ACADVL	ENSG00000072778	ACADVL	143	40		0.46333703585994457	0.6839716736485139	6	False	False	MEDIUM	0.52475752935171	0.6494245638780972	0.8224201603463086	0.0	0.0	0.700917287746912
HGNC:6631	LMAN1	ENSG00000074695	LMAN1	198	41		0.48195215394835905	0.7365848793137841	6	False	False	MEDIUM	0.6717713118938232	0.5354596722005436	0.8245123606064666	0.0	0.0	0.7788606869234378
HGNC:10910	SLC12A1	ENSG00000074803	SLC12A1	77	29		0.43619472954579747	0.6108617594254937	6	False	False	MEDIUM	0.5242470648289944	0.5738095909993397	0.7952991312588615	0.0	0.0	0.6485901912753427
HGNC:93	ACAT1	ENSG00000075239	ACAT1	177	40		0.48997193485850604	0.7562836624775583	6	False	False	MEDIUM	0.635017866258295	0.630923961970574	0.8224201603463086	0.0	0.0	0.756136967738573
HGNC:18234	MOCOS	ENSG00000075643	MOCOS	31	16	syscilia	0.2671036956912305	0.18796130061839217	6	False	False	LOW	0.41245533435426235	0.3635739748577751	0.7459855589921536	0.0	0.0	0.0
HGNC:9067	PLD1	ENSG00000075651	PLD1	210	46		0.46391595103150396	0.6861659684819469	6	False	False	MEDIUM	0.6988259315977539	0.3430996908935835	0.8342779363918444	0.0	0.047871424700981456	0.8213894824620838
HGNC:24502	WDR62	ENSG00000075702	WDR62	110	24		0.5199457563447121	0.8303411131059246	6	False	True	MEDIUM	0.6564573762123532	0.5683014765490269	0.5794695891037083	0.0	0.2732638955124275	0.9805597540001043
HGNC:9788	RAB7A	ENSG00000075785	RAB7A	370	90		0.5900141767814153	0.9459405545581488	6	False	False	MEDIUM	0.9127105666156201	0.6452872391672784	0.8916423376917433	0.0	0.0	0.9644550998071612
HGNC:30521	SLC46A1	ENSG00000076351	SLC46A1	94	52	usher	0.49684956518796464	0.7748354278874925	6	False	False	MEDIUM	0.6472690148034711	0.7208155026760358	0.844709118981817	0.0	0.0	0.6435086256319383
HGNC:14214	CIC	ENSG00000079432	CIC	134	22		0.5228950085084018	0.8376221823259525	6	False	False	MEDIUM	0.8979070954568656	0.6922501302768651	0.7722302219280712	0.0	0.0	0.5935268671496325
HGNC:6621	LIPE	ENSG00000079435	LIPE	114	36		0.4123044650929294	0.543836026331538	6	False	False	MEDIUM	0.5890760592138845	0.5176291271500894	0.813507510149206	0.0	0.0	0.45958200865169124
HGNC:2321	CPOX	ENSG00000080819	CPOX	87	33		0.4322777889665642	0.5993915818870935	6	False	False	MEDIUM	0.6115364982133741	0.5468848038748843	0.8061660593528388	0.0	0.06382856626797527	0.46729556470526923
HGNC:9666	PTPRC	ENSG00000081237	PTPRC	351	117		0.47665238015707817	0.7210752044683822	6	False	False	MEDIUM	0.8759571209800918	0.3955257347534123	0.9142009025145881	0.0	0.0	0.5681711575545942
HGNC:20043	GEMIN5	ENSG00000082516	GEMIN5	155	39		0.45401987113598985	0.658787153401157	6	False	False	MEDIUM	0.5916283818274629	0.41802182950739997	0.8202762956339098	0.0	0.047871424700981456	0.8124511387918903
HGNC:987	BCKDHB	ENSG00000083123	BCKDHB	75	22		0.40032726407654445	0.5127668063036106	6	False	False	MEDIUM	0.4206227667177131	0.486511497528019	0.7722302219280712	0.0	0.0	0.6871058529212488
HGNC:8527	OXCT1	ENSG00000083720	OXCT1	75	25	syscilia	0.5728114316022741	0.9262916417314981	6	False	False	MEDIUM	0.7539561000510463	0.8251873510564429	0.7828748141529693	0.0	0.0	0.9303434617188722
HGNC:2584	CYLD	ENSG00000083799	CYLD	348	80		0.5611062345435966	0.9101835228406144	6	False	False	MEDIUM	0.8693210821847881	0.5377234066362517	0.8815353453852885	0.0	0.0	0.9831135664773024
HGNC:24537	CHMP2B	ENSG00000083937	CHMP2B	141	79		0.4442974293424637	0.6336525034909236	6	False	False	MEDIUM	0.4573762123532414	0.5095183243334752	0.880456795994595	0.0	0.0	0.7923333507062074
HGNC:1424	CAD	ENSG00000084774	CAD	298	82		0.5280126481014394	0.8476959904248953	6	False	False	MEDIUM	0.8111281265952015	0.36100099051963963	0.8836530627975563	0.0	0.09574284940196291	0.9778495856569552
HGNC:7450	MTMR2	ENSG00000087053	MTMR2	71	57	syscilia	0.4078329460221382	0.5321164971075204	6	False	False	MEDIUM	0.5655946911689638	0.47793057231321423	0.8525362273901622	0.0	0.0	0.47498306144785535
HGNC:14388	GP6	ENSG00000088053	GP6	221	29		0.2581784836136309	0.17000797925393976	6	False	False	LOW	0.13476263399693722	0.5117840109260896	0.7952991312588615	0.0	0.06382856626797527	0.0
HGNC:25302	COQ9	ENSG00000088682	COQ9	37	20	usher	0.4458652021864187	0.6377418711350489	6	False	False	MEDIUM	0.5798876978050026	0.6043074145029257	0.7643318602457814	0.0	0.0	0.6291760045864387
HGNC:3529	F11	ENSG00000088926	F11	239	35		0.3034410209203152	0.26910033911829245	6	False	False	LOW	0.4538029606942317	0.4550556388468331	0.8111286734140148	0.0	0.0	0.0
HGNC:1480	CAPN3	ENSG00000092529	CAPN3	159	83		0.5291809698017081	0.8502892479553161	5	False	False	MEDIUM	0.5625319040326696	0.6835580758863008	0.8846928609671518		0.0	0.45254599468390055
HGNC:18539	STX1B	ENSG00000099365	STX1B	39	60		0.630277543307361	0.9747157390783961	6	False	False	MEDIUM	0.864726901480347	0.9845048060802815	0.8569147404823327	0.0	0.0	0.879293271485902
HGNC:4846	HCN2	ENSG00000099822	HCN2	67	58	usher	0.6470154555946698	0.9817973269499302	5	False	True	MEDIUM	0.6998468606431852	0.9355728442557936	0.8540204021539028		0.15427797311454258	0.47756293323604526
HGNC:4838	SERPIND1	ENSG00000099937	SERPIND1	69	16		0.2775072777206006	0.21000398962696987	6	False	False	LOW	0.3905053598774884	0.4375418594813992	0.7459855589921536	0.0	0.0	0.0
HGNC:9453	PRODH	ENSG00000100033	PRODH	96	21		0.4350825059490772	0.6076201875124676	5	False	False	MEDIUM		0.8158669352064996	0.7683708261338531	0.0	0.0	0.46424662531922656
HGNC:7737	NEFH	ENSG00000100285	NEFH	100	39		0.5931230731823183	0.948982645122681	5	False	False	MEDIUM	0.37366003062787134	0.8689960260062022	0.8202762956339098		0.0	0.8838797102204617
HGNC:618	APOL1	ENSG00000100342	APOL1	318	23		0.4087026838388067	0.534460402952324	5	False	False	MEDIUM	0.3113833588565595	0.3917124138559967	0.7759253374283779		0.0	0.6025955073747851
HGNC:2436	CSF2RB	ENSG00000100368	CSF2RB	116	32		0.3213777302540667	0.3149810492718931	6	False	False	LOW	0.7590607452782031	0.2451472844025127	0.8035741621194901	0.0	0.0	0.0
HGNC:17082	MLC1	ENSG00000100427	MLC1	85	45	syscilia	0.5279094584668926	0.8473967684021544	6	False	False	MEDIUM	0.5242470648289944	0.9817176770069135	0.6324107222887565	0.0	0.0	0.8790326783759838
HGNC:9725	PYGL	ENSG00000100504	PYGL	121	31		0.4694895548028586	0.702423698384201	6	False	False	MEDIUM	0.48494129657988766	0.6835278863791726	0.8009025018034261	0.0	0.0	0.7710689529368844
HGNC:19714	DDHD1	ENSG00000100523	DDHD1	41	11	syscilia	0.6163688875548409	0.9683822062637143	5	False	False	MEDIUM	0.7447677386421644	0.65872289052468	0.7157448370676927		0.0	0.9056913535206129
HGNC:7797	NFKBIA	ENSG00000100906	NFKBIA	719	47		0.5582109828947328	0.9053959704767605	6	False	False	MEDIUM	0.7947932618683	0.7416870952361001	0.8361058377890631	0.0	0.0	0.8366602387032887
HGNC:11919	CD40	ENSG00000101017	CD40	626	65		0.5909962284263959	0.9467384799521245	5	False	False	MEDIUM	0.6891271056661562	0.6959510288112507	0.8637546624801753		0.0	0.6384531192995258
HGNC:11408	STK4	ENSG00000101109	STK4	243	65		0.5324536636176305	0.8585178535806902	6	False	False	MEDIUM	0.7207759060745277	0.5832219038327828	0.8637546624801753	0.0	0.030349765202860837	0.9169229165580862
HGNC:16257	TUBB1	ENSG00000101162	TUBB1	88	31		0.4450723401457589	0.6358467983243566	6	False	False	MEDIUM	0.2103113833588565	0.3988225471830014	0.8009025018034261	0.5	0.0	0.8540678584458227
HGNC:1958	CHRNA4	ENSG00000101204	CHRNA4	219	70		0.45351123054338344	0.6571913026132057	5	False	False	MEDIUM	0.5941807044410414	0.6806708813107322	0.8700948587434747		0.0	0.0
HGNC:10702	SEC23B	ENSG00000101310	SEC23B	154	20		0.4442824020678517	0.6335527628166766	6	False	False	MEDIUM	0.521694742215416	0.5771706713707359	0.7643318602457814	0.0	0.0	0.7323969354250274
HGNC:14988	POFUT1	ENSG00000101346	POFUT1	78	18		0.5308631933149	0.8548274486335528	6	True	False	MEDIUM	0.6927003573251659	0.4307857195615429	0.7556424032549565	0.6	0.0	0.6854641163287643
HGNC:14450	LPIN2	ENSG00000101577	LPIN2	44	26	syscilia	0.38155710078877264	0.4663375224416517	6	False	False	LOW	0.7228177641653905	0.5953541079992479	0.7861515090389664	0.0	0.0	0.0
HGNC:3551	F9	ENSG00000101981	F9	302	41		0.2907804203413107	0.23738280470775983	4	False	False	LOW		0.32665209565440984	0.8245123606064666		0.0	0.0
HGNC:3319	ELF4	ENSG00000102034	ELF4	52	34	syscilia	0.19567623125366881	0.07839616995810891	5	False	False	EXCLUDED		0.3261928111761903	0.6086828184513133	0.0	0.0	0.0
HGNC:28880	MAGT1	ENSG00000102158	MAGT1	132	25		0.541390232492724	0.8759226012367843	4	False	False	MEDIUM		0.6704011818344917	0.7828748141529693		0.0	0.6692812842028457
HGNC:11935	CD40LG	ENSG00000102245	CD40LG	548	46		0.29929638070714387	0.25827847596249753	5	False	False	LOW		0.23746185189707297	0.8342779363918444	0.0	0.0	0.44535362485015895
HGNC:16353	MAGED2	ENSG00000102316	MAGED2	189	11		0.4470231497489646	0.6404348693397167	5	False	False	MEDIUM		0.632564265144117	0.7157448370676927	0.0	0.0	0.8249596080679626
HGNC:10809	SGCG	ENSG00000102683	SGCG	52	18		0.32327620212081304	0.32001795332136446	5	False	False	LOW	0.4287901990811639	0.37840185749107413	0.7556424032549565		0.0	0.0
HGNC:2252	CORO1A	ENSG00000102879	CORO1A	95	59		0.581419495550549	0.9366646718531817	6	False	False	MEDIUM	0.7371107708014292	0.7599852716974207	0.8554796316195468	0.0	0.047871424700981456	0.9766508573513316
HGNC:8927	PHKB	ENSG00000102893	PHKB	63	11		0.46934806177576327	0.7017753840015959	6	False	False	MEDIUM	0.6156202143950995	0.5696237080058362	0.7157448370676927	0.0	0.06382856626797527	0.7690884453015062
HGNC:28958	NUP93	ENSG00000102900	NUP93	213	26		0.6733246738656724	0.9896768402154399	5	False	True	MEDIUM	0.7534456355283307	0.5786103912674834	0.7861515090389664		0.31358151944049056	0.9396987543649347
HGNC:14124	NPRL3	ENSG00000103148	NPRL3	62	16		0.4590615750296271	0.6725513664472372	6	False	False	MEDIUM	0.6865747830525778	0.5846715561448181	0.7459855589921536	0.0	0.0	0.619429822275499
HGNC:7150	MLYCD	ENSG00000103150	MLYCD	37	46	usher	0.3443943690661121	0.3727308996608817	5	False	False	LOW	0.4252169474221541	0.4127506688149387	0.8342779363918444		0.0	0.0
HGNC:6006	IL21R	ENSG00000103522	IL21R	72	16		0.3524647575194614	0.3909335727109515	6	False	False	LOW	0.7023991832567635	0.4525640103954466	0.7459855589921536	0.0	0.06382856626797527	0.0
HGNC:3579	FAH	ENSG00000103876	FAH	69	17		0.3692029271232795	0.4360163574705765	6	False	True	LOW	0.520163348647269	0.6668973077771683	0.7509481730533296	0.0	0.12765713253595054	0.0
HGNC:5960	IKBKB	ENSG00000104365	IKBKB	649	78		0.5188804946026644	0.8273488928785159	6	False	False	MEDIUM	0.7789688616641143	0.5685592912126209	0.8793646795893528	0.0	0.0	0.7831344139260958
HGNC:15968	GDAP1	ENSG00000104381	GDAP1	115	17		0.49091059422009875	0.7588270496708558	6	False	False	MEDIUM	0.5339458907605921	0.9209676397144431	0.7509481730533296	0.0	0.0	0.581904414447282
HGNC:30242	TUSC3	ENSG00000104723	TUSC3	70	22		0.3956084866776426	0.5	5	False	False	LOW	0.39356814701378245	0.6607238302191636	0.7722302219280712		0.06382856626797527	0.0
HGNC:4706	GYS1	ENSG00000104812	GYS1	122	21		0.5232437112004212	0.8383702373828047	6	False	False	MEDIUM	0.5615109749872383	0.6877140411141026	0.7683708261338531	0.3	0.047871424700981456	0.7064158023661855
HGNC:9956	RELB	ENSG00000104856	RELB	216	44		0.37823998545041715	0.4579094354677838	6	False	False	LOW	0.7585502807554875	0.5097727960632242	0.8305024672444985	0.0	0.0	0.0
HGNC:25980	TRMT1	ENSG00000104907	TRMT1	73	30		0.45701017956373596	0.6667165370037902	6	False	True	MEDIUM	0.5303726391015825	0.5442147306613361	0.7981460128441429	0.0	0.12765713253595054	0.6881482253609215
HGNC:11948	TNNT1	ENSG00000105048	TNNT1	90	17		0.38780252580868335	0.4803510871733493	6	False	False	LOW	0.47422154160285857	0.46300175365827434	0.7509481730533296	0.0	0.0	0.584770938656382
HGNC:11391	AURKC	ENSG00000105146	AURKC	80	36	syscilia	0.5417468199966917	0.87672052663076	5	False	False	MEDIUM	0.6493108728943338	0.4716151474319606	0.613507510149206		0.0	0.9618231093969876
HGNC:392	AKT2	ENSG00000105221	AKT2	393	62		0.5778815676580242	0.9320267305006982	6	False	False	MEDIUM	0.8453292496171515	0.7258472042883434	0.8597156965921036	0.0	0.047871424700981456	0.8500547245530828
HGNC:977	BCAT2	ENSG00000105552	BCAT2	58	33	syscilia	0.319172141764308	0.30919609016556954	6	False	False	LOW	0.5043389484430831	0.48689721586382784	0.8061660593528388	0.0	0.0	0.0
HGNC:6193	JAK3	ENSG00000105639	JAK3	274	72		0.327597822716697	0.3310392978256533	6	False	False	LOW	0.5579377233282287	0.37779991123058193	0.8725067390982573	0.0	0.06382856626797527	0.0
HGNC:2227	COMP	ENSG00000105664	COMP	195	38		0.39043827689265853	0.4874825453820068	6	False	False	LOW	0.5074017355793772	0.49371735514169	0.8180781501386063	0.0	0.0	0.45001824151769426
HGNC:15598	HAMP	ENSG00000105697	HAMP	477	36		0.34386713864899054	0.3710851785358069	5	False	False	LOW	0.2725880551301684	0.5787166515161368	0.813507510149206		0.0	0.0
HGNC:8124	OGDH	ENSG00000105953	OGDH	126	44		0.5408700842045082	0.8748753241571913	6	False	False	MEDIUM	0.8330781010719754	0.5548790260919563	0.8305024672444985	0.0	0.0	0.9246885912336478
HGNC:14888	DNAJB6	ENSG00000105993	DNAJB6	226	37		0.508118389972569	0.8016157989228008	6	False	False	MEDIUM	0.6727922409392547	0.5316921601272705	0.8158229036156417	0.0	0.0	0.9656538281127848
HGNC:4162	GARS1	ENSG00000106105	GARS1	190	36	syscilia	0.5363980277994124	0.8661978854977059	6	False	False	MEDIUM	0.7100561510974986	0.641010538704755	0.813507510149206	0.0	0.07587441300715209	0.8851826757700526
HGNC:5246	HSPB1	ENSG00000106211	HSPB1	817	69		0.4358955996358457	0.6098643526830242	6	False	False	MEDIUM	0.09903011740684019	0.6929896864984337	0.8688633188119985	0.0	0.0	0.9810809402199406
HGNC:20609	AIMP2	ENSG00000106305	AIMP2	192	17		0.45455370290081715	0.660033911829244	6	False	False	MEDIUM	0.45941807044410404	0.6176407475320889	0.7509481730533296	0.0	0.0	0.8433314223171939
HGNC:11762	TFR2	ENSG00000106327	TFR2	123	34	syscilia	0.40999930383250505	0.5380510672252145	6	False	False	MEDIUM	0.6069423175089331	0.8365420878151071	0.8086828184513133	0.0	0.0	0.0
HGNC:8583	SERPINE1	ENSG00000106366	SERPINE1	1549	59		0.5259388809741773	0.8439557151406344	5	False	False	MEDIUM	0.7029096477794793	0.3546938751999263	0.8554796316195468		0.0	0.7147026632615834
HGNC:19191	DOCK8	ENSG00000107099	DOCK8	122	28	usher	0.4569832951813191	0.6666167963295432	6	False	False	MEDIUM	0.7207759060745277	0.5240641117674443	0.792355727029477	0.0	0.0	0.5944128837233543
HGNC:6617	LIPA	ENSG00000107798	LIPA	115	20		0.31486725218382416	0.2969279872331937	6	False	False	LOW	0.3231240428790199	0.6528308248877497	0.7643318602457814	0.0	0.033509997290687016	0.0
HGNC:29186	ANKRD26	ENSG00000107890	ANKRD26	83	3		0.49680121009722994	0.7746359465389986	6	False	False	MEDIUM	0.679938744257274	0.6674044672946651	0.6203610007213705	0.0	0.0	0.8951894511909105
HGNC:12511	UBTF	ENSG00000108312	UBTF	238	25		0.5692998327744402	0.9215040893676442	6	False	False	MEDIUM	0.9520163348647268	0.6946630730928967	0.7828748141529693	0.0	0.10116588400953613	0.7157189763902643
HGNC:18505	RNF43	ENSG00000108375	RNF43	92	30	syscilia	0.5892135571644629	0.9451924995012966	5	False	False	MEDIUM	0.7269014803471158	0.7629550138550215	0.7981460128441429		0.0	0.5542554854849638
HGNC:10805	SGCA	ENSG00000108823	SGCA	52	21		0.4085425008529271	0.5340115699182126	5	False	False	MEDIUM	0.39867279224093916	0.3947588445784723	0.7683708261338531		0.0	0.48879449627351856
HGNC:12765	FOXN1	ENSG00000109101	FOXN1	37	31	usher	0.39517649024477924	0.49895272292040693	5	False	False	LOW	0.8070444104134762	0.34590438376711385	0.6009025018034262		0.10116588400953613	0.0
HGNC:7794	NFKB1	ENSG00000109320	NFKB1	3393	103		0.6004575121957652	0.9566128067025733	6	False	False	MEDIUM	0.9372128637059725	0.5795979918283494	0.9032358148743398	0.0	0.10116588400953613	0.9762339083754625
HGNC:24283	KMT5B	ENSG00000110066	KMT5B	58	33	syscilia	0.5384352174837814	0.86983842010772	6	False	False	MEDIUM	0.9458907605921387	0.6491398045667909	0.8061660593528388	0.0	0.0	0.6566946369937979
HGNC:2328	CPT1A	ENSG00000110090	CPT1A	226	48		0.5167496176887231	0.8216636744464393	6	False	False	MEDIUM	0.7345584481878509	0.592737739094764	0.8378960477989184	0.0	0.06382856626797527	0.773544587481107
HGNC:3791	FOLR1	ENSG00000110195	FOLR1	171	58	usher	0.5338530320905198	0.8613604627967285	5	False	False	MEDIUM	0.6447166921898927	0.3861071773102894	0.8540204021539028		0.10116588400953613	0.6955490696825976
HGNC:5964	IL10RA	ENSG00000110324	IL10RA	158	29		0.4086249258025895	0.5343107919409535	6	False	False	MEDIUM	0.5610005104645227	0.4040667177387329	0.7952991312588615	0.0	0.06382856626797527	0.5782821702194194
HGNC:12726	VWF	ENSG00000110799	VWF	1033	40		0.5176715524734601	0.8234091362457611	5	False	False	MEDIUM	0.6937212863705972	0.44289807132663117	0.8224201603463086		0.0	0.5955594934069943
HGNC:10908	SLC11A2	ENSG00000110911	SLC11A2	141	108		0.4815928712663547	0.7353381208856972	6	False	False	MEDIUM	0.6217457886676875	0.5537978214585774	0.907312719198422	0.0	0.0	0.7359149424089227
HGNC:2606	CYP27B1	ENSG00000111012	CYP27B1	227	50		0.49698073849328556	0.7753341312587273	5	False	False	MEDIUM	0.4675855028075548	0.43349487109044066	0.8413693953384758		0.0	0.7734142909261479
HGNC:1785	CDKN1B	ENSG00000111276	CDKN1B	1107	62		0.571292677090636	0.924197087572312	6	False	True	MEDIUM	0.6094946401225114	0.7905145985045586	0.8597156965921036	0.0	0.14820534127399157	0.9340178245687184
HGNC:10599	SCNN1A	ENSG00000111319	SCNN1A	219	53		0.529835721150212	0.8521843207660084	5	False	False	MEDIUM	0.46452271567126074	0.5121746431654731	0.8463320093996518		0.0	0.8538072653359046
HGNC:4707	GYS2	ENSG00000111713	GYS2	30	26		0.5144601366766575	0.8161779373628566	5	False	False	MEDIUM	0.37876467585502804	0.6112797019693257	0.7861515090389664		0.0	0.8090634283629541
HGNC:13203	AICDA	ENSG00000111732	AICDA	275	33		0.30188501658344974	0.2650109714741672	5	False	False	LOW	0.43593670239918325	0.24245007356584908	0.8061660593528388		0.0	0.0
HGNC:2277	COX6A1	ENSG00000111775	COX6A1	43	14		0.40798021728378336	0.5325154598045083	6	False	False	MEDIUM	0.3282286881061766	0.6609132448086759	0.7351186308981763	0.0	0.0	0.6658935737739095
HGNC:17768	TDP2	ENSG00000111802	TDP2	89	36		0.45827769304145005	0.6704069419509275	6	False	False	MEDIUM	0.5063808065339458	0.4362512096958088	0.813507510149206	0.0	0.09574284940196291	0.8890915724188253
HGNC:21484	MCM9	ENSG00000111877	MCM9	48	44	syscilia	0.3105415575172953	0.2864053461001396	6	False	False	LOW	0.6013272077590607	0.478503729394042	0.6305024672444984	0.0	0.0	0.0
HGNC:1152	POPDC1	ENSG00000112276	BVES		48		0.44434363741629773	0.6338519848394175	5	False	False	MEDIUM	0.552833078101072	0.3322053450690045	0.8378960477989184	0.5	0.0	
HGNC:12771	CCN6	ENSG00000112761	CCN6	78	21		0.28871115154366533	0.23329343706363456	6	False	False	LOW	0.481368044920878	0.5359095931970588	0.5683708261338531	0.0	0.0	0.0
HGNC:7863	NNT	ENSG00000112992	NNT	107	26		0.48601775652702417	0.7459106323558747	6	False	False	MEDIUM	0.7304747320061256	0.5765923821582606	0.7861515090389664	0.0	0.0	0.7112107155886799
HGNC:6171	ITK	ENSG00000113263	ITK	129	40		0.4445356830061173	0.6343008178735289	6	False	False	MEDIUM	0.6911689637570189	0.284049761129632	0.8224201603463086	0.0	0.10116588400953613	0.7396935425027362
HGNC:7326	MSH3	ENSG00000113318	MSH3	188	32		0.4077023065896697	0.531767404747656	6	False	False	MEDIUM	0.5048494129657989	0.5172806925156077	0.8035741621194901	0.0	0.10116588400953613	0.45043519049356334
HGNC:6383	KNG1	ENSG00000113889	KNG1	201	41		0.4107129918290142	0.540095751047277	5	False	False	MEDIUM	0.7447677386421644	0.38237820617629603	0.8245123606064666		0.0	0.0
HGNC:8654	PCCB	ENSG00000114054	PCCB	127	19		0.5705958160680142	0.922950329144225	5	False	False	MEDIUM	0.5895865237366003	0.5918291374930583	0.7600957952732246		0.10116588400953613	0.7968937301297754
HGNC:24969	NPRL2	ENSG00000114388	NPRL2	78	19		0.5954515331869934	0.9518252543387193	5	False	False	MEDIUM	0.7488514548238897	0.7018427061800099	0.7600957952732246		0.06382856626797527	0.6160421118465628
HGNC:4180	GBE1	ENSG00000114480	GBE1	89	26		0.4028084267225216	0.5192998204667864	6	False	False	MEDIUM	0.4558448187850944	0.6186983440166526	0.7861515090389664	0.0	0.0	0.4665137853755147
HGNC:12858	ZAP70	ENSG00000115085	ZAP70	384	57		0.49007219323475776	0.7567823658487931	5	False	False	MEDIUM	0.7401735579377232	0.2571868961759334	0.8525362273901622		0.0	0.5947255954552562
HGNC:11362	STAT1	ENSG00000115415	STAT1	1152	103		0.5070718599021848	0.7992718930779972	6	False	False	MEDIUM	0.8922919857069933	0.4224727335812177	0.9032358148743398	0.0	0.06382856626797527	0.6603950591546359
HGNC:4331	GLS	ENSG00000115419	GLS	206	26		0.462216265909138	0.6810791940953521	6	False	False	MEDIUM	0.38999489535477283	0.8145603095780027	0.7861515090389664	0.0	0.0	0.689216657111586
HGNC:12736	WIPF1	ENSG00000115935	WIPF1	93	20		0.48636010682544645	0.7473568721324556	6	False	False	MEDIUM	0.7723328228688106	0.5671173411170836	0.7643318602457814	0.0	0.0	0.6921352999426695
HGNC:20800	SLC35D1	ENSG00000116704	SLC35D1	22	16	syscilia	0.3655187860619784	0.42644125274286854	5	False	False	LOW	0.5191424196018376	0.47482325191745545	0.7459855589921536		0.0	0.0
HGNC:2501	CTH	ENSG00000116761	CTH	120	38		0.42972741772052464	0.5930580490724118	5	False	False	MEDIUM	0.4696273608984175	0.6952841271088761	0.8180781501386063		0.06382856626797527	0.0
HGNC:89	ACADM	ENSG00000117054	ACADM	167	40		0.4354181600055843	0.6087173349291841	6	False	False	MEDIUM	0.514037774374681	0.5242829358829029	0.8224201603463086	0.0	0.0	0.6959399593474749
HGNC:5005	HMGCL	ENSG00000117305	HMGCL	76	32	syscilia	0.42999684629648877	0.5938061041292639	5	False	False	MEDIUM	0.4931087289433384	0.377297131566153	0.8035741621194901		0.0	0.4725334862146245
HGNC:6953	CD46	ENSG00000117335	CD46	255	34		0.474214918515236	0.7152403750249352	6	False	False	MEDIUM	0.6574783052577845	0.5473036436556686	0.8086828184513133	0.0	0.06382856626797527	0.6825454734976807
HGNC:663	ARG1	ENSG00000118520	ARG1	279	32		0.5437916084374539	0.8806104129263914	5	False	False	MEDIUM	0.6043899948953548	0.43736185144279494	0.8035741621194901		0.0	0.8889091572418826
HGNC:1513	CASQ2	ENSG00000118729	CASQ2	85	38	syscilia	0.3326655312986496	0.3428086973867943	5	False	False	LOW	0.34507401735579374	0.45519587805951245	0.8180781501386063		0.0	0.0
HGNC:20105	FLVCR2	ENSG00000119686	FLVCR2	30	20	syscilia	0.4167163849209642	0.5564532216237782	5	False	False	MEDIUM	0.560490045941807	0.7873056947879548	0.5643318602457814		0.0	0.0
HGNC:4572	GRIA2	ENSG00000120251	GRIA2	153	46	syscilia	0.7022165595867325	0.9951625772990226	5	False	False	MEDIUM	0.9571209800918835	0.9019753206949752	0.8342779363918444		0.0	0.6661541668838276
HGNC:6774	SMAD9	ENSG00000120693	SMAD9	79	41	syscilia	0.44931054545523896	0.6463195691202872	6	False	False	MEDIUM	0.5002552322613578	0.5496697905002956	0.8245123606064666	0.0	0.047871424700981456	0.7231198207119404
HGNC:5144	HPCA	ENSG00000121905	HPCA	38	34	usher	0.5910966497011985	0.9468880909634949	5	False	False	MEDIUM	0.7355793772332822	0.9415317186911869	0.6086828184513133		0.0	0.504716735289519
HGNC:2561	CXCR4	ENSG00000121966	CXCR4	2176	72		0.662236005457905	0.9867344903251546	5	False	True	MEDIUM	0.8131699846860643	0.42782719797022806	0.8725067390982573		0.31358151944049056	0.9119195288476573
HGNC:15975	SASH3	ENSG00000122122	SASH3	13	8	syscilia	0.3823444321018175	0.46818272491522045	5	False	False	LOW		0.7540731210186566	0.4907676726926443	0.0	0.0	0.5429718038255069
HGNC:388	AKR1D1	ENSG00000122787	AKR1D1	48	28	syscilia	0.36102168564702053	0.41367444643925794	6	False	False	LOW	0.4293006636038795	0.36359475443558753	0.792355727029477	0.0	0.06382856626797527	0.493433053630062
HGNC:2185	COL10A1	ENSG00000123500	COL10A1	98	14		0.3250180721357685	0.3244564133253541	6	False	False	LOW	0.5834609494640122	0.49029043804119804	0.7351186308981763	0.0	0.0	0.0
HGNC:12649	VAPB	ENSG00000124164	VAPB	266	52		0.5441858575627848	0.881508078994614	6	False	False	MEDIUM	0.6630934150076568	0.6598993966124178	0.844709118981817	0.0	0.047871424700981456	0.9713347579090009
HGNC:15853	ARFGEF2	ENSG00000124198	ARFGEF2	92	55		0.5526696140202966	0.8963195691202872	6	False	False	MEDIUM	0.8208269525267994	0.5671303109781052	0.8494895249815149	0.0	0.047871424700981456	0.9364934591129411
HGNC:16732	MCEE	ENSG00000124370	MCEE	21	15		0.33316220592845724	0.3443048075004987	6	False	False	LOW	0.5773353751914242	0.5329341533688063	0.7407220014427409	0.0	0.0	0.0
HGNC:3531	F13A1	ENSG00000124491	F13A1	361	23		0.41193232304951155	0.542788749251945	5	False	False	MEDIUM	0.6452271567126084	0.5235412131765322	0.7759253374283779		0.0	0.0
HGNC:20439	UPF3B	ENSG00000125351	UPF3B	141	29		0.4596102933068664	0.674097346898065	5	False	False	MEDIUM		0.7158293358585268	0.7952991312588615	0.0	0.0	0.7015166518997238
HGNC:15505	MBOAT7	ENSG00000125505	MBOAT7	131	35	syscilia	0.4659493629801122	0.6917015759026531	6	False	False	MEDIUM	0.5191424196018376	0.5038553260020107	0.8111286734140148	0.0	0.0	0.9312034189816022
HGNC:11937	CD70	ENSG00000125726	CD70	127	30		0.36486202981927884	0.42519449431478157	6	False	False	LOW	0.5267993874425727	0.35603238247362534	0.7981460128441429	0.0	0.0	0.45715849272945225
HGNC:1318	C3	ENSG00000125730	C3	756	81		0.6085625403667041	0.9635946538998603	5	False	False	MEDIUM	0.8090862685043388	0.4249772656641737	0.8826006607069938		0.06382856626797527	0.8566737895450044
HGNC:3528	F10	ENSG00000126218	F10	322	36		0.45782256977267716	0.6693596648713346	5	False	False	MEDIUM	0.5257784583971413	0.4074159205336925	0.813507510149206		0.0	0.5365612133215197
HGNC:746	ASL	ENSG00000126522	ASL	64	22		0.3408722985054194	0.36390384999002595	6	False	False	LOW	0.5421133231240427	0.583075502957001	0.7722302219280712	0.0	0.0	0.0
HGNC:14544	WNK4	ENSG00000126562	WNK4	99	57		0.5146527237275247	0.8165769000598444	5	False	False	MEDIUM	0.5456865747830525	0.5875100295312644	0.8525362273901622		0.0	0.5529004013133892
HGNC:16912	EMG1	ENSG00000126749	EMG1	104	34		0.4523003478499406	0.6538499900259326	6	False	True	MEDIUM	0.4042879019908116	0.5506825410846863	0.8086828184513133	0.0	0.12765713253595054	0.8057017772450097
HGNC:29136	KDM4B	ENSG00000127663	KDM4B	110	21		0.4051379478855762	0.5249850388988629	6	False	False	MEDIUM	0.8494129657988768	0.5999986540286145	0.7683708261338531	0.0	0.0	0.0
HGNC:4384	GNAI1	ENSG00000127955	GNAI1	270	76		0.6912063515819473	0.9931677638140833	6	True	False	MEDIUM	0.7672281776416539	0.5779738446983466	0.877138349672627	1.0	0.0	0.9373012977536874
HGNC:18149	A4GALT	ENSG00000128274	A4GALT	56	17		0.25106128175920267	0.15694195092758828	6	False	False	LOW	0.3088310362429811	0.3832642427630351	0.7509481730533296	0.0	0.0	0.0
HGNC:9802	RAC2	ENSG00000128340	RAC2	169	61		0.6794645443362006	0.9911230799920208	5	False	False	MEDIUM	0.9193466054109238	0.6586741010629189	0.8583265132048281		0.0	0.8879449627351853
HGNC:19687	EIF2AK4	ENSG00000128829	EIF2AK4	145	59		0.45520405873245307	0.6620287253141831	6	False	False	MEDIUM	0.6370597243491577	0.4717606022044828	0.8554796316195468	0.0	0.0	0.7007869911919529
HGNC:6186	IVD	ENSG00000128928	IVD	68	28		0.43743461762556923	0.6146519050468782	6	False	False	MEDIUM	0.7284328739152629	0.45884022846058103	0.792355727029477	0.0	0.06382856626797527	0.4770156877052171
HGNC:6233	KCNC1	ENSG00000129159	KCNC1	49	67	syscilia	0.49856967346776826	0.7788749251944943	6	False	False	MEDIUM	0.8713629402756509	0.9717255072780469	0.8663465597135243	0.0	0.0	0.0
HGNC:20788	RHBDF2	ENSG00000129667	RHBDF2	58	26	syscilia	0.4041962094192632	0.5229403550768004	5	False	False	MEDIUM	0.7417049515058702	0.38651530674677326	0.7861515090389664		0.0	0.0
HGNC:4136	GAMT	ENSG00000130005	GAMT	47	17		0.3248801844821463	0.3241073209654897	5	False	False	LOW	0.2761613067891781	0.5413683474699464	0.7509481730533296		0.0	0.0
HGNC:29002	FCHO1	ENSG00000130475	FCHO1	33	23	usher	0.5075834142208574	0.8006183921803312	6	False	False	MEDIUM	0.7764165390505359	0.7958201449724607	0.7759253374283779	0.0	0.0	0.5116485120133424
HGNC:6485	LAMA5	ENSG00000130702	LAMA5	169	48	syscilia	0.5473525063421547	0.8881907041691602	6	False	True	MEDIUM	0.6937212863705972	0.7916045855225684	0.8378960477989184	0.0	0.22339998193791344	0.6072861833533122
HGNC:758	ASS1	ENSG00000130707	ASS1	179	67		0.41465201837381216	0.5503191701575902	6	False	False	MEDIUM	0.44818785094435926	0.454784098905754	0.8663465597135243	0.0	0.0	0.6940376296450722
HGNC:15992	ZNF341	ENSG00000131061	ZNF341	26	15	syscilia	0.31632893233505704	0.3005186515060842	6	False	False	LOW	0.6467585502807554	0.529344610312474	0.540722001442741	0.0	0.0	0.0
HGNC:14561	ARHGEF9	ENSG00000131089	ARHGEF9	50	16		0.37093301724670014	0.4398065030919609	5	False	False	LOW		0.9242428997426855	0.7459855589921536	0.0	0.0	0.0
HGNC:11019	SLC34A1	ENSG00000131183	SLC34A1	62	63	syscilia	0.29059734365275747	0.236983842010772	6	False	False	LOW	0.36753445635528326	0.4396400102854204	0.8610830021641116	0.0	0.0	0.0
HGNC:7685	NDUFA2	ENSG00000131495	NDUFA2	68	17		0.4689716726674369	0.7008777179333733	5	False	False	MEDIUM	0.44563552833078096	0.6265211849369158	0.7509481730533296		0.0	0.4770156877052171
HGNC:6937	MCCC2	ENSG00000131844	MCCC2	139	27	usher	0.4183185727215614	0.5615399960103731	6	False	False	MEDIUM	0.599285349668198	0.44368843896437116	0.7893090246208296	0.0	0.0	0.6088497420128212
HGNC:30237	CC2D1A	ENSG00000132024	CC2D1A	113	24		0.5441713815359511	0.881408338320367	6	False	False	MEDIUM	0.7126084737110769	0.7761783736646879	0.5794695891037083	0.0	0.1113178014595326	0.9519726898420806
HGNC:9236	PPARG	ENSG00000132170	PPARG	2275	162		0.5560215858708256	0.9014063435068821	6	False	True	MEDIUM	0.7263910158244001	0.5625031976125183	0.9422501373362813	0.0	0.19467712711732457	0.8513576901026737
HGNC:17649	POPDC3	ENSG00000132429	POPDC3	23	13		0.2526514616619756	0.15953520845800917	6	False	False	LOW	0.49923430321592643	0.41217661189884336	0.4691285242601444	0.0	0.0	0.0
HGNC:5542	IGHMBP2	ENSG00000132740	IGHMBP2	78	48	syscilia	0.4156541865805268	0.5532615200478755	6	False	False	MEDIUM	0.5472179683511996	0.5905993448173236	0.6378960477989184	0.0	0.0	0.6160421118465628
HGNC:491	ANGPTL3	ENSG00000132855	ANGPTL3	163	56	usher	0.323783679718663	0.3214641930979453	5	False	False	LOW	0.4027565084226645	0.3350544506806942	0.8510262396012787		0.0	0.0
HGNC:9988	RFXAP	ENSG00000133111	RFXAP	41	13	syscilia	0.27145365574963765	0.19648912826650708	6	False	False	LOW	0.2776927003573252	0.4848577604947732	0.7291285242601444	0.0	0.06382856626797527	0.0
HGNC:5008	HMGCS2	ENSG00000134240	HMGCS2	63	60	usher	0.29621940041653916	0.2504987033712348	6	False	False	LOW	0.4834099030117407	0.3406396162989111	0.8569147404823327	0.0	0.019148569880392582	0.0
HGNC:13345	LPIN1	ENSG00000134324	LPIN1	137	38		0.45991323236383463	0.6749451426291642	6	False	False	MEDIUM	0.6197039305768248	0.5528501465321081	0.8180781501386063	0.0	0.047871424700981456	0.6367332047740658
HGNC:16783	CDC73	ENSG00000134371	CDC73	268	34		0.536758618213603	0.8669958108916817	6	False	True	MEDIUM	0.8055130168453292	0.5251655407370771	0.8086828184513133	0.0	0.13439207976021025	0.8610778131026215
HGNC:2988	DOCK2	ENSG00000134516	DOCK2	109	29		0.5557642102603263	0.9006582884500299	5	False	False	MEDIUM	0.8055130168453292	0.32487345634109466	0.7952991312588615		0.0	0.8468494293010893
HGNC:3036	DSC2	ENSG00000134755	DSC2	131	35	syscilia	0.45368074842670825	0.6575902653101935	6	False	True	MEDIUM	0.6421643695763144	0.3347305298515546	0.8111286734140148	0.0	0.2732638955124275	0.6376192213477876
HGNC:18248	ELP2	ENSG00000134759	ELP2	66	17	syscilia	0.4146212398571633	0.5502194294833433	6	False	False	MEDIUM	0.5936702399183257	0.5576031065358509	0.7509481730533296	0.0	0.0	0.47816229738885707
HGNC:26178	FHOD3	ENSG00000134775	FHOD3	35	11		0.5149033385271136	0.8173748254538201	5	False	False	MEDIUM	0.7656967840735068	0.6062195054458419	0.5157448370676927		0.06382856626797527	0.508990462292177
HGNC:12016	TPP2	ENSG00000134900	TPP2	99	25		0.5378011959442915	0.8688908837023738	6	False	False	MEDIUM	0.8968861664114344	0.6421216742385288	0.7828748141529693	0.0	0.0	0.7504560379423568
HGNC:11602	TBX3	ENSG00000135111	TBX3	135	65		0.41781768651412554	0.5594454418511869	6	False	True	MEDIUM	0.7810107197549769	0.42507557637515136	0.8637546624801753	0.0	0.31358151944049056	0.0
HGNC:28900	PNPLA8	ENSG00000135241	PNPLA8	54	39	syscilia	0.48609378129547626	0.746359465389986	6	False	False	MEDIUM	0.6702399183256763	0.5884144281242972	0.8202762956339098	0.0	0.0	0.7421431177359671
HGNC:3097	DYSF	ENSG00000135636	DYSF	174	35	syscilia	0.555951607243896	0.9011071214841412	6	False	False	MEDIUM	0.6003062787136294	0.8082833658238461	0.8111286734140148	0.0	0.09574284940196291	0.9213529994266951
HGNC:1232	EGLN1	ENSG00000135766	EGLN1	245	39		0.5392783448320456	0.8713844005585478	6	False	False	MEDIUM	0.7549770290964778	0.6459812785189091	0.8202762956339098	0.0	0.0	0.906968259759212
HGNC:5401	SP110	ENSG00000135899	SP110	74	12		0.2968011685641032	0.2517454617993218	6	False	False	LOW	0.5982644206227667	0.49372068685353615	0.522694313792284	0.0	0.0	0.0
HGNC:16650	MRPL44	ENSG00000135900	MRPL44	91	23		0.39816033855961025	0.507181328545781	6	False	False	LOW	0.41194486983154666	0.48709497447905403	0.7759253374283779	0.0	0.0	0.6797571272215562
HGNC:5228	DNAJB2	ENSG00000135924	DNAJB2	83	54	usher	0.48865039457694887	0.7528426092160383	6	False	False	MEDIUM	0.6651352730985196	0.7903526166696797	0.847925120325022	0.0	0.0	0.4690936571637046
HGNC:2895	EDAR	ENSG00000135960	EDAR	74	20		0.39951568546961896	0.5108717334929184	5	False	False	LOW	0.5467075038284839	0.530113839532079	0.7643318602457814		0.06382856626797527	0.0
HGNC:2934	DMRT1	ENSG00000137090	DMRT1	49	40	syscilia	0.41700195440962295	0.5576501097147417	5	False	False	MEDIUM	0.8014293006636038	0.35401388531756234	0.8224201603463086		0.0	0.0
HGNC:12412	TUBB2A	ENSG00000137267	TUBB2A	286	30		0.6661848553226234	0.9879812487532416	6	False	False	MEDIUM	0.8141909137314955	0.9607138881679909	0.7981460128441429	0.3	0.0	0.9765466201073644
HGNC:10019	RIPK1	ENSG00000137275	RIPK1	547	126		0.5218561365263393	0.8343806104129264	6	False	False	MEDIUM	0.7136294027565084	0.6298638761575921	0.9205825413130078	0.0	0.0	0.7671339969771199
HGNC:6772	SMAD6	ENSG00000137834	SMAD6	125	75		0.2906516392585207	0.23713345302214242	6	False	False	LOW	0.03726391015824398	0.3798479498976557	0.8760034039763271	0.0	0.047871424700981456	0.45765361963829676
HGNC:2698	DBT	ENSG00000137992	DBT	130	19		0.41696120867228925	0.5575503690404947	6	False	False	MEDIUM	0.39969372128637054	0.5389472875240506	0.7600957952732246	0.0	0.0	0.768124250794809
HGNC:17175	PLCE1	ENSG00000138193	PLCE1	190	43	syscilia	0.5191264313136461	0.828096947935368	6	False	False	MEDIUM	0.7340479836651352	0.7854878198469619	0.8285513264945383	0.0	0.0	0.6062438109136394
HGNC:952	BARD1	ENSG00000138376	BARD1	316	54		0.46849275430699894	0.6997307001795332	6	False	False	MEDIUM	0.49923430321592643	0.7671047764570185	0.847925120325022	0.0	0.0	0.586907802157711
HGNC:16882	HCN4	ENSG00000138622	HCN4	100	57		0.42216237649262106	0.5725613405146619	5	False	False	MEDIUM	0.7355793772332822	0.41920855231773574	0.8525362273901622		0.0	0.0
HGNC:1665	SCARB2	ENSG00000138760	SCARB2	147	61		0.4745503335966033	0.7160881707560343	6	False	False	MEDIUM	0.6738131699846859	0.6670527351180726	0.8583265132048281	0.0	0.06382856626797527	0.45369260436754055
HGNC:28883	PPA2	ENSG00000138777	PPA2	85	19		0.4305097208144959	0.5951526032315978	6	False	False	MEDIUM	0.368044920877999	0.5728255408100262	0.7600957952732246	0.0	0.0	0.8554750612393809
HGNC:3495	ETV6	ENSG00000139083	ETV6	328	28		0.46058248368128646	0.6769399561141033	6	False	False	MEDIUM	0.7963246554364471	0.5109554598019062	0.792355727029477	0.0	0.0	0.5351540105279616
HGNC:19125	FGD4	ENSG00000139132	FGD4	46	25	syscilia	0.5072533791710608	0.799770596449232	6	False	False	MEDIUM	0.7718223583460949	0.647652475469038	0.7828748141529693	0.0	0.0	0.706181268567259
HGNC:19331	MMAB	ENSG00000139428	MMAB	76	17		0.40739628964669505	0.530919609016557	6	False	False	MEDIUM	0.5737621235324145	0.4378007106769469	0.7509481730533296	0.0	0.0	0.6162766456454891
HGNC:29187	SETD1B	ENSG00000139718	SETD1B	75	25	syscilia	0.5441576306739105	0.8813085976461201	6	False	False	MEDIUM	0.964267483409903	0.6819837806927102	0.7828748141529693	0.0	0.0	0.6498410382029499
HGNC:1713	CDAN1	ENSG00000140326	CDAN1	39	15	syscilia	0.2819528275563103	0.21927987233193696	6	False	False	LOW	0.5763144461459928	0.427908190553503	0.540722001442741	0.0	0.0	0.0
HGNC:30922	LINS1	ENSG00000140471	LINS1	20	1		0.29056973408482306	0.23683423099940157	6	False	False	LOW	0.5824400204185809	0.5974018500340388	0.3001805003606852	0.0	0.06382856626797527	0.0
HGNC:4208	GCSH	ENSG00000140905	GCSH	35	13		0.31401282690016596	0.29513265509674846	6	False	False	LOW	0.36957631444614597	0.6536414268595756	0.7291285242601444	0.0	0.0	0.0
HGNC:5432	IFNAR1	ENSG00000142166	IFNAR1	209	33		0.375946794848876	0.45252343905844805	5	False	True	LOW	0.2572741194486983	0.5898673688064022	0.8061660593528388		0.19467712711732457	0.0
HGNC:11179	SOD1	ENSG00000142168	SOD1	1328	117		0.4746265150268918	0.7162377817674047	6	False	False	MEDIUM	0.24706482899438487	0.6521071530416858	0.9142009025145881	0.0	0.10116588400953613	0.9499140042737271
HGNC:3534	F13B	ENSG00000143278	F13B	79	9		0.331354843397955	0.34026531019349693	5	False	False	LOW	0.5655946911689638	0.31772692208794034	0.6999152949125393		0.0	0.0
HGNC:29456	TOR1AIP1	ENSG00000143337	TOR1AIP1	141	18		0.4973884984177949	0.7764811490125674	6	False	False	MEDIUM	0.7023991832567635	0.6059910029251053	0.7556424032549565	0.0	0.0	0.8157606712878511
HGNC:30740	TARS2	ENSG00000143374	TARS2	90	20		0.450811474680871	0.6499102333931778	6	False	False	MEDIUM	0.6324655436447166	0.5650664974043009	0.7643318602457814	0.0	0.0	0.6443685828946683
HGNC:9986	RFX5	ENSG00000143390	RFX5	73	23	syscilia	0.44491648176330106	0.6355475763016158	6	False	False	MEDIUM	0.5768249106687084	0.5497023260558225	0.7759253374283779	0.0	0.0	0.6881482253609215
HGNC:9020	PKLR	ENSG00000143627	PKLR	143	30		0.4573723947111103	0.6679134250947536	6	False	False	MEDIUM	0.5599795814190913	0.5765712094955873	0.7981460128441429	0.0	0.0	0.7356022306770209
HGNC:652	ARF1	ENSG00000143761	ARF1	292	41		0.5519668816733975	0.8952224217035707	6	False	False	MEDIUM	0.8938233792751402	0.5539340620558068	0.8245123606064666	0.0	0.047871424700981456	0.8770521707406056
HGNC:1445	CALM2	ENSG00000143933	CALM2	230	84		0.6992586913142692	0.9947137442649112	5	False	False	MEDIUM	0.8861664114344052	0.6835103411044279	0.8857203535440079		0.0	0.9838432271850732
HGNC:17085	EXOC6B	ENSG00000144036	EXOC6B	40	12	syscilia	0.4922148964801645	0.7614701775384002	6	False	False	MEDIUM	0.6896375701888718	0.6683683319727565	0.522694313792284	0.0	0.0	0.948063793193308
HGNC:20661	SLC25A26	ENSG00000144741	SLC25A26	25	18	syscilia	0.294568443959066	0.24700777977259125	6	False	False	LOW	0.4538029606942317	0.4523074566598808	0.7556424032549565	0.0	0.0	0.0
HGNC:473	AMT	ENSG00000145020	AMT	40	19	syscilia	0.4795220989567287	0.7300518651506084	6	False	True	MEDIUM	0.6176620724859622	0.7375310788148033	0.7600957952732246	0.0	0.12765713253595054	0.502136863501329
HGNC:3261	EIF2B5	ENSG00000145191	EIF2B5	126	47		0.5567876272780665	0.9028027129463395	6	False	False	MEDIUM	0.7585502807554875	0.6516045097244998	0.8361058377890631	0.0	0.06382856626797527	0.9317767238234221
HGNC:493	ANK2	ENSG00000145362	ANK2	137	88		0.6332594626386066	0.9763115898663475	6	False	False	MEDIUM	0.8892291985706993	0.9631043859634503	0.8897128780779748	0.0	0.04467999638758269	0.8175587637462866
HGNC:25126	NAF1	ENSG00000145414	NAF1	73	37	syscilia	0.453558042692733	0.6573409136245761	6	False	False	MEDIUM	0.6605410923940785	0.5500960727162747	0.6158229036156417	0.0	0.0	0.7937144941887737
HGNC:29634	MEGF10	ENSG00000145794	MEGF10	37	39	usher	0.3893764286790689	0.4847895471773389	6	False	False	LOW	0.6590096988259315	0.7747937981429991	0.6202762956339098	0.0	0.06382856626797527	0.0
HGNC:6354	KLHL3	ENSG00000146021	KLHL3	64	39	syscilia	0.6346093893443798	0.9768102932375823	5	False	False	MEDIUM	0.827462991322103	0.8949966448114378	0.8202762956339098		0.0	0.4792307291395216
HGNC:3236	EGFR	ENSG00000146648	EGFR	6678	136		0.6204426651633282	0.9697287053660483	6	False	False	MEDIUM	0.782542113323124	0.42803695578534584	0.9271631223287615	0.5	0.10116588400953613	0.9938500026059311
HGNC:14287	NLGN4X	ENSG00000146938	NLGN4X	75	59	usher	0.47445419941661554	0.7156892080590465	4	False	False	MEDIUM		0.9003664243893403	0.8554796316195468		0.0	0.0
HGNC:7373	MSN	ENSG00000147065	MSN	329	74		0.574125386060202	0.9277877518452025	5	False	False	MEDIUM		0.8820480845378826	0.8748534254500304	0.0	0.06382856626797527	0.9472559545525616
HGNC:6010	IL2RG	ENSG00000147168	IL2RG	172	56	usher	0.25496713695145085	0.1637741871135049	5	False	False	LOW		0.3815988681048446	0.8510262396012787	0.0	0.0	0.0
HGNC:13128	ZNF711	ENSG00000147180	ZNF711	43	17	syscilia	0.3675195612777665	0.4319269898264512	5	False	False	LOW		0.5328638839665059	0.7509481730533296	0.0	0.0	0.4986709751394173
HGNC:23483	DOCK11	ENSG00000147251	DOCK11	39	17	syscilia	0.4569464370302136	0.6664671853181727	4	False	False	MEDIUM		0.4289459379112102	0.7509481730533296		0.06382856626797527	0.5933965705946735
HGNC:6954	MCPH1	ENSG00000147316	MCPH1	153	9		0.48065114774774625	0.7327448633552763	5	False	False	MEDIUM	0.38489025012761613	0.4655329137499903	0.6999152949125393		0.10116588400953613	0.7887111064783447
HGNC:7785	NFIB	ENSG00000147862	NFIB	128	57		0.5675128117093098	0.9189607021743467	6	False	False	MEDIUM	0.9683511995916283	0.7034121359685752	0.8525362273901622	0.0	0.06382856626797527	0.6380361703236567
HGNC:18688	CRB2	ENSG00000148204	CRB2	35	52		0.7039350664074491	0.9953620586475165	5	False	True	HIGH	0.44104134762634	0.8648752261164612	0.844709118981817		0.5729408666699758	0.8300932923333507
HGNC:25135	LRSAM1	ENSG00000148356	LRSAM1	77	21		0.4779348012645012	0.7254139237981249	6	False	True	MEDIUM	0.5380296069423175	0.7886550099541672	0.7683708261338531	0.0	0.1770402970166882	0.47190806275082087
HGNC:4335	GLUD1	ENSG00000148672	GLUD1	276	37		0.5374763673605099	0.8680929583083982	6	False	False	MEDIUM	0.7616130678917814	0.6911361771165847	0.8158229036156417	0.0	0.0	0.8303538854432689
HGNC:11641	TCF7L2	ENSG00000148737	TCF7L2	854	66		0.5607587671847871	0.9095352084580092	6	False	True	MEDIUM	0.8953547728432873	0.6334436043078462	0.8650602827142928	0.0	0.1770402970166882	0.6578933652994216
HGNC:103	CNNM2	ENSG00000148842	CNNM2	63	14		0.5316884143855246	0.8570716138041093	6	False	True	MEDIUM	0.8734047983665135	0.6986708939941332	0.5351186308981764	0.0	0.2593593472294852	0.6540105279616407
HGNC:23151	FERMT3	ENSG00000149781	FERMT3	103	33	usher	0.496672435158424	0.7741372431677638	6	False	False	MEDIUM	0.8172537008677896	0.41358431087564207	0.8061660593528388	0.0	0.0	0.863866159378746
HGNC:6903	MAT1A	ENSG00000151224	MAT1A	81	20		0.45492781644009217	0.6612307999202075	5	False	False	MEDIUM	0.6865747830525778	0.3208611635649937	0.7643318602457814		0.0	0.47034450409131184
HGNC:87	ACAD8	ENSG00000151498	ACAD8	32	14		0.4043344201433956	0.5231897067624177	5	False	False	MEDIUM	0.5171005615109749	0.6499817509248241	0.7351186308981763		0.0	0.0
HGNC:9752	QDPR	ENSG00000151552	QDPR	80	18		0.5457586379300859	0.8853979652902454	6	False	False	MEDIUM	0.5334354262378764	0.8920017601541435	0.7556424032549565	0.0	0.12374583770813354	0.8584197633814562
HGNC:18871	MMAA	ENSG00000151611	MMAA	27	25		0.3359620246666005	0.35263315380011967	6	False	False	LOW	0.4298111281265952	0.6628428845916803	0.7828748141529693	0.0	0.0	0.0
HGNC:7979	NR3C2	ENSG00000151623	NR3C2	294	33		0.5226306199530597	0.8369738679433473	6	False	False	MEDIUM	0.8831036242981112	0.6732046776560554	0.8061660593528388	0.0	0.0	0.6029603377286704
HGNC:17642	DCLRE1C	ENSG00000152457	DCLRE1C	102	26		0.36376247264404904	0.42145421903052066	6	False	False	LOW	0.5972434915773353	0.631955239863685	0.7861515090389664	0.0	0.0	0.0
HGNC:2852	DGKE	ENSG00000153933	DGKE	79	34		0.48394328587282365	0.740624376620786	6	False	False	MEDIUM	0.5176110260336906	0.7032781803034298	0.8086828184513133	0.0	0.0	0.7897534789180174
HGNC:25118	OTULIN	ENSG00000154124	OTULIN	92	39	syscilia	0.45587663058353517	0.6638240574506283	6	False	False	MEDIUM	0.7437468095967329	0.48210499588539435	0.8202762956339098	0.0	0.0	0.5844321676134883
HGNC:20582	CYP2U1	ENSG00000155016	CYP2U1	33	27		0.3631205614911215	0.4196588868940754	6	False	False	LOW	0.5829504849412965	0.6406705540486886	0.7893090246208296	0.0	0.0	0.0
HGNC:11065	SLC7A7	ENSG00000155465	SLC7A7	46	20	syscilia	0.47039148195784236	0.7047177338918811	5	False	False	MEDIUM	0.5058703420112303	0.3864798157610431	0.7643318602457814		0.047871424700981456	0.6635482357846458
HGNC:3776	AFF2	ENSG00000155966	AFF2	56	21		0.43788953016905646	0.6162477558348295	4	False	False	MEDIUM		0.9209884404418915	0.5683708261338531		0.10116588400953613	0.0
HGNC:28625	NDUFAF6	ENSG00000156170	NDUFAF6	27	12		0.3359359598918596	0.35243367245162577	5	False	False	LOW	0.3940786115364982	0.491628482659692	0.7226943137922841		0.0	0.0
HGNC:8931	PHKG2	ENSG00000156873	PHKG2	56	31	syscilia	0.46705264327711704	0.6955914621982845	6	False	False	MEDIUM	0.5982644206227667	0.5547758204891042	0.8009025018034261	0.0	0.0	0.775394798561526
HGNC:319	ACAN	ENSG00000157766	ACAN	177	22		0.5407509168961915	0.8746758428086974	5	False	False	MEDIUM	0.8407350689127105	0.37537757786544906	0.7722302219280712		0.06382856626797527	0.6067128785114921
HGNC:11013	SLC30A2	ENSG00000158014	SLC30A2	48	47	usher	0.398165485720645	0.5072311988829045	6	False	False	LOW	0.6630934150076568	0.3305798450312242	0.8361058377890631	0.0	0.0	0.493433053630062
HGNC:2555	CUL4B	ENSG00000158290	CUL4B	324	60		0.48583817317453637	0.745312188310393	5	False	False	MEDIUM		0.5851040168120827	0.8569147404823327	0.0	0.0	0.9540834940324178
HGNC:397	ALAS2	ENSG00000158578	ALAS2	77	34		0.3201858482591203	0.31218831039297823	4	False	False	LOW		0.3981883244779198	0.8086828184513133		0.047871424700981456	0.0
HGNC:5433	IFNAR2	ENSG00000159110	IFNAR2	146	34		0.42687164959665486	0.5851286654697786	5	False	False	MEDIUM	0.6314446145992854	0.5762477823480129	0.8086828184513133		0.0	0.0
HGNC:10471	RUNX1	ENSG00000159216	RUNX1	935	65		0.4533825548263567	0.6568422102533413	6	False	False	MEDIUM	0.7274119448698315	0.4046356043512344	0.8637546624801753	0.0	0.09574284940196291	0.553656121332152
HGNC:2707	ACE	ENSG00000159640	ACE	2770	98		0.4733938290020695	0.7125473768202673	6	False	False	MEDIUM	0.6191934660541092	0.3948163660140042	0.898957998465812	0.0	0.0	0.9049877521238339
HGNC:27089	CARMIL2	ENSG00000159753	CARMIL2	39	32	syscilia	0.6247813307081438	0.9721224815479753	5	False	False	MEDIUM	0.6687085247575293	0.8625757806812934	0.60357416211949		0.10116588400953613	0.7939750872986918
HGNC:1449	CALM3	ENSG00000160014	CALM3	255	94		0.6863717053121066	0.9924695790943546	5	False	False	MEDIUM	0.7452782031648799	0.7625425815336108	0.8953771978068106		0.0	0.9836347526971387
HGNC:4057	G6PD	ENSG00000160211	G6PD	560	50		0.4745202781153669	0.7158886894075404	5	False	False	MEDIUM		0.517609036939204	0.8413693953384758	0.0	0.07587441300715209	0.9233856256840569
HGNC:2482	CSTB	ENSG00000160213	CSTB	168	28		0.4102932398512267	0.5386495112706962	6	False	True	MEDIUM	0.24400204185809082	0.5333379827405145	0.792355727029477	0.0	0.14820534127399157	0.758273831239902
HGNC:1366	ADAMTS13	ENSG00000160323	ADAMTS13	539	46		0.3428831303344291	0.3688410133652503	6	False	False	LOW	0.5569167942827973	0.5317904050954646	0.8342779363918444	0.0	0.0	0.0
HGNC:1675	CD3G	ENSG00000160654	CD3G	124	37		0.34776105665786594	0.38041093157789746	6	False	False	LOW	0.4507401735579377	0.33280136142498734	0.8158229036156417	0.0	0.0	0.4578620941262313
HGNC:24671	FLAD1	ENSG00000160688	FLAD1	66	30	syscilia	0.46154450226206567	0.6794833433074008	6	False	False	MEDIUM	0.6579887697805002	0.5615349266379518	0.7981460128441429	0.0	0.0	0.6527857403450253
HGNC:1962	CHRNB2	ENSG00000160716	CHRNB2	135	87		0.5937181680815138	0.9495810891681628	5	False	False	MEDIUM	0.45022970903522197	0.8571798593977744	0.8887318268552236		0.06382856626797527	0.6686298014280503
HGNC:31928	NBEAL2	ENSG00000160796	NBEAL2	36	12		0.39833741415118495	0.5078795132655097	5	False	False	LOW	0.7018887187340479	0.44902455606427505	0.7226943137922841		0.0	0.0
HGNC:7584	MYL3	ENSG00000160808	MYL3	57	23		0.4166619707005191	0.5561539996010373	6	False	False	MEDIUM	0.6059213884635016	0.44517865699569387	0.7759253374283779	0.0	0.0	0.6003544066294887
HGNC:7908	NPHS1	ENSG00000161270	NPHS1	162	25		0.5234809888904335	0.8389686814282864	5	False	False	MEDIUM	0.5752935171005614	0.5287523545968047	0.7828748141529693		0.11115400595549367	0.6003022880075051
HGNC:17996	NAGS	ENSG00000161653	NAGS	37	18	syscilia	0.2719448120537205	0.1978854977059645	6	False	False	LOW	0.43797856049004597	0.3550136973373391	0.7556424032549565	0.0	0.0	0.0
HGNC:25716	COA7	ENSG00000162377	COA7	49	10		0.40945592770127365	0.536754438460004	6	False	False	MEDIUM	0.5773353751914242	0.4711020349594257	0.7081903257731679	0.0	0.0	0.6235993120341898
HGNC:6190	JAK1	ENSG00000162434	JAK1	524	84		0.6992263214094978	0.9946638739277878	5	False	False	MEDIUM	0.9504849412965799	0.6445918935099431	0.8857203535440079		0.06382856626797527	0.8859644550998071
HGNC:10806	SGCB	ENSG00000163069	SGCB	51	19		0.3807704152908625	0.4642429682824656	6	False	False	LOW	0.3634507401735579	0.602893204841211	0.7600957952732246	0.0	0.0	0.4899150466461667
HGNC:21732	ANTXR2	ENSG00000163297	ANTXR2	90	14		0.47785530991165226	0.7251645721125075	5	False	False	MEDIUM	0.5513016845329249	0.5787108710847183	0.7351186308981763		0.0	0.466044717777662
HGNC:22954	POGLUT1	ENSG00000163389	POGLUT1	46	28	syscilia	0.3479438243889149	0.3807600239377618	6	False	False	LOW	0.599285349668198	0.47029256399711694	0.792355727029477	0.0	0.10116588400953613	0.0
HGNC:799	ATP1A1	ENSG00000163399	ATP1A1	432	87		0.7888154800085518	0.9996509076401356	5	False	True	HIGH	0.9367023991832567	0.850309156166065	0.8887318268552236		0.2250167460284938	0.9735237400323136
HGNC:20751	WDFY3	ENSG00000163625	WDFY3	65	25	syscilia	0.40235767987827187	0.5181528027129464	6	False	False	MEDIUM	0.9213884635017865	0.6532438252748455	0.5828748141529694	0.0	0.0	0.0
HGNC:399	ALB	ENSG00000163631	ALB	784	42		0.4818701914740544	0.7361360462796729	6	False	False	MEDIUM	0.7253700867789689	0.3434201884029432	0.8265553280275233	0.0	0.0	0.9608589148902903
HGNC:4699	GYG1	ENSG00000163754	GYG1	61	26	syscilia	0.3011009527866692	0.2632655096748454	6	False	False	LOW	0.43593670239918325	0.4799544297549381	0.7861515090389664	0.0	0.0	0.0
HGNC:9399	PRKCD	ENSG00000163932	PRKCD	720	102		0.5258933711259718	0.8438559744663874	6	False	False	MEDIUM	0.8443083205717201	0.44291025903018644	0.9023969473878719	0.0	0.0	0.887267420649398
HGNC:30782	NAA15	ENSG00000164134	NAA15	132	25		0.48563620173148947	0.7448134849391582	6	False	False	MEDIUM	0.7963246554364471	0.7167789938440903	0.5828748141529694	0.0	0.0	0.6372283316829103
HGNC:6371	KLKB1	ENSG00000164344	KLKB1	92	31		0.41892597500276535	0.5632854578096947	5	False	False	MEDIUM	0.5461970393057681	0.5576870650962626	0.8009025018034261		0.10116588400953613	0.0
HGNC:11598	TBX20	ENSG00000164532	TBX20	53	77	syscilia	0.4351834965390304	0.6078196688609615	6	False	True	MEDIUM	0.8269525267993875	0.3551709951144253	0.8782586504992915	0.0	0.4467999638758269	0.0
HGNC:3606	FBP1	ENSG00000165140	FBP1	143	46		0.2732952060904567	0.20082784759624975	6	False	False	LOW	0.4558448187850944	0.2849227593733059	0.8342779363918444	0.0	0.0	0.0
HGNC:26392	PTCHD1	ENSG00000165186	PTCHD1	17	18	syscilia	0.41869561455884535	0.5626371434270896	4	False	False	MEDIUM		0.8961575201740486	0.5556424032549565		0.06382856626797527	0.0
HGNC:14270	PCDH19	ENSG00000165194	PCDH19	87	9		0.40035668686108805	0.512916417314981	5	False	False	MEDIUM		0.7260186027309958	0.6999152949125393	0.0	0.0	0.46729556470526923
HGNC:869	ATP7A	ENSG00000165240	ATP7A	214	102		0.49005085997575665	0.7566327548374226	5	False	False	MEDIUM		0.6836749775926411	0.9023969473878719	0.0	0.11115400595549367	0.688486996403815
HGNC:17342	BRWD3	ENSG00000165288	BRWD3	35	5	syscilia	0.32327168133553924	0.31996808298424095	5	False	False	LOW		0.4787887790088058	0.45556433670700736	0.0	0.0	0.6301662584041278
HGNC:10663	NEMF	ENSG00000165525	NEMF	72	22		0.45100832729506624	0.6506582884500299	6	False	False	MEDIUM	0.6743236345074016	0.6458943739333006	0.7722302219280712	0.0	0.0	0.4742012821181008
HGNC:4238	GFI1B	ENSG00000165702	GFI1B	62	22		0.3733443214448614	0.4453421105126671	6	False	False	LOW	0.6436957631444614	0.3714773502506683	0.5722302219280712	0.0	0.0	0.5631677698441653
HGNC:11051	SLC6A5	ENSG00000165970	SLC6A5	41	25	syscilia	0.43386147001569214	0.6038799122282067	5	False	False	MEDIUM	0.686064318529862	0.5706908184221028	0.7828748141529693		0.0	0.0
HGNC:8646	PCBD1	ENSG00000166228	PCBD1	64	17	syscilia	0.29117808215238306	0.23882904448434072	6	False	False	LOW	0.31546707503828486	0.5293407812326518	0.7509481730533296	0.0	0.06382856626797527	0.0
HGNC:26790	WDR72	ENSG00000166415	WDR72	34	5	syscilia	0.30079261147494263	0.26246758428086975	6	False	False	LOW	0.4696273608984175	0.2645295935786038	0.3955643367070074	0.0	0.0	0.6308438004899151
HGNC:9076	PLIN1	ENSG00000166819	PLIN1	114	14		0.2699649418742495	0.19319768601635748	6	False	False	LOW	0.40684022460438996	0.39164551159322536	0.7351186308981763	0.0	0.0	0.0
HGNC:10602	SCNN1G	ENSG00000166828	SCNN1G	139	40		0.5782215258896379	0.9323758228605625	6	False	False	MEDIUM	0.7488514548238897	0.8518990728145608	0.8224201603463086	0.0	0.0	0.8980559754000105
HGNC:2001	GREM1	ENSG00000166923	GREM1	185	68		0.5565581955864487	0.9023538799122282	5	False	False	MEDIUM	0.5829504849412965	0.5882964904829474	0.8676140582743934		0.0	0.7245530828164903
HGNC:1673	CD3D	ENSG00000167286	CD3D	127	30		0.3270752774231794	0.32994215040893676	6	False	False	LOW	0.3537519142419602	0.3401460936937405	0.7981460128441429	0.0	0.0	0.45715849272945225
HGNC:10739	SEMA6B	ENSG00000167680	SEMA6B	20	19	syscilia	0.4946495807338909	0.7687013764213046	5	False	False	MEDIUM	0.6304236855538539	0.9017651861102641	0.7600957952732246		0.0	0.0
HGNC:9075	SERPINF2	ENSG00000167711	SERPINF2	111	49		0.4170587106653806	0.5577997207261121	6	False	False	MEDIUM	0.7672281776416539	0.34305496760086934	0.8396500894643935	0.0	0.0	0.4603637879814458
HGNC:16692	CD320	ENSG00000167775	CD320	55	22		0.2802452760484583	0.21598843008178736	6	False	False	LOW	0.2904543134252169	0.4837279756700396	0.7722302219280712	0.0	0.06382856626797527	0.0
HGNC:33	ABCA3	ENSG00000167972	ABCA3	121	63		0.6076972976140754	0.9631956912028725	5	False	False	MEDIUM	0.7090352220520674	0.8841176698916071	0.8610830021641116		0.0	0.458331161724084
HGNC:15832	BSCL2	ENSG00000168000	BSCL2	135	21		0.5295649300994033	0.8515360063834031	5	False	False	MEDIUM	0.6033690658499233	0.7340893273633156	0.5683708261338531		0.10116588400953613	0.5480533694689113
HGNC:23038	LMBRD1	ENSG00000168216	LMBRD1	29	32		0.3660612539551056	0.42803710353081986	6	False	False	LOW	0.4931087289433384	0.734516919242572	0.8035741621194901	0.0	0.0	0.0
HGNC:18025	COA6	ENSG00000168275	COA6	44	17		0.34661123058044485	0.37801715539597047	6	False	False	LOW	0.4762633996937213	0.6352257702918713	0.7509481730533296	0.0	0.07780780416884557	0.0
HGNC:10583	SCN11A	ENSG00000168356	SCN11A	39	75		0.4079720125488914	0.5324655894673848	5	False	False	MEDIUM	0.6094946401225114	0.4530224328177375	0.8760034039763271		0.019148569880392582	0.0
HGNC:10802	SFTPC	ENSG00000168484	SFTPC	139	11		0.5033523289415992	0.7909435467783762	5	False	False	MEDIUM	0.5370086778968861	0.5609604500600315	0.7157448370676927		0.06382856626797527	0.6087976233908375
HGNC:4887	HJV	ENSG00000168509	HJV	94	33	usher	0.3364039546078755	0.3536305605425893	5	False	False	LOW	0.4338948443083206	0.3911974182605209	0.8061660593528388		0.0	0.0
HGNC:904	AXIN2	ENSG00000168646	AXIN2	192	56		0.5116287676026519	0.8096947935368043	6	False	False	MEDIUM	0.8759571209800918	0.5602274369586104	0.8510262396012787	0.0	0.10116588400953613	0.5437535831552613
HGNC:6024	IL7R	ENSG00000168685	IL7R	351	37		0.3781000446618989	0.45756034310791943	6	False	False	LOW	0.5712098009188361	0.2858384444516149	0.8158229036156417	0.0	0.11592554416785285	0.4461875228018971
HGNC:10801	SFTPB	ENSG00000168878	SFTPB	159	17		0.5142821135452814	0.8160781966886096	5	False	False	MEDIUM	0.5962225625319041	0.5272164550967459	0.7509481730533296		0.0	0.6653984468650649
HGNC:644	AR	ENSG00000169083	AR	2709	88		0.41356230597984195	0.5472272092559346	5	False	False	MEDIUM		0.33257617738986456	0.8897128780779748	0.0	0.0	0.8725178506280294
HGNC:18124	P2RY12	ENSG00000169313	P2RY12	239	52		0.5302133393436799	0.8532315978456014	5	False	False	MEDIUM	0.4277692700357325	0.7867725449440689	0.844709118981817		0.0	0.5404440506593006
HGNC:2340	CRADD	ENSG00000169372	CRADD	65	27		0.34034411260592623	0.36300618392180334	6	False	False	LOW	0.5099540581929556	0.5997847363710531	0.7893090246208296	0.0	0.0	0.0
HGNC:4912	HINT1	ENSG00000169567	HINT1	152	37		0.3536697364058593	0.3945741073209655	6	False	False	LOW	0.11281265952016338	0.543955497218312	0.8158229036156417	0.0	0.0	0.6662844634387867
HGNC:325	AGPAT2	ENSG00000169692	AGPAT2	60	30	syscilia	0.4332986096728367	0.6020347097546379	5	False	False	MEDIUM	0.4313425216947422	0.3462910916783033	0.7981460128441429		0.0	0.6203679574712044
HGNC:4444	GP9	ENSG00000169704	GP9	77	16		0.31673696464649004	0.30196489128266507	5	False	False	LOW		0.288796313775055	0.7459855589921536	0.0	0.0	0.55821650075572
HGNC:697	ARL6IP1	ENSG00000170540	ARL6IP1	60	23		0.45523004804401124	0.6620785956513066	6	False	True	MEDIUM	0.678407350689127	0.7922100328132959	0.5759253374283779	0.0	0.4981184715284661	0.0
HGNC:30212	TANC2	ENSG00000170921	TANC2	47	11		0.5075348162206847	0.8004687811689607	6	False	False	MEDIUM	0.937723328228688	0.601556155407004	0.5157448370676927	0.0	0.0	0.8154479595559494
HGNC:2023	CLCN5	ENSG00000171365	CLCN5	115	37		0.39158216769125126	0.4903251545980451	5	False	False	LOW		0.5083000295623686	0.8158229036156417	0.0	0.0	0.594881951321207
HGNC:3694	FGG	ENSG00000171557	FGG	349	64		0.4833452748360142	0.7394274885298224	6	False	False	MEDIUM	0.7366003062787136	0.34823100997936646	0.8624291083441382	0.0	0.0	0.9134309688851827
HGNC:3661	FGA	ENSG00000171560	FGA	424	75		0.4070023603795767	0.5297227209255935	6	False	False	MEDIUM	0.5661051556916794	0.36292993162952963	0.8760034039763271	0.0	0.033509997290687016	0.5651222181685517
HGNC:3662	FGB	ENSG00000171564	FGB	471	61		0.46554580154058794	0.6904049471374426	6	False	False	MEDIUM	0.742215416028586	0.2679921914217986	0.8583265132048281	0.0	0.0	0.8983686871319122
HGNC:29105	PLEKHG5	ENSG00000171680	PLEKHG5	33	21	syscilia	0.5348475173633639	0.8631059245960503	6	False	False	MEDIUM	0.6687085247575293	0.9658121557804202	0.7683708261338531	0.0	0.0	0.6179183822379737
HGNC:27337	ANO5	ENSG00000171714	ANO5	68	14		0.3548973504026058	0.39821464193097944	5	False	False	LOW	0.4961715160796324	0.41293182525682837	0.7351186308981763		0.06382856626797527	0.0
HGNC:4175	GATM	ENSG00000171766	GATM	63	23		0.4989921023030902	0.7802712946339517	6	False	False	MEDIUM	0.7330270546197039	0.8200777948887261	0.7759253374283779	0.0	0.0	0.479882211914317
HGNC:2519	CTPS1	ENSG00000171793	CTPS1	187	48		0.5273951743608001	0.8464991023339318	6	False	False	MEDIUM	0.8085758039816232	0.4899269557236444	0.8378960477989184	0.0	0.0	0.9467347683327253
HGNC:4839	HCFC1	ENSG00000172534	HCFC1	294	40		0.4664191977115889	0.6932974266906045	5	False	False	MEDIUM		0.6049295811510689	0.8224201603463086	0.0	0.0	0.8585761192474071
HGNC:9878	RASGRP1	ENSG00000172575	RASGRP1	67	53	syscilia	0.4631672747514258	0.6834230999401556	6	False	False	MEDIUM	0.7646758550280754	0.9164115116793143	0.8463320093996518	0.0	0.0	0.0
HGNC:29832	NADSYN1	ENSG00000172890	NADSYN1	51	19		0.44331388923951554	0.6309595052862558	6	False	False	MEDIUM	0.5456865747830525	0.46773868297087845	0.7600957952732246	0.0	0.06382856626797527	0.7802678897169959
HGNC:7648	NBEA	ENSG00000172915	NBEA	56	10		0.6053007976379172	0.9613006183921803	6	False	False	MEDIUM	0.9540581929555895	0.8889472891904606	0.7081903257731679	0.0	0.0	0.8698076822848804
HGNC:20672	PHF8	ENSG00000172943	PHF8	126	42		0.5423348542502072	0.8781667664073409	5	False	True	MEDIUM		0.7423524231686407	0.8265553280275233	0.0	0.371059338198442	0.7050346588836192
HGNC:9955	RELA	ENSG00000173039	RELA	1681	166		0.5563848163085324	0.9019549172152403	6	False	False	MEDIUM	0.8325676365492598	0.5379313219648598	0.944355018836428	0.0	0.06382856626797527	0.8737165789336531
HGNC:236	ADCY5	ENSG00000173175	ADCY5	85	35	syscilia	0.37056909997446935	0.43900857769798524	6	False	False	LOW	0.8565594691168963	0.38793952569493934	0.8111286734140148	0.0	0.0	0.0
HGNC:1242	C1QB	ENSG00000173369	C1QB	107	25		0.36357010842879695	0.42070616397366845	5	False	False	LOW	0.5109749872383869	0.44704186296927295	0.7828748141529693		0.0	0.0
HGNC:1241	C1QA	ENSG00000173372	C1QA	204	44		0.36440417392154256	0.42364851386395375	5	False	False	LOW	0.5109749872383869	0.414865901494795	0.8305024672444985		0.0	0.0
HGNC:11104	SMARCC1	ENSG00000173473	SMARCC1	293	50		0.5668659580161717	0.9182126471174945	6	False	True	MEDIUM	0.8315467075038284	0.5980675644008319	0.8413693953384758	0.0	0.18702841896264577	0.8445562099338094
HGNC:8636	PC	ENSG00000173599	PC	169	34	syscilia	0.5560028437118892	0.9013564731697586	6	False	False	MEDIUM	0.7447677386421644	0.7927568813234935	0.8086828184513133	0.0	0.0	0.8479699796737374
HGNC:11367	STAT5B	ENSG00000173757	STAT5B	328	57		0.5324760956561145	0.8586175942549371	6	False	False	MEDIUM	0.8831036242981112	0.5963035154615212	0.8525362273901622	0.0	0.0	0.7247615573044249
HGNC:24613	NRROS	ENSG00000174004	NRROS	18	25		0.3203739012319532	0.3125374027528426	5	False	False	LOW	0.5558958652373659	0.3685371043837081	0.5828748141529694		0.0	0.0
HGNC:2531	CTSF	ENSG00000174080	CTSF	39	24	usher	0.3208913738899913	0.3137342908438061	6	False	False	LOW	0.38131699846860645	0.6385376791535688	0.7794695891037082	0.0	0.0	0.0
HGNC:1377	CA5A	ENSG00000174990	CA5A	19	14		0.37695725866993923	0.4547177338918811	5	False	False	LOW	0.44053088310362426	0.595837065659691	0.7351186308981763		0.019148569880392582	0.0
HGNC:8653	PCCA	ENSG00000175198	PCCA	143	27		0.4834327724502613	0.7395770995411929	6	False	False	MEDIUM	0.5809086268504338	0.6711314958089671	0.7893090246208296	0.0	0.0	0.7641892948350446
HGNC:26624	KDF1	ENSG00000175707	KDF1	13	26		0.340080184042901	0.3621583881907042	6	False	False	LOW	0.7294538029606942	0.48346206077360465	0.5861515090389664	0.0	0.06382856626797527	0.0
HGNC:27288	ACSF3	ENSG00000176715	ACSF3	42	23	syscilia	0.3286774924341168	0.3333333333333333	6	False	False	LOW	0.19040326697294535	0.49621609247555	0.7759253374283779	0.0	0.0	0.49976546620107365
HGNC:9688	CAVIN1	ENSG00000177469	CAVIN1	169	36	usher	0.44757154220670986	0.642030720127668	6	False	False	MEDIUM	0.4624808575803981	0.5580382154209103	0.813507510149206	0.0	0.0	0.8096106738937823
HGNC:21497	ACAD9	ENSG00000177646	ACAD9	102	28	syscilia	0.46031172060753484	0.6760422900458807	6	False	False	MEDIUM	0.6227667177131189	0.5496121281511601	0.792355727029477	0.0	0.0	0.7132172825350498
HGNC:19414	DPY19L2	ENSG00000177990	DPY19L2	26	12		0.41931401923255857	0.5644324755635348	6	False	False	MEDIUM	0.6630934150076568	0.48897249347340266	0.522694313792284	0.0	0.0	0.7366446031166937
HGNC:4313	GLDC	ENSG00000178445	GLDC	70	22		0.46458118759285405	0.6882106523040096	6	False	True	MEDIUM	0.4635017866258294	0.7290056107865294	0.7722302219280712	0.0	0.2593593472294852	0.47560848491165897
HGNC:7216	MPI	ENSG00000178802	MPI	55	22		0.3974558973053256	0.5050369040494713	6	False	False	LOW	0.5518121490556406	0.45541742240329974	0.7722302219280712	0.0	0.047871424700981456	0.4866315734611977
HGNC:7067	CIITA	ENSG00000179583	CIITA	223	42		0.4851239531145348	0.7435667265110713	6	False	False	MEDIUM	0.8126595201633486	0.4383322259613623	0.8265553280275233	0.0	0.0	0.7396153645697607
HGNC:3535	F2	ENSG00000180210	F2	1489	69		0.6100090338544336	0.9646419309794534	5	False	False	MEDIUM	0.7381316998468606	0.5831990860950251	0.8688633188119985		0.0	0.8260801584406109
HGNC:18451	MCFD2	ENSG00000180398	MCFD2	54	13		0.34090555235271186	0.3640035906642729	5	False	False	LOW	0.32261357835630416	0.5793886259476129	0.7291285242601444		0.0	0.0
HGNC:26988	METTL23	ENSG00000181038	METTL23	14	30		0.271311475807836	0.19628964691801318	6	False	True	LOW	0.19040326697294535	0.47180175303116445	0.7981460128441429	0.0	0.12765713253595054	0.0
HGNC:23537	DHTKD1	ENSG00000181192	DHTKD1	50	14		0.41635503284341585	0.5550568521843208	6	False	False	MEDIUM	0.5788667687595711	0.45539362617192514	0.7351186308981763	0.0	0.0	0.6615677281492678
HGNC:26922	ERCC6L2	ENSG00000182150	ERCC6L2	26	27		0.3151605000734253	0.29752643127867545	6	False	False	LOW	0.6835119959162838	0.4503087359852205	0.5893090246208297	0.0	0.0	0.0
HGNC:18305	ATP6AP2	ENSG00000182220	ATP6AP2	182	51		0.6623323473663003	0.986784360662278	4	False	True	MEDIUM		0.6514117232590966	0.8430553145136546		0.31358151944049056	0.8449210402876948
HGNC:1529	CAV3	ENSG00000182533	CAV3	149	100		0.4309188030113129	0.5960502692998204	6	False	False	MEDIUM	0.4767738642164369	0.46633056013246443	0.9006944985392631	0.0	0.047871424700981456	0.6667535310366394
HGNC:18674	DDX41	ENSG00000183258	DDX41	179	38		0.4824317135323232	0.7375324157191303	6	False	False	MEDIUM	0.6758550280755486	0.5560721798095482	0.8180781501386063	0.0	0.0	0.755563662896753
HGNC:10820	SH2D1A	ENSG00000183918	SH2D1A	153	14		0.22460139816721464	0.1137542389786555	5	False	False	LOW		0.34706661949522644	0.7351186308981763	0.0	0.0	0.0
HGNC:23987	NDUFA12	ENSG00000184752	NDUFA12	70	19	syscilia	0.39727517988150934	0.5046379413524835	6	False	False	LOW	0.41347626339969373	0.5824064104941967	0.7600957952732246	0.0	0.0	0.5605618387449836
HGNC:21478	RFX6	ENSG00000185002	RFX6	32	37		0.38145628650865576	0.46613804109315776	5	False	False	LOW	0.686064318529862	0.3232577214201937	0.8158229036156417		0.0	0.0
HGNC:3546	F8	ENSG00000185010	F8	679	27		0.3320178690504367	0.34156193895870735	4	False	False	LOW		0.4287204528216628	0.7893090246208296		0.07780780416884557	0.0
HGNC:10799	SFTPA2	ENSG00000185303	SFTPA2	61	12		0.384739472168379	0.473967684021544	5	False	False	LOW	0.3037263910158244	0.7893956303555731	0.7226943137922841		0.0	0.0
HGNC:19383	SOCS1	ENSG00000185338	SOCS1	486	29		0.36925428726590503	0.43611609814482344	6	False	True	LOW	0.26799387442572736	0.453190306466943	0.7952991312588615	0.0	0.2593593472294852	0.44545786209412624
HGNC:11653	TCN2	ENSG00000185339	TCN2	146	23		0.3254636316129503	0.3261021344504289	6	False	False	LOW	0.5691679428279734	0.44030264363975846	0.7759253374283779	0.0	0.047871424700981456	0.0
HGNC:9823	RAD51D	ENSG00000185379	RAD51D	105	42		0.3694157021387387	0.43641532016756435	5	False	False	LOW	0.4910668708524757	0.45903336721652144	0.8265553280275233		0.0	0.0
HGNC:7976	NR2F2	ENSG00000185551	NR2F2	161	38	usher	0.4956941240092227	0.7713943746259725	6	False	False	MEDIUM	0.9193466054109238	0.43296042096196036	0.8180781501386063	0.0	0.07587441300715209	0.6075988950852139
HGNC:8996	PIP5K1C	ENSG00000186111	PIP5K1C	89	47	usher	0.5816260469115518	0.9368641532016756	6	False	True	MEDIUM	0.6503318019397651	0.7886231075838827	0.8361058377890631	0.0	0.2887402879856449	0.8340543076041069
HGNC:12261	TRDN	ENSG00000186439	TRDN	54	36	syscilia	0.27522114692634825	0.20486734490325154	6	False	False	LOW	0.3261868300153139	0.41465577403650766	0.813507510149206	0.0	0.033509997290687016	0.0
HGNC:16517	TMPRSS6	ENSG00000187045	TMPRSS6	133	28	usher	0.3667472080390525	0.4298324356672651	5	False	False	LOW	0.6018376722817764	0.36257116661208866	0.792355727029477		0.0	0.0
HGNC:21576	NHLRC1	ENSG00000187566	NHLRC1	53	29	syscilia	0.29225007672727216	0.24152204268900856	6	False	False	LOW	0.4415518121490556	0.4232242230431591	0.7952991312588615	0.0	0.0	0.0
HGNC:7687	COXFA4	ENSG00000189043	NDUFA4		19		0.3610653011150732	0.41392379812487534	5	False	False	LOW	0.15773353751914237	0.806722145765	0.7600957952732246	0.0	0.0	
HGNC:16841	LITAF	ENSG00000189067	LITAF	98	34	usher	0.4475922817718191	0.6420805904647915	6	False	False	MEDIUM	0.6339969372128637	0.5155635789470601	0.8086828184513133	0.0	0.0	0.6425183718142492
HGNC:6833	MAOA	ENSG00000189221	MAOA	652	21		0.3831545940260066	0.4702274087372831	5	False	False	LOW		0.5625189191397967	0.7683708261338531	0.0	0.0	0.5250951164851202
HGNC:3395	EPHB4	ENSG00000196411	EPHB4	201	30		0.5165364095302198	0.8213145820865749	5	False	False	MEDIUM	0.6927003573251659	0.35881489681057005	0.7981460128441429		0.09574284940196291	0.631130452910825
HGNC:186	ADA	ENSG00000196839	ADA	269	57		0.3417318567325324	0.36584879313784163	6	False	False	LOW	0.4155181214905564	0.3181993032988436	0.8525362273901622	0.0	0.0	0.4473862511075207
HGNC:2961	DYNC1H1	ENSG00000197102	DYNC1H1	376	52		0.8001006622676565	0.9998503889886295	6	True	True	HIGH	0.9657988769780499	0.7747582373638383	0.844709118981817	1.0	0.17048086602676976	0.9980716109866056
HGNC:10969	SLC22A5	ENSG00000197375	SLC22A5	200	66		0.49015346579403085	0.756981847197287	6	False	False	MEDIUM	0.5584481878509443	0.7701174559506397	0.8650602827142928	0.0	0.0	0.6312086308438005
HGNC:3309	ELANE	ENSG00000197561	ELANE	340	68		0.4456922399202033	0.6373927787751845	5	False	False	MEDIUM	0.3843797856049004	0.33056022998638046	0.8676140582743934		0.0	0.7047219471517173
HGNC:14258	CD2AP	ENSG00000198087	CD2AP	190	52		0.4776919859833086	0.7244663873927788	6	False	False	MEDIUM	0.6038795303726391	0.4927121867212587	0.844709118981817	0.0	0.0	0.8777818314483765
HGNC:2435	CSF2RA	ENSG00000198223	CSF2RA	77	22		0.2993698712355567	0.2585278276481149	4	False	False	LOW		0.393779415069506	0.7722302219280712		0.0	0.0
HGNC:16393	CARD11	ENSG00000198286	CARD11	137	40		0.5016972534229248	0.7871534011569918	5	False	False	MEDIUM	0.8340990301174067	0.3396225206010786	0.8224201603463086		0.0	0.45556887475895136
HGNC:10484	RYR2	ENSG00000198626	RYR2	301	111		0.47329726113637943	0.7122481547975265	6	False	False	MEDIUM	0.8085758039816232	0.875657982693624	0.9096700253422001	0.0	0.0	0.0
HGNC:1442	CALM1	ENSG00000198668	CALM1	627	90		0.642188216586772	0.979802513464991	6	False	False	MEDIUM	0.8790199081163859	0.9222189728073316	0.8916423376917433	0.0	0.0	0.9879605983217804
HGNC:3542	F5	ENSG00000198734	F5	1344	33		0.45628853919280354	0.6650708158787153	6	False	False	MEDIUM	0.6605410923940785	0.40854099978062935	0.8061660593528388	0.0	0.047871424700981456	0.7624433209985928
HGNC:8623	PAX9	ENSG00000198807	PAX9	123	17		0.29750310636122484	0.25339118292439655	6	False	False	LOW	0.7978560490045941	0.2285769283105515	0.5509481730533295	0.0	0.06382856626797527	0.0
HGNC:1674	CD3E	ENSG00000198851	CD3E	164	61		0.4158458682470606	0.5537103530819868	6	False	False	MEDIUM	0.6835119959162838	0.3424959919732239	0.8583265132048281	0.0	0.0	0.5459686245895659
HGNC:9216	POU3F3	ENSG00000198914	POU3F3	27	43		0.47228170293773164	0.709904248952723	6	False	False	MEDIUM	0.7738642164369576	0.9182593786798153	0.8285513264945383	0.0	0.06382856626797527	0.0
HGNC:10259	RORB	ENSG00000198963	RORB	46	50	usher	0.5801969623488104	0.9352184320766008	6	False	False	MEDIUM	0.8979070954568656	0.7945432936569028	0.8413693953384758	0.0	0.06382856626797527	0.706181268567259
HGNC:26970	COX20	ENSG00000203667	COX20	41	10		0.3289126174078155	0.334131258727309	6	False	False	LOW	0.0826952526799387	0.6549823996659963	0.7081903257731679	0.0	0.0	0.500990253817689
HGNC:1078	BMPR2	ENSG00000204217	BMPR2	348	133		0.558016714117371	0.905146618791143	6	False	False	MEDIUM	0.8718734047983664	0.7411867671112133	0.925240783074978	0.0	0.07587441300715209	0.5682493354875697
HGNC:44	TAP2	ENSG00000204267	TAP2	238	54		0.4462428868807246	0.6387891482146419	6	False	False	MEDIUM	0.6094946401225114	0.49388039975580034	0.847925120325022	0.0	0.0	0.6558607390420598
HGNC:13937	MPIG6B	ENSG00000204420	MPIG6B	26	20	syscilia	0.2613980876255757	0.175344105326152	6	False	False	LOW	0.3685553854007146	0.3651861575428279	0.7643318602457814	0.0	0.0	0.0
HGNC:2460	CSNK2B	ENSG00000204435	CSNK2B	407	49		0.7084117099417201	0.9960103730301216	5	False	False	MEDIUM	0.898928024502297	0.8105161869093406	0.8396500894643935		0.0	0.8954239849898369
HGNC:9475	PRSS1	ENSG00000204983	PRSS1	251	17		0.38443028839357285	0.4732694993018153	6	False	False	LOW	0.3557937723328229	0.44444794183597547	0.7509481730533296	0.0	0.0	0.7449314640120915
HGNC:27365	TECRL	ENSG00000205678	TECRL	15	10		0.29094815520293255	0.238130859764612	5	False	False	LOW	0.222052067381317	0.5283348479012706	0.6481903257731678		0.0	0.0
HGNC:18874	LAT	ENSG00000213658	LAT	155	41		0.5241127420562706	0.8397167364851387	6	False	False	MEDIUM	0.777947932618683	0.6524897536383334	0.8245123606064666	0.0	0.06382856626797527	0.698493771824673
HGNC:29418	FNIP1	ENSG00000217128	FNIP1	54	27	syscilia	0.44895184521476983	0.6456213844005585	5	False	False	MEDIUM	0.8244002041858091	0.49166336951134015	0.7893090246208296		0.0	0.0
HGNC:25155	HOGA1	ENSG00000241935	HOGA1	35	20	syscilia	0.4070309212992731	0.5298224615998404	5	False	False	MEDIUM	0.4425727411944869	0.7140597791430876	0.7643318602457814		0.0	0.0
HGNC:5965	IL10RB	ENSG00000243646	IL10RB	106	30	syscilia	0.311198632546326	0.2886495112706962	6	False	False	LOW	0.4823889739663093	0.4749946791322137	0.7981460128441429	0.0	0.0	0.0
HGNC:1833	CEBPA	ENSG00000245848	CEBPA	552	91		0.37829128505671095	0.45795930580490724	6	False	False	LOW	0.3195507912200101	0.5684860874053319	0.8925912226494417	0.0	0.0	0.4453015062281753
HGNC:986	BCKDHA	ENSG00000248098	BCKDHA	109	22		0.5164714406140158	0.821015360063834	5	False	False	MEDIUM	0.48800408371618165	0.5678383385441687	0.7722302219280712		0.0	0.7466513785375515
HGNC:4586	GRIN2B	ENSG00000273079	GRIN2B	410	90		0.6941529851329339	0.9937662078595652	5	False	False	MEDIUM	0.9678407350689125	0.7325003143471972	0.8916423376917433		0.047871424700981456	0.726898420805754
