control_group	control_id	control_symbol	comparator_id	comparator_symbol	squared_distance	log_pubmed_sd_difference	log_go_sd_difference	control_score	comparator_score	control_percentile	comparator_percentile	percentile_difference	score_concordance	control_tier	comparator_tier
syscilia	ENSG00000011143	MKS1	ENSG00000145020	AMT	0.030162594549279186	0.0722780012981521	0.1579192359328765	0.5089138006684362	0.4795220989567287	0.803411131059246	0.7300518651506084	0.07335926590863762	1.0	MEDIUM	MEDIUM
syscilia	ENSG00000011143	MKS1	ENSG00000155465	SLC7A7	0.010498602807829199	-0.06750884050190065	0.07707891580658188	0.5089138006684362	0.47039148195784236	0.803411131059246	0.7047177338918811	0.09869339716736492	1.0	MEDIUM	MEDIUM
syscilia	ENSG00000011143	MKS1	ENSG00000176715	ACSF3	0.021338355339768515	0.023530071817035925	-0.1441689670492705	0.5089138006684362	0.3286774924341168	0.803411131059246	0.3333333333333333	0.4700777977259127	1.0	MEDIUM	LOW
syscilia	ENSG00000032742	IFT88	ENSG00000008056	SYN1	0.07131649912700963	-0.19127142954676657	0.18636453355224525	0.6427211970350389	0.6323208378387899	0.9799521244763615	0.9759624975064831	0.003989626969878368	1.0	MEDIUM	MEDIUM
syscilia	ENSG00000032742	IFT88	ENSG00000100427	MLC1	0.02940691554989839	-0.16774135772972976	0.03563358607950118	0.6427211970350389	0.5279094584668926	0.9799521244763615	0.8473967684021544	0.1325553560742071	1.0	MEDIUM	MEDIUM
syscilia	ENSG00000032742	IFT88	ENSG00000120693	SMAD9	0.04351521846509199	-0.09372021713027578	0.18636453355224525	0.6427211970350389	0.44931054545523896	0.9799521244763615	0.6463195691202872	0.3336325553560743	1.0	MEDIUM	MEDIUM
syscilia	ENSG00000046651	OFD1	ENSG00000106327	TFR2	0.002777337926906311	0.02446761245755269	0.04667626664090996	0.5941299849414459	0.40999930383250505	0.9500299222022741	0.5380510672252145	0.41197885497705966	1.0	MEDIUM	MEDIUM
syscilia	ENSG00000046651	OFD1	ENSG00000125505	MBOAT7	0.0015620508134909024	-0.03952278853384339	0.0	0.5941299849414459	0.4659493629801122	0.9500299222022741	0.6917015759026531	0.258328346299621	1.0	MEDIUM	MEDIUM
syscilia	ENSG00000046651	OFD1	ENSG00000134755	DSC2	0.0015620508134909024	-0.03952278853384339	0.0	0.5941299849414459	0.45368074842670825	0.9500299222022741	0.6575902653101935	0.2924396568920806	1.0	MEDIUM	MEDIUM
syscilia	ENSG00000048342	CC2D2A	ENSG00000140326	CDAN1	0.05676426027386997	-0.13667112235993795	0.19515446340461917	0.5982507325803471	0.2819528275563103	0.9546179932176342	0.21927987233193696	0.7353381208856973	1.0	MEDIUM	LOW
syscilia	ENSG00000048342	CC2D2A	ENSG00000147180	ZNF711	0.05486010210812104	-0.23422233477642784	0.0	0.5982507325803471	0.3675195612777665	0.9546179932176342	0.4319269898264512	0.5226910033911829	1.0	MEDIUM	LOW
syscilia	ENSG00000048342	CC2D2A	ENSG00000147251	DOCK11	0.01867899568712513	-0.13667112235993795	0.0	0.5982507325803471	0.4569464370302136	0.9546179932176342	0.6664671853181727	0.28815080789946146	1.0	MEDIUM	MEDIUM
syscilia	ENSG00000103494	RPGRIP1L	ENSG00000083720	OXCT1	0.0	0.0	0.0	0.562316626383303	0.5728114316022741	0.9119289846399362	0.9262916417314981	-0.014362657091561926	0.0	MEDIUM	MEDIUM
syscilia	ENSG00000103494	RPGRIP1L	ENSG00000139718	SETD1B	0.0	0.0	0.0	0.562316626383303	0.5441576306739105	0.9119289846399362	0.8813085976461201	0.030620386993816084	1.0	MEDIUM	MEDIUM
syscilia	ENSG00000103494	RPGRIP1L	ENSG00000143390	RFX5	0.018333785657409084	0.027295298794193457	0.1326225935545855	0.562316626383303	0.44491648176330106	0.9119289846399362	0.6355475763016158	0.27638140833832037	1.0	MEDIUM	MEDIUM
syscilia	ENSG00000110274	CEP164	ENSG00000134759	ELP2	0.03444491784134633	-0.06300530654991832	0.17457161621494244	0.6492953870884632	0.4146212398571633	0.9824456413325354	0.5502194294833433	0.4322262118491921	1.0	MEDIUM	MEDIUM
syscilia	ENSG00000110274	CEP164	ENSG00000166228	PCBD1	0.03149844205020073	-0.03198738598734785	0.17457161621494244	0.6492953870884632	0.29117808215238306	0.9824456413325354	0.23882904448434072	0.7436165968481947	1.0	MEDIUM	LOW
syscilia	ENSG00000110274	CEP164	ENSG00000184752	NDUFA12	0.01497099593335489	-0.12235602123865785	0.0	0.6492953870884632	0.39727517988150934	0.9824456413325354	0.5046379413524835	0.4778076999800519	1.0	MEDIUM	LOW
syscilia	ENSG00000113971	NPHP3	ENSG00000111877	MCM9	0.056764260273869625	0.13667112235993795	-0.19515446340461828	0.5466539686646859	0.3105415575172953	0.8868940754039497	0.2864053461001396	0.6004887293038101	1.0	MEDIUM	LOW
syscilia	ENSG00000113971	NPHP3	ENSG00000135241	PNPLA8	0.00034011383517263495	0.01844217544577198	0.0	0.5466539686646859	0.48609378129547626	0.8868940754039497	0.746359465389986	0.14053461001396372	1.0	MEDIUM	MEDIUM
syscilia	ENSG00000113971	NPHP3	ENSG00000137090	DMRT1	0.015128350866724375	0.11599338786226276	-0.04091313773055116	0.5466539686646859	0.41700195440962295	0.8868940754039497	0.5576501097147417	0.329243965689208	1.0	MEDIUM	MEDIUM
syscilia	ENSG00000122507	BBS9	ENSG00000068831	RASGRP2	0.00044538343545660224	0.021104109444764596	0.0	0.5494444253133729	0.3488782900612414	0.8918312387791741	0.38285457809694795	0.5089766606822261	1.0	MEDIUM	LOW
syscilia	ENSG00000122507	BBS9	ENSG00000122787	AKR1D1	0.0	0.0	0.0	0.5494444253133729	0.36102168564702053	0.8918312387791741	0.41367444643925794	0.4781567923399162	1.0	MEDIUM	LOW
syscilia	ENSG00000122507	BBS9	ENSG00000163389	POGLUT1	0.0018192398862880085	0.04265254841493071	0.0	0.5494444253133729	0.3479438243889149	0.8918312387791741	0.3807600239377618	0.5110712148414123	1.0	MEDIUM	LOW
syscilia	ENSG00000125124	BBS2	ENSG00000087053	MTMR2	0.07889047356051841	-0.028833260083853673	-0.279390616652484	0.574030315130372	0.4078329460221382	0.9275882704967086	0.5321164971075204	0.39547177338918815	1.0	MEDIUM	MEDIUM
syscilia	ENSG00000125124	BBS2	ENSG00000132740	IGHMBP2	0.01532559190060963	-0.12379657467236171	0.0	0.574030315130372	0.4156541865805268	0.9275882704967086	0.5532615200478755	0.374326750448833	1.0	MEDIUM	MEDIUM
syscilia	ENSG00000125124	BBS2	ENSG00000172575	RASGRP1	0.026798168895239616	0.02966912215210371	-0.16099040991923452	0.574030315130372	0.4631672747514258	0.9275882704967086	0.6834230999401556	0.24416517055655296	1.0	MEDIUM	MEDIUM
syscilia	ENSG00000131697	NPHP4	ENSG00000117305	HMGCL	0.032514764849206575	-0.17340168870522632	0.049463311690407075	0.5731132619754175	0.42999684629648877	0.9266906044284859	0.5938061041292639	0.332884500299222	1.0	MEDIUM	MEDIUM
syscilia	ENSG00000131697	NPHP4	ENSG00000160688	FLAD1	0.024387380977918007	-0.031017920562570467	0.15305315933325936	0.5731132619754175	0.46154450226206567	0.9266906044284859	0.6794833433074008	0.24720726112108515	1.0	MEDIUM	MEDIUM
syscilia	ENSG00000131697	NPHP4	ENSG00000169692	AGPAT2	0.027651153541387617	0.06500679933280473	0.15305315933325936	0.5731132619754175	0.4332986096728367	0.9266906044284859	0.6020347097546379	0.32465589467384803	1.0	MEDIUM	MEDIUM
syscilia	ENSG00000138002	IFT172	ENSG00000101577	LPIN2	0.004416291164497938	0.022495697756601984	-0.06253186985003367	0.6336563475187096	0.38155710078877264	0.9764113305405945	0.4663375224416517	0.5100738080989428	1.0	MEDIUM	LOW
syscilia	ENSG00000138002	IFT172	ENSG00000139132	FGD4	0.0004845229318751042	-0.022011881606875505	0.0	0.6336563475187096	0.5072533791710608	0.9764113305405945	0.799770596449232	0.1766407340913625	1.0	MEDIUM	MEDIUM
syscilia	ENSG00000138002	IFT172	ENSG00000165970	SLC6A5	0.008669621408653726	0.09311080178289588	0.0	0.6336563475187096	0.43386147001569214	0.9764113305405945	0.6038799122282067	0.3725314183123878	1.0	MEDIUM	MEDIUM
syscilia	ENSG00000138686	BBS7	ENSG00000068438	FTSJ1	0.06536180099852128	-0.12810610965259972	0.22124788285585328	0.5839019615612034	0.4639026100632921	0.9397566327548375	0.6861160981448234	0.253640534610014	1.0	MEDIUM	MEDIUM
syscilia	ENSG00000138686	BBS7	ENSG00000145414	NAF1	0.05329826993106004	-0.21465169940853102	0.08498775130623049	0.5839019615612034	0.453558042692733	0.9397566327548375	0.6573409136245761	0.2824157191302613	1.0	MEDIUM	MEDIUM
syscilia	ENSG00000138686	BBS7	ENSG00000146021	KLHL3	0.0067116655663509665	-0.08192475551596701	0.0	0.5839019615612034	0.6346093893443798	0.9397566327548375	0.9768102932375823	-0.03705366048274483	0.0	MEDIUM	MEDIUM
syscilia	ENSG00000140463	BBS4	ENSG00000129159	KCNC1	0.16101498514040422	0.34438372369325965	0.20594862465083086	0.580939011372827	0.49856967346776826	0.935966487133453	0.7788749251944943	0.15709156193895868	1.0	MEDIUM	MEDIUM
syscilia	ENSG00000140463	BBS4	ENSG00000131183	SLC34A1	0.10550839130333503	0.10783786227608427	0.3063974326965866	0.580939011372827	0.29059734365275747	0.935966487133453	0.236983842010772	0.698982645122681	1.0	MEDIUM	LOW
syscilia	ENSG00000140463	BBS4	ENSG00000164532	TBX20	0.07100740408077921	0.2656130940807859	-0.021379624262618968	0.580939011372827	0.4351834965390304	0.935966487133453	0.6078196688609615	0.3281468182724915	1.0	MEDIUM	MEDIUM
syscilia	ENSG00000144061	NPHP1	ENSG00000108375	RNF43	0.00480943506373498	0.04310165462910742	-0.05432938829002332	0.5516442231736451	0.5892135571644629	0.8943746259724715	0.9451924995012966	-0.05081787352882505	0.0	MEDIUM	MEDIUM
syscilia	ENSG00000144061	NPHP1	ENSG00000177646	ACAD9	0.006928775813055342	-0.06142921593098283	0.05617140948169297	0.5516442231736451	0.46031172060753484	0.8943746259724715	0.6760422900458807	0.21833233592659085	1.0	MEDIUM	MEDIUM
syscilia	ENSG00000144061	NPHP1	ENSG00000243646	IL10RB	0.013036844094402384	-0.10042490558837613	-0.05432938829002332	0.5516442231736451	0.311198632546326	0.8943746259724715	0.2886495112706962	0.6057251147017753	1.0	MEDIUM	LOW
syscilia	ENSG00000148384	INPP5E	ENSG00000105552	BCAT2	0.06266108348494989	-0.16940618703133747	0.18428952026757628	0.5964431981399154	0.319172141764308	0.9527727907440654	0.30919609016556954	0.6435767005784958	1.0	MEDIUM	LOW
syscilia	ENSG00000148384	INPP5E	ENSG00000110066	KMT5B	0.06266108348494989	-0.16940618703133747	0.18428952026757628	0.5964431981399154	0.5384352174837814	0.9527727907440654	0.86983842010772	0.08293437063634546	1.0	MEDIUM	MEDIUM
syscilia	ENSG00000148384	INPP5E	ENSG00000186439	TRDN	0.011468691336581393	-0.09755121241649078	0.044186562353888625	0.5964431981399154	0.27522114692634825	0.9527727907440654	0.20486734490325154	0.7479054458408139	1.0	MEDIUM	LOW
syscilia	ENSG00000149483	TMEM138	ENSG00000122122	SASH3	0.2395548922665922	0.257223595914851	-0.41640234626047157	0.5147298876765563	0.3823444321018175	0.8169259924197088	0.46818272491522045	0.3487432675044883	1.0	MEDIUM	LOW
syscilia	ENSG00000149483	TMEM138	ENSG00000165288	BRWD3	0.5685477233242766	-0.7094451818841936	0.25541193634123704	0.5147298876765563	0.32327168133553924	0.8169259924197088	0.31996808298424095	0.4969579094354678	1.0	MEDIUM	LOW
syscilia	ENSG00000149483	TMEM138	ENSG00000166415	WDR72	0.5284678453223315	-0.6806119218003395	0.25541193634123704	0.5147298876765563	0.30079261147494263	0.8169259924197088	0.26246758428086975	0.5544584081388391	1.0	MEDIUM	LOW
syscilia	ENSG00000156313	RPGR	ENSG00000106105	GARS1	0.0035213466114296975	-0.03821559278848685	-0.045397302554824215	0.5068266169432702	0.5363980277994124	0.7987233193696389	0.8661978854977059	-0.06747456612806702	0.0	MEDIUM	MEDIUM
syscilia	ENSG00000156313	RPGR	ENSG00000135636	DYSF	0.0026346619129872743	0.05132895784045566	0.0	0.5068266169432702	0.555951607243896	0.7987233193696389	0.9011071214841412	-0.10238380211450226	0.0	MEDIUM	MEDIUM
syscilia	ENSG00000156313	RPGR	ENSG00000173599	PC	0.00873936283001437	0.08099807999255937	0.04667626664090996	0.5068266169432702	0.5560028437118892	0.7987233193696389	0.9013564731697586	-0.10263315380011973	0.0	MEDIUM	MEDIUM
syscilia	ENSG00000163093	BBS5	ENSG00000156873	PHKG2	0.03956303755551256	-0.11384088855012475	-0.1631051490592208	0.5935941010580288	0.46705264327711704	0.9493816078196688	0.6955914621982845	0.25379014562138436	1.0	MEDIUM	MEDIUM
syscilia	ENSG00000163093	BBS5	ENSG00000187566	NHLRC1	0.006577755970442193	-0.05850238223595827	-0.05617140948169297	0.5935941010580288	0.29225007672727216	0.9493816078196688	0.24152204268900856	0.7078595651306603	1.0	MEDIUM	LOW
syscilia	ENSG00000163093	BBS5	ENSG00000217128	FNIP1	0.009353234178716016	-0.07728296503997534	0.058142733796631596	0.5935941010580288	0.44895184521476983	0.9493816078196688	0.6456213844005585	0.30376022341911035	1.0	MEDIUM	MEDIUM
syscilia	ENSG00000164953	TMEM67	ENSG00000129667	RHBDF2	0.0042163579043935934	-0.017496375551869114	-0.06253186985003367	0.526538213916958	0.4041962094192632	0.844853381208857	0.5229403550768004	0.32191302613205663	1.0	MEDIUM	MEDIUM
syscilia	ENSG00000164953	TMEM67	ENSG00000163625	WDFY3	0.017490034152376804	-0.13224989282557775	0.0	0.526538213916958	0.40235767987827187	0.844853381208857	0.5181528027129464	0.3267005784959106	1.0	MEDIUM	MEDIUM
syscilia	ENSG00000164953	TMEM67	ENSG00000163754	GYG1	0.008569592972402265	-0.06825949183418167	-0.06253186985003367	0.526538213916958	0.3011009527866692	0.844853381208857	0.2632655096748454	0.5815878715340116	1.0	MEDIUM	LOW
syscilia	ENSG00000168778	TCTN2	ENSG00000116704	SLC35D1	0.06089563647825075	0.16411279413195468	0.18428952026757628	0.5088576343890331	0.3655187860619784	0.8032615200478755	0.42644125274286854	0.376820267305007	1.0	MEDIUM	LOW
syscilia	ENSG00000168778	TCTN2	ENSG00000131061	ZNF341	0.08107591561067035	0.0	0.2847383283133311	0.5088576343890331	0.31632893233505704	0.8032615200478755	0.3005186515060842	0.5027428685417914	1.0	MEDIUM	LOW
syscilia	ENSG00000168778	TCTN2	ENSG00000144741	SLC25A26	0.0014921006008963178	0.038627718038946046	0.0	0.5088576343890331	0.294568443959066	0.8032615200478755	0.24700777977259125	0.5562537402752843	1.0	MEDIUM	LOW
syscilia	ENSG00000169379	ARL13B	ENSG00000105146	AURKC	0.022890815399108356	-0.07877062961247372	0.1291743136601191	0.6234446018664292	0.5417468199966917	0.9715240375024935	0.87672052663076	0.09480351087173344	1.0	MEDIUM	MEDIUM
syscilia	ENSG00000169379	ARL13B	ENSG00000118729	CASQ2	0.021381330956927493	-0.14007715893309758	0.041949022660357826	0.6234446018664292	0.3326655312986496	0.9715240375024935	0.3428086973867943	0.6287153401156992	1.0	MEDIUM	LOW
syscilia	ENSG00000169379	ARL13B	ENSG00000173175	ADCY5	0.05009685964266575	-0.14007715893309758	0.17457161621494333	0.6234446018664292	0.37056909997446935	0.9715240375024935	0.43900857769798524	0.5325154598045083	1.0	MEDIUM	LOW
syscilia	ENSG00000174483	BBS1	ENSG00000059377	TBXAS1	0.017243601777468344	-0.1018698392696269	0.08286216039090899	0.6198300373783326	0.3811798130326634	0.9694294833433074	0.46529024536205865	0.5041392379812487	1.0	MEDIUM	LOW
syscilia	ENSG00000174483	BBS1	ENSG00000066777	ARFGEF1	0.0005536642797149101	-0.023530071817036813	0.0	0.6198300373783326	0.5519884186617816	0.9694294833433074	0.8952722920406941	0.07415719130261322	1.0	MEDIUM	MEDIUM
syscilia	ENSG00000174483	BBS1	ENSG00000154124	OTULIN	0.00808863643043431	-0.08009214438055245	0.04091313773055116	0.6198300373783326	0.45587663058353517	0.9694294833433074	0.6638240574506283	0.30560542589267903	1.0	MEDIUM	MEDIUM
syscilia	ENSG00000179941	BBS10	ENSG00000100523	DDHD1	0.019855830355695624	0.04761384288787074	0.1326225935545855	0.46025214973833545	0.6163688875548409	0.6758428086973868	0.9683822062637143	-0.2925393975663275	0.0	MEDIUM	MEDIUM
syscilia	ENSG00000179941	BBS10	ENSG00000133111	RFXAP	0.017344300736528435	0.04761384288787074	-0.12278934278665066	0.46025214973833545	0.27145365574963765	0.6758428086973868	0.19648912826650708	0.47935368043087967	1.0	MEDIUM	LOW
syscilia	ENSG00000179941	BBS10	ENSG00000144036	EXOC6B	0.005224109471655676	0.0722780012981521	0.0	0.46025214973833545	0.4922148964801645	0.6758428086973868	0.7614701775384002	-0.08562736884101341	0.0	MEDIUM	MEDIUM
syscilia	ENSG00000187049	TMEM216	ENSG00000165186	PTCHD1	0.09044275112434844	0.25088603358759887	0.1658280714325251	0.5191469862524413	0.41869561455884535	0.828196688609615	0.5626371434270896	0.26555954518252545	1.0	MEDIUM	MEDIUM
syscilia	ENSG00000187049	TMEM216	ENSG00000167680	SEMA6B	0.01520477876677552	0.09311080178289588	0.08084032012629461	0.5191469862524413	0.4946495807338909	0.828196688609615	0.7687013764213046	0.05949531218831039	1.0	MEDIUM	MEDIUM
syscilia	ENSG00000187049	TMEM216	ENSG00000204420	MPIG6B	0.02693300919779734	-0.16411279413195468	0.0	0.5191469862524413	0.2613980876255757	0.828196688609615	0.175344105326152	0.6528525832834631	1.0	MEDIUM	LOW
syscilia	ENSG00000187535	IFT140	ENSG00000066629	EML1	0.07740551324663937	0.13978684180005274	0.2405517659594425	0.5156331199211486	0.6488599326775336	0.8195192499501297	0.982296030321165	-0.16277678037103527	0.0	MEDIUM	MEDIUM
syscilia	ENSG00000187535	IFT140	ENSG00000102034	ELF4	0.023598983640456532	-0.12296927053542639	0.09207356919573417	0.5156331199211486	0.19567623125366881	0.8195192499501297	0.07839616995810891	0.7411230799920208	1.0	MEDIUM	EXCLUDED
syscilia	ENSG00000187535	IFT140	ENSG00000159753	CARMIL2	0.06318019164103422	0.16506005291839054	0.18956626960409473	0.5156331199211486	0.6247813307081438	0.8195192499501297	0.9721224815479753	-0.1526032315978456	0.0	MEDIUM	MEDIUM
syscilia	ENSG00000198707	CEP290	ENSG00000120251	GRIA2	0.0115051216123199	0.10117000126240328	-0.03563358607950118	0.7084666801225709	0.7022165595867325	0.9960602433672452	0.9951625772990226	0.0008976660682226134	1.0	HIGH	MEDIUM
syscilia	ENSG00000198707	CEP290	ENSG00000130702	LAMA5	0.01095810943048555	0.0	-0.10468098886849297	0.7084666801225709	0.5473525063421547	0.9960602433672452	0.8881907041691602	0.10786953919808495	1.0	HIGH	MEDIUM
syscilia	ENSG00000198707	CEP290	ENSG00000138193	PLCE1	0.019636521546499718	-0.11921367278104622	0.07365203166616219	0.7084666801225709	0.5191264313136461	0.9960602433672452	0.828096947935368	0.16796329543187716	1.0	HIGH	MEDIUM
syscilia	ENSG00000204852	TCTN1	ENSG00000067836	ROGDI	0.010025099628981479	-0.032495206908550234	0.09470565535886433	0.5134536104610951	0.5295900189915398	0.8138340315180531	0.8516357470576501	-0.03780171553959699	0.0	MEDIUM	MEDIUM
syscilia	ENSG00000204852	TCTN1	ENSG00000075643	MOCOS	0.010025099628981479	-0.032495206908550234	0.09470565535886433	0.5134536104610951	0.2671036956912305	0.8138340315180531	0.18796130061839217	0.625872730899661	1.0	MEDIUM	LOW
syscilia	ENSG00000204852	TCTN1	ENSG00000161653	NAGS	0.05145007169170392	-0.20838618677763066	-0.08958386490871195	0.5134536104610951	0.2719448120537205	0.8138340315180531	0.1978854977059645	0.6159485338120886	1.0	MEDIUM	LOW
syscilia	ENSG00000205084	TMEM231	ENSG00000119686	FLVCR2	0.01738777871825638	-0.10417591545138727	-0.08084032012629461	0.4429839700860906	0.4167163849209642	0.6298124875324157	0.5564532216237782	0.0733592659086375	1.0	MEDIUM	MEDIUM
syscilia	ENSG00000205084	TMEM231	ENSG00000171680	PLEKHG5	0.06442860584363583	-0.19872121367889317	-0.1579192359328765	0.4429839700860906	0.5348475173633639	0.6298124875324157	0.8631059245960503	-0.2332934370636346	0.0	MEDIUM	MEDIUM
syscilia	ENSG00000205084	TMEM231	ENSG00000241935	HOGA1	0.07269913565348812	-0.25722359591485056	-0.08084032012629461	0.4429839700860906	0.4070309212992731	0.6298124875324157	0.5298224615998404	0.09999002593257533	1.0	MEDIUM	MEDIUM
usher	ENSG00000006611	USH1C	ENSG00000076351	SLC46A1	0.03959077072048705	-0.15061776875074262	-0.13001945414834992	0.5276410911413614	0.49684956518796464	0.8467484540195491	0.7748354278874925	0.07191302613205663	1.0	MEDIUM	MEDIUM
usher	ENSG00000006611	USH1C	ENSG00000135924	DNAJB2	0.037239623775965916	-0.024664158410280912	-0.19139305908490645	0.5276410911413614	0.48865039457694887	0.8467484540195491	0.7528426092160383	0.09390584480351083	1.0	MEDIUM	MEDIUM
usher	ENSG00000006611	USH1C	ENSG00000186111	PIP5K1C	0.010245320401009943	-0.09527926243657525	0.03416405348538376	0.5276410911413614	0.5816260469115518	0.8467484540195491	0.9368641532016756	-0.09011569918212647	0.0	MEDIUM	MEDIUM
usher	ENSG00000042781	USH2A	ENSG00000066926	FECH	0.0028860540377633193	-0.030554897236109824	0.044186562353888625	0.688830978026323	0.5518076581805285	0.992918412128466	0.8947237183323359	0.0981946937961301	1.0	MEDIUM	MEDIUM
usher	ENSG00000042781	USH2A	ENSG00000177469	CAVIN1	0.0028860540377633193	-0.030554897236109824	0.044186562353888625	0.688830978026323	0.44757154220670986	0.992918412128466	0.642030720127668	0.35088769200079795	1.0	MEDIUM	MEDIUM
usher	ENSG00000042781	USH2A	ENSG00000185551	NR2F2	0.0022050424539116014	0.018780582804017065	-0.04303872864587266	0.688830978026323	0.4956941240092227	0.992918412128466	0.7713943746259725	0.2215240375024935	1.0	MEDIUM	MEDIUM
usher	ENSG00000095397	WHRN	ENSG00000103150	MLYCD	0.03116378375775936	0.17305182951682951	0.034883349303608036	0.6371454980970291	0.3443943690661121	0.9777079593058049	0.3727308996608817	0.6049770596449232	1.0	MEDIUM	LOW
usher	ENSG00000095397	WHRN	ENSG00000158014	SLC30A2	0.007596887874348445	-0.0871601277784082	0.0	0.6371454980970291	0.398165485720645	0.9777079593058049	0.5072311988829045	0.47047676042290043	1.0	MEDIUM	LOW
usher	ENSG00000095397	WHRN	ENSG00000198963	RORB	0.012070887658608972	-0.04450757936347749	-0.10044880804575396	0.6371454980970291	0.5801969623488104	0.9777079593058049	0.9352184320766008	0.04248952722920407	1.0	MEDIUM	MEDIUM
usher	ENSG00000107736	CDH23	ENSG00000149781	FERMT3	0.001611453349599955	-0.04014291157352634	0.0	0.712616911391397	0.496672435158424	0.996359465389986	0.7741372431677638	0.2222222222222222	1.0	HIGH	MEDIUM
usher	ENSG00000107736	CDH23	ENSG00000168509	HJV	0.00275618237641606	0.052499355961916905	0.0	0.712616911391397	0.3364039546078755	0.996359465389986	0.3536305605425893	0.6427289048473968	1.0	HIGH	LOW
usher	ENSG00000107736	CDH23	ENSG00000189067	LITAF	0.00241263734595417	0.010286649859594377	-0.04802938871795348	0.712616911391397	0.4475922817718191	0.996359465389986	0.6420805904647915	0.3542788749251945	1.0	HIGH	MEDIUM
usher	ENSG00000137474	MYO7A	ENSG00000110195	FOLR1	0.0023763606286958316	-0.048747929481115726	0.0	0.6716759690871313	0.5338530320905198	0.9894274885298224	0.8613604627967285	0.12806702573309392	1.0	MEDIUM	MEDIUM
usher	ENSG00000137474	MYO7A	ENSG00000132855	ANGPTL3	0.0032649878749918472	0.0	0.05714007240975327	0.6716759690871313	0.323783679718663	0.9894274885298224	0.3214641930979453	0.667963295431877	1.0	MEDIUM	LOW
usher	ENSG00000137474	MYO7A	ENSG00000147168	IL2RG	0.006255038466015333	-0.05468135505840621	0.05714007240975327	0.6716759690871313	0.25496713695145085	0.9894274885298224	0.1637741871135049	0.8256533014163175	1.0	MEDIUM	LOW
usher	ENSG00000150275	PCDH15	ENSG00000107099	DOCK8	0.002376360628696005	0.0487479294811175	0.0	0.7179602769063059	0.4569832951813191	0.9972072611210852	0.6666167963295432	0.33059046479154197	1.0	HIGH	MEDIUM
usher	ENSG00000150275	PCDH15	ENSG00000131844	MCCC2	0.010395325286962914	-0.08375409120524768	0.058142733796631596	0.7179602769063059	0.4183185727215614	0.9972072611210852	0.5615399960103731	0.4356672651107121	1.0	HIGH	MEDIUM
usher	ENSG00000150275	PCDH15	ENSG00000187045	TMPRSS6	0.0015148859240494868	-0.038921535479082614	0.0	0.7179602769063059	0.3667472080390525	0.9972072611210852	0.4298324356672651	0.56737482545382	1.0	HIGH	LOW
usher	ENSG00000163646	CLRN1	ENSG00000088682	COQ9	0.025782168807114005	-0.05533850631416737	0.15073094747274318	0.5268855536445349	0.4458652021864187	0.8453520845800918	0.6377418711350489	0.20761021344504293	1.0	MEDIUM	MEDIUM
usher	ENSG00000163646	CLRN1	ENSG00000130475	FCHO1	0.008395166903107662	0.058502382235957384	-0.07051693538310921	0.5268855536445349	0.5075834142208574	0.8453520845800918	0.8006183921803312	0.04473369239976066	1.0	MEDIUM	MEDIUM
usher	ENSG00000163646	CLRN1	ENSG00000174080	CTSF	0.030715756624701898	-0.10783786227608383	-0.13815481202052382	0.5268855536445349	0.3208913738899913	0.8453520845800918	0.3137342908438061	0.5316177937362857	1.0	MEDIUM	LOW
usher	ENSG00000164199	ADGRV1	ENSG00000099822	HCN2	0.031125778671746554	0.11384088855012475	0.13478141847400416	0.6345637691068975	0.6470154555946698	0.9767105525633353	0.9817973269499302	-0.005086774386594883	0.0	MEDIUM	MEDIUM
usher	ENSG00000164199	ADGRV1	ENSG00000134240	HMGCS2	0.03726526242073056	0.17589097986908087	0.07954637403065679	0.6345637691068975	0.29621940041653916	0.9767105525633353	0.2504987033712348	0.7262118491921005	1.0	MEDIUM	LOW
usher	ENSG00000164199	ADGRV1	ENSG00000146938	NLGN4X	0.011434824660034352	0.0	0.10693373957752694	0.6345637691068975	0.47445419941661554	0.9767105525633353	0.7156892080590465	0.2610213445042888	1.0	MEDIUM	MEDIUM
usher	ENSG00000182040	USH1G	ENSG00000109101	FOXN1	0.08781208780532823	0.17305182951682951	0.2405517659594425	0.5271746179869147	0.39517649024477924	0.846100139636944	0.49895272292040693	0.34714741671653704	1.0	MEDIUM	LOW
usher	ENSG00000182040	USH1G	ENSG00000121905	HPCA	0.029929708361460118	0.14646558031502988	0.09207356919573417	0.5271746179869147	0.5910966497011985	0.846100139636944	0.9468880909634949	-0.10078795132655094	0.0	MEDIUM	MEDIUM
usher	ENSG00000182040	USH1G	ENSG00000145794	MEGF10	0.04663293900868466	0.17305182951682951	-0.1291743136601191	0.5271746179869147	0.3893764286790689	0.846100139636944	0.4847895471773389	0.36131059245960506	1.0	MEDIUM	LOW
