gene_id	gene_symbol_old	gene_symbol_new	status	old_high_rank	new_high_rank	rank_delta_new_minus_old	old_composite_score	new_composite_score
ENSG00000001617		SEMA3F	new_only		17			0.741347973266881
ENSG00000007168	PAFAH1B1	PAFAH1B1	retained	11	10	-1	0.7594610909105458	0.7564808774811982
ENSG00000007372	PAX6	PAX6	retained	36	42	6	0.7230866483944953	0.7130300953147943
ENSG00000014641		MDH1	new_only		47			0.7098138031524641
ENSG00000018625	ATP1A2	ATP1A2	retained	52	46	-6	0.7115487170536594	0.7101553547499788
ENSG00000049759	NEDD4L	NEDD4L	retained	13	15	2	0.750958689154561	0.7439019768989714
ENSG00000065243	PKN2	PKN2	retained	29	53	24	0.7292149402244248	0.7056292460399796
ENSG00000066468	FGFR2	FGFR2	retained	39	40	1	0.7209245173602269	0.7153996744195403
ENSG00000068796	KIF2A	KIF2A	retained	51	32	-19	0.7143500320501119	0.7184594922598494
ENSG00000070018	LRP6		old_only	59			0.7036220970548882	
ENSG00000070367	EXOC5		old_only	65			0.7015097650054263	
ENSG00000070831		CDC42	new_only		52			0.706285499363905
ENSG00000072832	CRMP1	CRMP1	retained	26	20	-6	0.7340408200607019	0.733632455120873
ENSG00000077782	FGFR1	FGFR1	retained	56	55	-1	0.7092566798484954	0.7052907048029408
ENSG00000080493	SLC4A4	SLC4A4	retained	49	48	-1	0.7146892598376917	0.7091459081059367
ENSG00000087586	AURKA		old_only	47			0.7158196036891318	
ENSG00000094631	HDAC6	HDAC6	retained	21	34	13	0.7404277844230014	0.7173617665807616
ENSG00000095637		SORBS1	new_only		51			0.7079716723892422
ENSG00000100503	NIN		old_only	38			0.7216272020408172	
ENSG00000100804	PSMB5	PSMB5	retained	17	45	28	0.7472922124328247	0.7114523451482343
ENSG00000100997	ABHD12	ABHD12	retained	42	37	-5	0.7195496916278703	0.716227373740005
ENSG00000104888	SLC17A7	SLC17A7	retained	60	58	-2	0.7035744711389212	0.7028082679407452
ENSG00000107643	MAPK8	MAPK8	retained	23	12	-11	0.7384319057168292	0.7483355509148518
ENSG00000107736	CDH23	CDH23	retained	54	44	-10	0.7104902051629891	0.712616911391397
ENSG00000107957	SH3PXD2A		old_only	62			0.702771648186607	
ENSG00000112715	VEGFA	VEGFA	retained	1	2	1	0.8213166705871076	0.7983100360862342
ENSG00000115414	FN1	FN1	retained	41	27	-14	0.7200572187432975	0.7236039963570988
ENSG00000120438	TCP1	TCP1	retained	22	21	-1	0.7388059071649344	0.7327279364603851
ENSG00000122970	IFT81		old_only	64			0.7017250075026689	
ENSG00000124140	SLC12A5	SLC12A5	retained	20	18	-2	0.7416076753741487	0.7412696703821319
ENSG00000125378	BMP4	BMP4	retained	43	54	11	0.7190036010462812	0.7054393658314615
ENSG00000125863	MKKS		old_only	44			0.7178516920447626	
ENSG00000127481	UBR4	UBR4	retained	32	36	4	0.7267914021556351	0.7168813231424511
ENSG00000127955	GNAI1		old_only	31			0.7272816998343024	
ENSG00000129084	PSMA1	PSMA1	retained	48	41	-7	0.7153789485432862	0.7136938274401583
ENSG00000129244	ATP1B2	ATP1B2	retained	61	59	-2	0.7029417600062444	0.7025815268233978
ENSG00000134982	APC		old_only	57			0.7082013580395643	
ENSG00000135541	AHI1	AHI1	retained	8	8	0	0.7662560141803536	0.7671912465586458
ENSG00000136811	ODF2	ODF2	retained	9	11	2	0.7654225470180278	0.7535527938188196
ENSG00000137285	TUBB2B		old_only	66			0.7012430939152163	
ENSG00000137693	YAP1	YAP1	retained	30	31	1	0.7289388605885608	0.7202077085301319
ENSG00000137822	TUBGCP4	TUBGCP4	retained	40	30	-10	0.7207873694689628	0.7206652444965892
ENSG00000138175	ARL3	ARL3	retained	28	24	-4	0.7320111918763361	0.7270969883382541
ENSG00000139988	RDH12	RDH12	retained	55	50	-5	0.7095089789137455	0.7081336523416201
ENSG00000140350	ANP32A	ANP32A	retained	12	16	4	0.7509840944657191	0.7434782352813433
ENSG00000140443	IGF1R	IGF1R	retained	25	22	-3	0.7344137511005986	0.7288580147303048
ENSG00000141646	SMAD4	SMAD4	retained	15	39	24	0.7495488553280034	0.715524357121406
ENSG00000142676		RPL11	new_only		43			0.7130146830147533
ENSG00000143153	ATP1B1	ATP1B1	retained	4	6	2	0.7959856220590794	0.7854537542429114
ENSG00000143702		CEP170	new_only		57			0.7029615204018164
ENSG00000144635	DYNC1LI1	DYNC1LI1	retained	6	4	-2	0.7813896832617364	0.789853792313813
ENSG00000148204	CRB2	CRB2	retained	53	56	3	0.7109733057175658	0.7039350664074491
ENSG00000148498		PARD3	new_only		61			0.7010430756034312
ENSG00000150275	PCDH15	PCDH15	retained	37	33	-4	0.7218489609697835	0.7179602769063059
ENSG00000150753	CCT5	CCT5	retained	16	13	-3	0.7481793485608016	0.7475621808251117
ENSG00000152661	GJA1	GJA1	retained	46	29	-17	0.7159767558039023	0.7211374559757282
ENSG00000155657	TTN	TTN	retained	34	35	1	0.7255518161830685	0.7170697209964126
ENSG00000158445	KCNB1		old_only	68			0.7001030934410617	
ENSG00000159399		HK2	new_only		60			0.7013732168783862
ENSG00000162738	VANGL2	VANGL2	retained	3	3	0	0.7983504152569137	0.7941293435691752
ENSG00000162992	NEUROD1	NEUROD1	retained	7	7	0	0.769478954253345	0.7691715871980784
ENSG00000163399	ATP1A1	ATP1A1	retained	5	5	0	0.7948513627586957	0.7888154800085518
ENSG00000163914	RHO	RHO	retained	33	26	-7	0.7263249609101952	0.7245307006368013
ENSG00000164588	HCN1	HCN1	retained	10	9	-1	0.7623647012218818	0.7619077084219394
ENSG00000164690	SHH	SHH	retained	24	23	-1	0.7355462579282294	0.7280958701268893
ENSG00000166862	CACNG2		old_only	67			0.700277274294823	
ENSG00000170889	RPS9		old_only	50			0.7145310201105283	
ENSG00000171316	CHD7	CHD7	retained	45	38	-7	0.7166411471902989	0.7160677337335757
ENSG00000171603	CLSTN1		old_only	63			0.7026720541224795	
ENSG00000175203	DCTN2	DCTN2	retained	19	25	6	0.7418220227045749	0.7254109980336199
ENSG00000176697	BDNF	BDNF	retained	14	14	0	0.7503947617892	0.7471539894501644
ENSG00000177807	KCNJ10	KCNJ10	retained	35	28	-7	0.7253969871296015	0.7232995025201139
ENSG00000183207	RUVBL2	RUVBL2	retained	18	19	1	0.7469448780576882	0.734642372039726
ENSG00000197102	DYNC1H1	DYNC1H1	retained	2	1	-1	0.8037953230922121	0.8001006622676565
ENSG00000198707	CEP290	CEP290	retained	27	49	22	0.7324647444460174	0.7084666801225709
ENSG00000204248	COL11A2	COL11A2	retained	58	62	4	0.7045246221677457	0.7004685890443976
