gene_id	gene_symbol	percentile
ENSG00000143653	SCCPDH	55.804907241172955
ENSG00000233670	PIRT	18.751246758428085
ENSG00000137198	GMPR	34.97406742469579
ENSG00000100592	DAAM1	88.18073010173549
ENSG00000141979	ENSG00000141979	50.97247157390784
ENSG00000125871	MGME1	30.585477757829644
ENSG00000167080	B4GALNT2	33.049072411729504
ENSG00000182871	COL18A1	72.31198882904448
ENSG00000203740	NTMT2	17.8884899261919
ENSG00000239620	PRR20G	11.355475763016159
ENSG00000167325	RRM1	78.05705166566926
ENSG00000183955	KMT5A	89.32276082186316
ENSG00000160949	TONSL	60.82685018950728
ENSG00000132688	NES	59.28585677239179
ENSG00000116679	IVNS1ABP	67.33991621783363
ENSG00000149308	NPAT	38.17075603431079
ENSG00000186918	ZNF395	40.06084181129064
ENSG00000119725	ZNF410	36.67963295431877
ENSG00000196498	NCOR2	84.94414522242171
ENSG00000125787	GNRH2	22.027727907440656
ENSG00000100003	SEC14L2	37.15838819070417
ENSG00000172262	ZNF131	55.65529622980252
ENSG00000014824	SLC30A9	83.04907241172951
ENSG00000197858	GPAA1	87.33293437063635
ENSG00000185875	THNSL1	9.944145222421703
ENSG00000169744	LDB2	48.27448633552763
ENSG00000150361	KLHL1	93.6265709156194
ENSG00000144580	CNOT9	80.68023139836426
ENSG00000187773	DIPK1C	18.32734889287852
ENSG00000181215	C4orf50	16.192898463993615
ENSG00000239920	ENSG00000239920	47.960303211649716
ENSG00000285526	ENSG00000285526	4.707759824456413
ENSG00000166527	CLEC4D	19.399561141033313
ENSG00000106299	WASL	78.15180530620387
ENSG00000260272	ENSG00000260272	65.28027129463395
ENSG00000006210	CX3CL1	84.13624576102134
ENSG00000143171	RXRG	42.00578495910632
ENSG00000182521	TBPL2	48.17973269499302
ENSG00000103184	SEC14L5	18.162776780371033
ENSG00000179168	GGN	13.115898663474965
ENSG00000099338	CATSPERG	31.029323758228607
ENSG00000197437	OR13G1	8.597646120087772
ENSG00000169758	TMEM266	46.20486734490325
ENSG00000104517	UBR5	94.10532615200479
ENSG00000163617	CCDC191	20.800917614203073
ENSG00000166670	MMP10	17.334929184121282
ENSG00000031823	RANBP3	69.44444444444444
ENSG00000156097	GPR61	54.219030520646314
ENSG00000233974	ENSG00000233974	43.80111709555157
ENSG00000257767	ENSG00000257767	51.02234191103132
ENSG00000125686	MED1	92.40474765609416
ENSG00000159714	ZDHHC1	38.27049670855775
ENSG00000255639	ENSG00000255639	71.10512667065629
ENSG00000130283	GDF1	19.633951725513665
ENSG00000172296	SPTLC3	40.220426890085776
ENSG00000157680	DGKI	98.49890285258329
ENSG00000154162	CDH12	48.3443048075005
ENSG00000102043	MTMR8	38.4001595850788
ENSG00000128050	PAICS	77.67803710353081
ENSG00000267041	ZNF850	12.926391382405743
ENSG00000140044	JDP2	35.82685018950728
ENSG00000083642	PDS5B	85.28825054857371
ENSG00000236424	TSPY10	5.086774386594853
ENSG00000164309	CMYA5	54.238978655495714
ENSG00000101160	CTSZ	30.760023937761822
ENSG00000144867	SRPRB	59.81448234590066
ENSG00000101940	WDR13	47.46658687412727
ENSG00000196418	ZNF124	26.466187911430282
ENSG00000181555	SETD2	86.22082585278277
ENSG00000085760	MTIF2	25.179533213644522
ENSG00000178358	OR2D3	9.240973468980652
ENSG00000033030	ZCCHC8	76.5409934171155
ENSG00000187905	LRRC74B	4.672850588469978
ENSG00000203685	STUM	30.520646319569124
ENSG00000111817	DSE	94.6788350289248
ENSG00000143033	MTF2	54.847396768402156
ENSG00000165494	PCF11	55.385996409335725
ENSG00000184349	EFNA5	91.327548374227
ENSG00000175832	ETV4	35.7769798523838
ENSG00000237172	B3GNT9	14.257929383602633
ENSG00000157445	CACNA2D3	46.77338918811091
ENSG00000127318	IL22	56.14901256732495
ENSG00000100979	PLTP	83.19868342309994
ENSG00000264006	AKR1C8	8.203670456812288
ENSG00000173868	PHOSPHO1	18.172750847795733
ENSG00000015153	YAF2	63.938759226012365
ENSG00000102030	NAA10	74.71075204468383
ENSG00000124593	ENSG00000124593	69.15519648912827
ENSG00000116237	ICMT	98.30939557151407
ENSG00000107831	FGF8	93.62158388190704
ENSG00000011009	LYPLA2	65.81887093556753
ENSG00000242252	BGLAP	62.58228605625374
ENSG00000103769	RAB11A	93.19768601635747
ENSG00000144962	SPATA16	32.27109515260323
ENSG00000156510	HKDC1	70.8657490524636
ENSG00000156284	CLDN8	42.010771992818675
ENSG00000267206	LCN6	11.260722122481548
ENSG00000131044	TTLL9	75.86774386594854
ENSG00000185475	TMEM179B	19.38460003989627
ENSG00000282936	LOC122526780	12.422700977458607
ENSG00000129911	KLF16	28.894873329343707
ENSG00000124782	RREB1	88.59465389986036
ENSG00000111481	COPZ1	97.73588669459406
ENSG00000064607	SUGP2	78.04209056453222
ENSG00000204612	FOXB2	4.214043486933972
ENSG00000179083	FAM133A	7.405745062836624
ENSG00000166979	EVA1C	39.562138440055854
ENSG00000136758	YME1L1	74.72571314582088
ENSG00000108622	ICAM2	49.76560941551965
ENSG00000182580	EPHB3	98.74825453820067
ENSG00000105171	POP4	30.924596050269297
ENSG00000213341	CHUK	87.75184520247356
ENSG00000196914	ARHGEF12	88.50488729303811
ENSG00000076321	KLHL20	84.24097346898066
ENSG00000101096	NFATC2	61.4951127069619
ENSG00000048052	HDAC9	56.702573309395575
ENSG00000118217	ATF6	89.96110113704368
ENSG00000286102	FAM246A	0.9126271693596649
ENSG00000244020	MT1HL1	7.281069220027928
ENSG00000005810	MYCBP2	96.688609615001
ENSG00000121964	GTDC1	26.142030720127668
ENSG00000138036	DYNC2LI1	90.75902653101934
ENSG00000182631	RXFP3	18.147815679233993
ENSG00000181513	ACBD4	31.403351286654697
ENSG00000090376	IRAK3	46.878116896070225
ENSG00000206181	ELOA2	31.657690005984442
ENSG00000137413	TAF8	40.21543985637343
ENSG00000142039	CCDC97	25.54857370835827
ENSG00000172380	GNG12	79.06941950927589
ENSG00000133065	SLC41A1	46.07520446838221
ENSG00000185085	INTS5	67.7837622182326
ENSG00000024422	EHD2	54.07440654298823
ENSG00000130675	MNX1	34.68481946937961
ENSG00000151327	FAM177A1	14.547177338918813
ENSG00000159720	ATP6V0D1	98.90285258328346
ENSG00000100426	ZBED4	55.94953121883104
ENSG00000213782	DDX47	59.23598643526831
ENSG00000115523	GNLY	25.099740674246956
ENSG00000213366	GSTM2	38.499900259325756
ENSG00000198083	KRTAP9-9	6.812288051067225
ENSG00000182901	RGS7	96.32954318771195
ENSG00000089012	SIRPG	23.65350089766607
ENSG00000213533	STIMATE	31.557949331737483
ENSG00000104960	PTOV1	59.76959904248953
ENSG00000278828	H3C10	16.063235587472573
ENSG00000267179	ENSG00000267179	25.094753640534613
ENSG00000145390	USP53	51.92499501296629
ENSG00000127948	POR	71.08019150209456
ENSG00000064687	ABCA7	72.13245561539996
ENSG00000162076	FLYWCH2	17.210253341312587
ENSG00000106258	CYP3A5	32.39078396169958
ENSG00000108846	ABCC3	55.44085378017155
ENSG00000244362	KRTAP19-7	2.3089966088170755
ENSG00000278619	MRM1	42.87851585876721
ENSG00000120800	UTP20	67.54438460003989
ENSG00000221926	TRIM16	27.623179732694993
ENSG00000159212	CLIC6	43.18771194893278
ENSG00000169018	FEM1B	45.1476161978855
ENSG00000126267	COX6B1	74.50129662876522
ENSG00000170209	ANKK1	37.68701376421305
ENSG00000256812	CAPNS2	14.711749451426293
ENSG00000112294	ALDH5A1	71.24476361460204
ENSG00000130775	THEMIS2	17.978256533014164
ENSG00000262152	GREP1	1.8551765409934171
ENSG00000188674	C2orf80	13.684420506682626
ENSG00000149451	ADAM33	21.434270895671258
ENSG00000196990	FAM163B	15.320167564332735
ENSG00000130023	ERMARD	20.71115100738081
ENSG00000137185	ZSCAN9	20.362058647516456
ENSG00000163320	CGGBP1	34.74466387392779
ENSG00000163803	PLB1	35.278276481149014
ENSG00000288643	ENSG00000288643	0.0
ENSG00000055208	TAB2	98.51386395372033
ENSG00000117450	PRDX1	69.86834230999402
ENSG00000116604	MEF2D	81.278675443846
ENSG00000270339	PPIAL4H	18.382206263714345
ENSG00000231989	PPP1R2B	6.478156792339916
ENSG00000168418	KCNG4	30.47576301615799
ENSG00000099968	BCL2L13	57.126471174945145
ENSG00000131196	NFATC1	68.35228406144026
ENSG00000184990	SIVA1	36.68960702174347
ENSG00000249590	ENSG00000249590	41.277678037103534
ENSG00000180440	SERTM1	14.178136844205067
ENSG00000180917	CMTR2	31.552962298025133
ENSG00000172362	OR5B12	19.998005186515062
ENSG00000118971	CCND2	67.09056453221623
ENSG00000125255	SLC10A2	19.424496309595053
ENSG00000100678	SLC8A3	77.03969678835028
ENSG00000173653	RCE1	93.01815280271295
ENSG00000173013	CFAP184	43.591661679632956
ENSG00000100029	PES1	80.47077598244564
ENSG00000130720	FIBCD1	14.876321563933773
ENSG00000163793	DNAJC5G	25.294234989028524
ENSG00000128609	NDUFA5	83.66247755834829
ENSG00000103269	RHBDL1	46.83822062637144
ENSG00000163053	SLC16A14	39.30281268701377
ENSG00000214814	FER1L6	35.59245960502693
ENSG00000008018	PSMB1	86.869140235388
ENSG00000196814	MVB12B	55.57550369040495
ENSG00000136531	SCN2A	99.20207460602434
ENSG00000023608	SNAPC1	34.779573109914224
ENSG00000125731	SH2D3A	20.47676042290046
ENSG00000146072	TNFRSF21	82.59525234390584
ENSG00000198626	RYR2	71.22481547975265
ENSG00000160229	ZNF66	24.207061639736686
ENSG00000163251	FZD5	98.78815080789947
ENSG00000132746	ALDH3B2	23.000199481348492
ENSG00000258466	ENSG00000258466	48.85298224615999
ENSG00000123080	CDKN2C	60.85178535806902
ENSG00000188771	PLET1	35.25832834629962
ENSG00000152213	ARL11	2.9323758228605628
ENSG00000163041	H3-3A	60.65230400957511
ENSG00000164989	CCDC171	36.82425693197686
ENSG00000105879	CBLL1	76.85517654099343
ENSG00000249915	PDCD6	67.82864552164372
ENSG00000146453	PNLDC1	65.44484340714143
ENSG00000155304	HSPA13	42.78874925194495
ENSG00000173627	APOBEC4	17.948334330740074
ENSG00000154518	ATP5MC3	84.7147416716537
ENSG00000124422	USP22	87.42270097745862
ENSG00000085274	MYNN	40.19549172152404
ENSG00000075240	GRAMD4	48.997606223818075
ENSG00000186364	NUDT17	11.036305605425893
ENSG00000151276	MAGI1	97.87053660482745
ENSG00000153879	CEBPG	34.45541591861161
ENSG00000143416	SELENBP1	40.65928585677239
ENSG00000261308	FIGNL2	54.23399162178336
ENSG00000105011	ASF1B	37.22820666267704
ENSG00000286185	ENSG00000286185	2.0297227209255935
ENSG00000127366	TAS2R5	29.12926391382406
ENSG00000166592	RRAD	44.51924995012966
ENSG00000168386	FILIP1L	56.93197686016358
ENSG00000134851	TMEM165	73.31438260522641
ENSG00000147471	PLPBP	44.40454817474566
ENSG00000165861	ZFYVE1	68.55675244364652
ENSG00000280571	ENSG00000280571	28.690404947137445
ENSG00000241119	UGT1A9	49.640933572710956
ENSG00000128394	APOBEC3F	44.140235387991225
ENSG00000107331	ABCA2	96.45421903052065
ENSG00000187583	PLEKHN1	10.373030121683623
ENSG00000166387	PPFIBP2	31.757430680231398
ENSG00000108244	KRT23	19.414522242170356
ENSG00000096696	DSP	97.57131458208657
ENSG00000174586	ZNF497	18.36225812886495
ENSG00000104219	ZDHHC2	40.330141631757435
ENSG00000172673	THEMIS	20.451825254338722
ENSG00000132664	POLR3F	47.43666467185319
ENSG00000110328	GALNT18	39.8164771593856
ENSG00000156076	WIF1	61.475164572112504
ENSG00000108825	PTGES3L-AARSD1	9.12627169359665
ENSG00000061936	SFSWAP	79.34869339716737
ENSG00000186886	OR5D3P	2.3439058448035106
ENSG00000143303	METTL25B	13.041093157789746
ENSG00000184164	CRELD2	36.77937362856573
ENSG00000086189	DIMT1	56.09914223020148
ENSG00000169905	TOR1AIP2	54.433472970277286
ENSG00000171773	NXNL1	72.38679433472971
ENSG00000090621	PABPC4	87.15340115699183
ENSG00000166166	TRMT61A	28.007181328545784
ENSG00000103342	GSPT1	76.29662876521046
ENSG00000169800	RBMY1F	5.590464791541991
ENSG00000130035	GALNT8	27.528426092160384
ENSG00000145349	CAMK2D	98.70337123478954
ENSG00000172992	DCAKD	50.12966287652104
ENSG00000179846	NKPD1	6.343506882106523
ENSG00000155962	CLIC2	52.63814083383204
ENSG00000184307	ZDHHC23	18.74127269100339
ENSG00000019485	PRDM11	69.9082385796928
ENSG00000203778	FAM229B	23.74326750448833
ENSG00000286135	SPADH	1.575902653101935
ENSG00000108511	HOXB6	24.885298224615997
ENSG00000163515	RETNLB	3.9297825653301413
ENSG00000165802	NSMF	45.45681228805107
ENSG00000189090	FAM25G	2.209255934570118
ENSG00000129515	SNX6	59.4853381208857
ENSG00000180185	FAHD1	45.43187711948933
ENSG00000112343	TRIM38	42.898463993616595
ENSG00000177854	TMEM187	6.538001196888091
ENSG00000149179	CSTPP1	67.7638140833832
ENSG00000101596	SMCHD1	74.33173748254538
ENSG00000224109	CENPVL3	4.109315778974667
ENSG00000147606	SLC26A7	83.35328146818273
ENSG00000091482	SMPX	85.06882106523041
ENSG00000083099	LYRM2	15.125673249551166
ENSG00000124159	MATN4	29.56812288051067
ENSG00000182255	KCNA4	63.85397965290246
ENSG00000148143	ZNF462	83.23359265908637
ENSG00000290230	ENSG00000290230	0.0
ENSG00000179588	ZFPM1	43.87592260123678
ENSG00000122140	MRPS2	53.62058647516458
ENSG00000186212	SOWAHB	18.422102533413128
ENSG00000122641	INHBA	91.50209455415919
ENSG00000270249	ENSG00000270249	8.961699581089167
ENSG00000184988	TMEM106A	18.736285657291045
ENSG00000123091	RNF11	79.69279872331937
ENSG00000149499	EML3	78.78515858767206
ENSG00000177432	NAP1L5	13.549770596449232
ENSG00000156467	UQCRB	62.16337522441652
ENSG00000230268	SSU72L6	5.500698184719729
ENSG00000136937	NCBP1	84.41551964891283
ENSG00000267221	C17orf113	32.27608218631558
ENSG00000134107	BHLHE40	78.87991222820666
ENSG00000100650	SRSF5	92.84360662278077
ENSG00000134463	ECHDC3	47.551366447237186
ENSG00000087884	AAMDC	11.884101336525035
ENSG00000265817	FSBP	22.596249750648315
ENSG00000136536	MARCHF7	77.12946339517255
ENSG00000168096	ANKS3	65.55455814881309
ENSG00000170236	USP50	25.41891083183722
ENSG00000175518	UBQLNL	7.01675643327349
ENSG00000128815	WDFY4	21.898065030919607
ENSG00000118246	FASTKD2	62.776780371035315
ENSG00000138594	TMOD3	73.65350089766606
ENSG00000106609	TMEM248	30.530620386993817
ENSG00000147596	PRDM14	36.53002194294834
ENSG00000156599	ZDHHC5	83.6325553560742
ENSG00000177103	DSCAML1	99.34669858368243
ENSG00000156968	MPV17L	19.594055455814882
ENSG00000105221	AKT2	93.20267305006982
ENSG00000254122	PCDHGB7	49.92519449431478
ENSG00000157593	SLC35B2	73.85298224615998
ENSG00000224089	CT47A10	1.1270696189906244
ENSG00000105996	HOXA2	40.03590664272891
ENSG00000179820	MYADM	50.04987033712348
ENSG00000150712	MTMR12	62.88649511270697
ENSG00000177182	CLVS1	79.52323957709955
ENSG00000180537	RNF182	32.70496708557749
ENSG00000185760	KCNQ5	48.897865549571115
ENSG00000310517	CAST	41.591861160981445
ENSG00000099899	TRMT2A	43.44205066826252
ENSG00000026297	RNASET2	88.92878515858767
ENSG00000133321	PLAAT4	59.97406742469579
ENSG00000106701	FSD1L	53.66048274486336
ENSG00000131725	WDR44	51.50109714741672
ENSG00000196371	FUT4	53.51585876720527
ENSG00000143595	AQP10	41.12307999202074
ENSG00000142168	SOD1	71.62377817674047
ENSG00000142619	PADI3	25.887692000797923
ENSG00000173372	C1QA	42.36485138639537
ENSG00000285635	ENSG00000285635	0.0
ENSG00000186919	ZACN	21.499102333931777
ENSG00000158411	MITD1	45.995411928984645
ENSG00000164169	PRMT9	39.63195691202873
ENSG00000101448	EPPIN	50.34909235986436
ENSG00000173163	COMMD1	66.60183522840615
ENSG00000145908	ZNF300	50.63335328146819
ENSG00000127472	PLA2G5	75.22441651705566
ENSG00000239732	TLR9	85.99142230201477
ENSG00000125571	IL37	32.28605625374028
ENSG00000204021	LIPK	34.53022142429683
ENSG00000072041	SLC6A15	89.37263115898664
ENSG00000196961	AP2A1	92.93337322960303
ENSG00000117407	ARTN	52.56333532814682
ENSG00000052723	SIKE1	74.770596449232
ENSG00000203797	DDO	26.067225214442452
ENSG00000284976	LOC122513141	13.704368641532017
ENSG00000142599	RERE	87.79174147217236
ENSG00000124743	KLHL31	25.139636943945742
ENSG00000114737	CISH	49.81547975264313
ENSG00000279761	OR5D13	3.3712347895471777
ENSG00000146267	FAXC	47.49152204268901
ENSG00000135185	TMEM243	9.505286255735088
ENSG00000047457	CP	92.26511071214841
ENSG00000167914	GSDMA	36.57490524635947
ENSG00000129450	SIGLEC9	42.649112307999204
ENSG00000188162	OTOG	45.95052862557351
ENSG00000164338	UTP15	73.6983842010772
ENSG00000089123	TASP1	44.22002792738879
ENSG00000164053	ATRIP	48.38918811091163
ENSG00000288625	LOC128071545	0.0
ENSG00000170801	HTRA3	37.87153401156992
ENSG00000165660	ABRAXAS2	66.06822262118493
ENSG00000185291	IL3RA	46.942948334330744
ENSG00000083312	TNPO1	92.0855774985039
ENSG00000164879	CA3	37.72691003391183
ENSG00000204099	NEU4	46.369439457410735
ENSG00000152439	ZNF773	14.97107520446838
ENSG00000172469	MANEA	34.2359864352683
ENSG00000173933	RBM4	88.07600239377619
ENSG00000146859	TMEM140	6.313584679832436
ENSG00000100425	BRD1	76.16197885497706
ENSG00000119703	ZC2HC1C	26.745461799321763
ENSG00000103375	AQP8	93.06802313983643
ENSG00000055732	MCOLN3	55.884699780570514
ENSG00000165175	MID1IP1	88.4001595850788
ENSG00000158636	EMSY	85.20347097546379
ENSG00000150347	ARID5B	78.43107919409536
ENSG00000164164	OTUD4	78.48593656493118
ENSG00000186818	LILRB4	62.268102932375825
ENSG00000124827	GCM2	34.420506682625174
ENSG00000178537	SLC25A20	23.608617594254937
ENSG00000152527	PLEKHH2	24.516257729902254
ENSG00000173599	PC	90.13564731697586
ENSG00000186812	ZNF397	42.6590863754239
ENSG00000187553	CYP26C1	19.309794534211054
ENSG00000188486	H2AX	78.56572910432875
ENSG00000006652	IFRD1	44.05046878116896
ENSG00000189190	ZNF600	45.83083981647716
ENSG00000112246	SIM1	33.86195890684221
ENSG00000288712	LOC127898563	0.0
ENSG00000103404	USP31	42.82864552164373
ENSG00000171054	OR13H1	3.111909036505087
ENSG00000175768	TOMM5	39.19808497905446
ENSG00000118557	PMFBP1	55.051865150608414
ENSG00000126550	HTN1	82.40574506283662
ENSG00000225526	MKRN2OS	17.773788150807903
ENSG00000139624	CERS5	84.23099940155596
ENSG00000198677	SKIC3	77.14941153002195
ENSG00000189252	SPANXN3	5.405944544185118
ENSG00000146223	RPL7L1	54.27388789148214
ENSG00000197961	ZNF121	38.94374625972471
ENSG00000185728	YTHDF3	94.01555954518253
ENSG00000130731	METTL26	6.1689607021743464
ENSG00000092068	SLC7A8	84.2559345701177
ENSG00000177990	DPY19L2	56.443247556353484
ENSG00000170458	CD14	37.47755834829444
ENSG00000198003	ODAD3	85.04887293038101
ENSG00000106006	HOXA6	35.34809495312189
ENSG00000146555	SDK1	42.933373229603035
ENSG00000256713	PGA5	22.61121085178536
ENSG00000174348	PODN	28.48094953121883
ENSG00000164916	FOXK1	80.6852184320766
ENSG00000116521	SCAMP3	55.520646319569124
ENSG00000133027	PEMT	25.084779573109916
ENSG00000153391	INO80C	28.096947935368043
ENSG00000176386	CDC26	44.88330341113106
ENSG00000102054	RBBP7	70.32714941153002
ENSG00000151364	KCTD14	4.054458408138839
ENSG00000110911	SLC11A2	73.53381208856972
ENSG00000188501	LCTL	16.09315778974666
ENSG00000152409	JMY	67.65409934171154
ENSG00000081479	LRP2	98.18970676241771
ENSG00000137713	PPP2R1B	64.3377219230002
ENSG00000233024	NPIPA9	19.514262916417316
ENSG00000132561	MATN2	43.74127269100339
ENSG00000143183	TMCO1	69.18013165769
ENSG00000273604	EPOP	7.824655894673849
ENSG00000137261	KIAA0319	85.14362657091561
ENSG00000183628	DGCR6	68.20267305006982
ENSG00000244274	DBNDD2	34.03650508677439
ENSG00000176029	C11orf16	6.333532814681828
ENSG00000183508	TENT5C	48.972671055256335
ENSG00000105467	SYNGR4	8.93676441252743
ENSG00000163746	PLSCR2	37.98124875324157
ENSG00000064490	RFXANK	39.15320167564333
ENSG00000157557	ETS2	74.98005186515061
ENSG00000151967	SCHIP1	61.16098144823459
ENSG00000136960	ENPP2	77.2491522042689
ENSG00000111696	NT5DC3	20.820865749052466
ENSG00000185104	FAF1	79.40853780171554
ENSG00000186827	TNFRSF4	40.06582884500299
ENSG00000175395	ZNF25	44.22501496110114
ENSG00000221994	ZNF630	22.49152204268901
ENSG00000148154	UGCG	89.83642529423499
ENSG00000275674	ENSG00000275674	6.857171354478356
ENSG00000077150	NFKB2	68.721324556154
ENSG00000136026	CKAP4	88.46000398962697
ENSG00000178202	POGLUT3	40.28027129463395
ENSG00000184995	IFNE	27.129463395172554
ENSG00000106628	POLD2	60.313185717135454
ENSG00000170786	SDR16C5	45.820865749052466
ENSG00000125089	SH3TC1	6.617793736285657
ENSG00000197786	OR5B17	3.4659884300817874
ENSG00000204576	PRR3	27.22421703570716
ENSG00000075151	EIF4G3	89.90125673249551
ENSG00000215717	TMEM167B	39.26790345102733
ENSG00000164241	C5orf63	2.9423498902852585
ENSG00000090013	BLVRB	19.658886894075405
ENSG00000116675	DNAJC6	89.83143826052265
ENSG00000148950	IMMP1L	14.701775384001598
ENSG00000147679	UTP23	23.728306403351286
ENSG00000163734	CXCL3	39.68182724915221
ENSG00000197444	OGDHL	80.42589267903452
ENSG00000141933	TPGS1	51.23179732694994
ENSG00000171847	FAM90A1	14.631956912028727
ENSG00000187191	DAZ3	3.3313385198483947
ENSG00000250506	CDK3	18.347297027727908
ENSG00000109738	GLRB	78.49092359864352
ENSG00000137815	RTF1	80.29124276880111
ENSG00000158161	EYA3	77.16935966487134
ENSG00000149021	SCGB1A1	25.229403550768005
ENSG00000198732	SMOC1	72.72092559345701
ENSG00000101916	TLR8	56.11909036505087
ENSG00000160221	GATD3	71.85816876122082
ENSG00000187775	DNAH17	78.10692200279274
ENSG00000180694	TMEM64	52.608218631557946
ENSG00000185339	TCN2	32.61021344504289
ENSG00000182903	ZNF721	31.887093556752443
ENSG00000279012	OR51B2	3.4310791940953522
ENSG00000162415	ZSWIM5	39.01855176540994
ENSG00000090932	DLL3	22.48653500897666
ENSG00000112578	BYSL	66.4621982844604
ENSG00000177981	ASB8	55.65030919609016
ENSG00000087269	NOP14	77.1444244963096
ENSG00000204681	GABBR1	98.89786554957112
ENSG00000146166	LGSN	25.782964292838624
ENSG00000147144	CCDC120	63.499900259325756
ENSG00000172893	DHCR7	81.50309196090166
ENSG00000186526	CYP4F8	27.82764811490126
ENSG00000089009	RPL6	99.83044085378017
