working_reviewer	comment_id	request	phase	planned_evidence	status	journal_reviewer
download_report	major_1	Define prediction target and separate Usher/SYSCILIA	1,2,4	Scope statement; separate control metrics	phase5_text_and_deliverables_prepared; clinical_cohort_provisional_pending_human_verification; independent_opus_final_audit_completed_author_review_ready	1
download_report	major_2	Separate calibration/evaluation; clarify HIGH	1,3,4	Calibration caveat; independent-evidence feasibility; completed historical analogues; explicit weak recovery and provisional clinical ascertainment	phase5_text_and_deliverables_prepared; clinical_cohort_provisional_pending_human_verification; independent_opus_final_audit_completed_author_review_ready	1
download_report	major_3	Show final control tiers and filtering losses	2,4	Control trace; threshold grid	phase5_text_and_deliverables_prepared; clinical_cohort_provisional_pending_human_verification; independent_opus_final_audit_completed_author_review_ready	1
download_report	major_4	Specificity concern; larger matched disease controls	3,4	Frozen unrelated-disease comparator design	phase5_text_and_deliverables_prepared; clinical_cohort_provisional_pending_human_verification; independent_opus_final_audit_completed_author_review_ready	1
download_report	major_5	Heuristic weights; baselines and top-K persistence	2,4	Baselines; LOO; weight-family membership	phase5_text_and_deliverables_prepared; clinical_cohort_provisional_pending_human_verification; independent_opus_final_audit_completed_author_review_ready	1
download_report	major_6	Sparse evidence and minimum layer requirements	2,4	Completeness strata; threshold grid	phase5_text_and_deliverables_prepared; clinical_cohort_provisional_pending_human_verification; independent_opus_final_audit_completed_author_review_ready	1
download_report	major_7	Layer overlap and within-layer combination	2,4	Pairwise correlations/N; source-method description	phase5_text_and_deliverables_prepared; clinical_cohort_provisional_pending_human_verification; independent_opus_final_audit_completed_author_review_ready	1
download_report	major_8	Limit mantis-ml claims; simple baselines/temporal feasibility	2,3,4	Single-layer/equal baselines; cutoff feasibility; completed historical analogues; explicit weak recovery and provisional clinical ascertainment	phase5_text_and_deliverables_prepared; clinical_cohort_provisional_pending_human_verification; independent_opus_final_audit_completed_author_review_ready	1
download_report	major_9	Provenance; environment; actual submission checksums	1,4,5	Input manifest; reproducibility packaging; converted-file hashes	phase5_text_and_deliverables_prepared; clinical_cohort_provisional_pending_human_verification; independent_opus_final_audit_completed_author_review_ready	1
download_report	major_10	Retina-oriented expression; cerebellum proxy	2,4	Expression contribution and proxy removal	phase5_text_and_deliverables_prepared; clinical_cohort_provisional_pending_human_verification; independent_opus_final_audit_completed_author_review_ready	1
download_report	minor_1	Define seed-free at first use	4	Definition separating raw score from calibration	phase5_text_and_deliverables_prepared; clinical_cohort_provisional_pending_human_verification; independent_opus_final_audit_completed_author_review_ready	1
download_report	minor_2	Replace confidence tier with priority tier	4	Terminology sweep	phase5_text_and_deliverables_prepared; clinical_cohort_provisional_pending_human_verification; independent_opus_final_audit_completed_author_review_ready	1
download_report	minor_3	Check canonical identifier/HGNC wording	4	Identifier terminology audit	phase5_text_and_deliverables_prepared; clinical_cohort_provisional_pending_human_verification; independent_opus_final_audit_completed_author_review_ready	1
download_report	minor_4	Main-text control tier distribution	2,4	Control trace table	phase5_text_and_deliverables_prepared; clinical_cohort_provisional_pending_human_verification; independent_opus_final_audit_completed_author_review_ready	1
download_report	minor_5	State background sampling and random seed	4	Existing sampling code: no replacement, n<=500, seed 42	phase5_text_and_deliverables_prepared; clinical_cohort_provisional_pending_human_verification; independent_opus_final_audit_completed_author_review_ready	1
download_report	minor_6	Archive exact software with DOI if possible	5	Archive feasibility and author-facing release package	exact_git_versions_and_delivered_hashes_provided; DOI_not_minted_and_reason_disclosed	1
download_report	minor_7	Consider shortening detailed biological background	4	Evaluate redundancy after results are fixed; preserve rationale	phase5_text_and_deliverables_prepared; clinical_cohort_provisional_pending_human_verification; independent_opus_final_audit_completed_author_review_ready	1
pasted_comment	point_1	Add Background supporting reference	4	Claim-level reference verification	phase5_text_and_deliverables_prepared; clinical_cohort_provisional_pending_human_verification; independent_opus_final_audit_completed_author_review_ready	3
pasted_comment	point_2	Clarify post-hoc gate and HIGH interpretation	1,2,4	Scope/gate caveats; control trace	phase5_text_and_deliverables_prepared; clinical_cohort_provisional_pending_human_verification; independent_opus_final_audit_completed_author_review_ready	3
pasted_comment	point_3	Justify predefined weights and ranking sensitivity	2,4	Baselines and membership stability	phase5_text_and_deliverables_prepared; clinical_cohort_provisional_pending_human_verification; independent_opus_final_audit_completed_author_review_ready	3
pasted_comment	point_4	Independent evidence for novel disease genes	3,4	Independent-evidence feasibility; limit discovery claim; completed historical analogues; explicit weak recovery and provisional clinical ascertainment	phase5_text_and_deliverables_prepared; clinical_cohort_provisional_pending_human_verification; independent_opus_final_audit_completed_author_review_ready	3
pasted_comment	point_5	Impact of absent production hair-cell evidence	2,4	Expression coverage; proxy analysis; limitation discussion	phase5_text_and_deliverables_prepared; clinical_cohort_provisional_pending_human_verification; independent_opus_final_audit_completed_author_review_ready	3
pasted_comment	point_6	General importance versus biological specificity	2,3,4	Layer overlap; matched comparator study	phase5_text_and_deliverables_prepared; clinical_cohort_provisional_pending_human_verification; independent_opus_final_audit_completed_author_review_ready	3
