gene_id	gene_symbol	default_rank	production_tier	default_top_25	modest_weights_top_25_count	modest_weights_top_25_denominator	modest_weights_top_25_frequency	leave_one_out_top_25_count	leave_one_out_top_25_denominator	leave_one_out_top_25_frequency	default_top_50	modest_weights_top_50_count	modest_weights_top_50_denominator	modest_weights_top_50_frequency	leave_one_out_top_50_count	leave_one_out_top_50_denominator	leave_one_out_top_50_frequency	default_top_100	modest_weights_top_100_count	modest_weights_top_100_denominator	modest_weights_top_100_frequency	leave_one_out_top_100_count	leave_one_out_top_100_denominator	leave_one_out_top_100_frequency
ENSG00000285329	ENSG00000285329	1.0	LOW	True	25	25	1.0	4	6	0.6666666666666666	True	25	25	1.0	4	6	0.6666666666666666	True	25	25	1.0	5	6	0.8333333333333334
ENSG00000267127	ENSG00000267127	2.0	LOW	True	24	25	0.96	4	6	0.6666666666666666	True	25	25	1.0	4	6	0.6666666666666666	True	25	25	1.0	4	6	0.6666666666666666
ENSG00000272162	ENSG00000272162	3.0	LOW	True	24	25	0.96	4	6	0.6666666666666666	True	25	25	1.0	4	6	0.6666666666666666	True	25	25	1.0	4	6	0.6666666666666666
ENSG00000197102	DYNC1H1	4.0	HIGH	True	25	25	1.0	5	6	0.8333333333333334	True	25	25	1.0	6	6	1.0	True	25	25	1.0	6	6	1.0
ENSG00000112715	VEGFA	5.0	HIGH	True	25	25	1.0	6	6	1.0	True	25	25	1.0	6	6	1.0	True	25	25	1.0	6	6	1.0
ENSG00000162738	VANGL2	6.0	HIGH	True	24	25	0.96	5	6	0.8333333333333334	True	25	25	1.0	5	6	0.8333333333333334	True	25	25	1.0	6	6	1.0
ENSG00000144635	DYNC1LI1	7.0	HIGH	True	25	25	1.0	4	6	0.6666666666666666	True	25	25	1.0	5	6	0.8333333333333334	True	25	25	1.0	6	6	1.0
ENSG00000163399	ATP1A1	8.0	HIGH	True	25	25	1.0	6	6	1.0	True	25	25	1.0	6	6	1.0	True	25	25	1.0	6	6	1.0
ENSG00000255872	ENSG00000255872	9.0	LOW	True	24	25	0.96	4	6	0.6666666666666666	True	24	25	0.96	4	6	0.6666666666666666	True	25	25	1.0	4	6	0.6666666666666666
ENSG00000143153	ATP1B1	10.0	HIGH	True	25	25	1.0	6	6	1.0	True	25	25	1.0	6	6	1.0	True	25	25	1.0	6	6	1.0
ENSG00000157087	ATP2B2	11.0	MEDIUM	True	25	25	1.0	4	6	0.6666666666666666	True	25	25	1.0	5	6	0.8333333333333334	True	25	25	1.0	6	6	1.0
ENSG00000241962	ENSG00000241962	12.0	LOW	True	24	25	0.96	4	6	0.6666666666666666	True	24	25	0.96	4	6	0.6666666666666666	True	25	25	1.0	4	6	0.6666666666666666
ENSG00000008710	PKD1	13.0	MEDIUM	True	25	25	1.0	5	6	0.8333333333333334	True	25	25	1.0	5	6	0.8333333333333334	True	25	25	1.0	6	6	1.0
ENSG00000162992	NEUROD1	14.0	HIGH	True	23	25	0.92	3	6	0.5	True	25	25	1.0	4	6	0.6666666666666666	True	25	25	1.0	6	6	1.0
ENSG00000135541	AHI1	15.0	HIGH	True	21	25	0.84	3	6	0.5	True	24	25	0.96	4	6	0.6666666666666666	True	25	25	1.0	4	6	0.6666666666666666
ENSG00000164588	HCN1	16.0	HIGH	True	23	25	0.92	3	6	0.5	True	25	25	1.0	5	6	0.8333333333333334	True	25	25	1.0	5	6	0.8333333333333334
ENSG00000007168	PAFAH1B1	17.0	HIGH	True	19	25	0.76	3	6	0.5	True	24	25	0.96	4	6	0.6666666666666666	True	25	25	1.0	5	6	0.8333333333333334
ENSG00000106976	DNM1	18.0	MEDIUM	True	21	25	0.84	2	6	0.3333333333333333	True	25	25	1.0	4	6	0.6666666666666666	True	25	25	1.0	5	6	0.8333333333333334
ENSG00000136811	ODF2	19.0	HIGH	True	17	25	0.68	2	6	0.3333333333333333	True	23	25	0.92	4	6	0.6666666666666666	True	25	25	1.0	4	6	0.6666666666666666
ENSG00000204677	FAM153CP	20.0	LOW	True	16	25	0.64	3	6	0.5	True	23	25	0.92	3	6	0.5	True	24	25	0.96	4	6	0.6666666666666666
ENSG00000105409	ATP1A3	21.0	MEDIUM	True	18	25	0.72	2	6	0.3333333333333333	True	24	25	0.96	3	6	0.5	True	25	25	1.0	5	6	0.8333333333333334
ENSG00000107643	MAPK8	22.0	HIGH	True	14	25	0.56	0	6	0.0	True	25	25	1.0	3	6	0.5	True	25	25	1.0	6	6	1.0
ENSG00000150753	CCT5	23.0	HIGH	True	16	25	0.64	2	6	0.3333333333333333	True	23	25	0.92	2	6	0.3333333333333333	True	25	25	1.0	5	6	0.8333333333333334
ENSG00000176697	BDNF	24.0	HIGH	True	11	25	0.44	1	6	0.16666666666666666	True	25	25	1.0	3	6	0.5	True	25	25	1.0	6	6	1.0
ENSG00000029534	ANK1	25.0	MEDIUM	True	7	25	0.28	1	6	0.16666666666666666	True	23	25	0.92	2	6	0.3333333333333333	True	25	25	1.0	5	6	0.8333333333333334
ENSG00000049759	NEDD4L	26.0	HIGH	False	8	25	0.32	1	6	0.16666666666666666	True	24	25	0.96	3	6	0.5	True	25	25	1.0	5	6	0.8333333333333334
ENSG00000140350	ANP32A	27.0	HIGH	False	10	25	0.4	1	6	0.16666666666666666	True	23	25	0.92	4	6	0.6666666666666666	True	24	25	0.96	5	6	0.8333333333333334
ENSG00000087258	GNAO1	28.0	MEDIUM	False	8	25	0.32	2	6	0.3333333333333333	True	21	25	0.84	3	6	0.5	True	25	25	1.0	4	6	0.6666666666666666
ENSG00000220205	VAMP2	29.0	MEDIUM	False	8	25	0.32	1	6	0.16666666666666666	True	24	25	0.96	2	6	0.3333333333333333	True	25	25	1.0	5	6	0.8333333333333334
ENSG00000084764	MAPRE3	30.0	MEDIUM	False	3	25	0.12	1	6	0.16666666666666666	True	23	25	0.92	2	6	0.3333333333333333	True	25	25	1.0	5	6	0.8333333333333334
ENSG00000001617	SEMA3F	31.0	HIGH	False	2	25	0.08	0	6	0.0	True	25	25	1.0	3	6	0.5	True	25	25	1.0	6	6	1.0
ENSG00000124140	SLC12A5	32.0	HIGH	False	7	25	0.28	1	6	0.16666666666666666	True	20	25	0.8	2	6	0.3333333333333333	True	24	25	0.96	4	6	0.6666666666666666
ENSG00000145335	SNCA	33.0	MEDIUM	False	6	25	0.24	1	6	0.16666666666666666	True	23	25	0.92	2	6	0.3333333333333333	True	25	25	1.0	5	6	0.8333333333333334
ENSG00000122756	CNTFR	34.0	MEDIUM	False	4	25	0.16	1	6	0.16666666666666666	True	21	25	0.84	2	6	0.3333333333333333	True	25	25	1.0	5	6	0.8333333333333334
ENSG00000089009	RPL6	35.0	MEDIUM	False	1	25	0.04	1	6	0.16666666666666666	True	22	25	0.88	2	6	0.3333333333333333	True	25	25	1.0	4	6	0.6666666666666666
ENSG00000183207	RUVBL2	36.0	HIGH	False	5	25	0.2	1	6	0.16666666666666666	True	22	25	0.88	2	6	0.3333333333333333	True	24	25	0.96	5	6	0.8333333333333334
ENSG00000072832	CRMP1	37.0	HIGH	False	3	25	0.12	1	6	0.16666666666666666	True	18	25	0.72	3	6	0.5	True	24	25	0.96	4	6	0.6666666666666666
ENSG00000120438	TCP1	38.0	HIGH	False	2	25	0.08	1	6	0.16666666666666666	True	18	25	0.72	2	6	0.3333333333333333	True	25	25	1.0	3	6	0.5
ENSG00000144290	SLC4A10	39.0	MEDIUM	False	1	25	0.04	1	6	0.16666666666666666	True	18	25	0.72	2	6	0.3333333333333333	True	25	25	1.0	4	6	0.6666666666666666
ENSG00000110076	NRXN2	40.0	MEDIUM	False	1	25	0.04	1	6	0.16666666666666666	True	16	25	0.64	3	6	0.5	True	25	25	1.0	3	6	0.5
ENSG00000140443	IGF1R	41.0	HIGH	False	0	25	0.0	0	6	0.0	True	16	25	0.64	1	6	0.16666666666666666	True	25	25	1.0	4	6	0.6666666666666666
ENSG00000164690	SHH	42.0	HIGH	False	2	25	0.08	1	6	0.16666666666666666	True	14	25	0.56	2	6	0.3333333333333333	True	25	25	1.0	3	6	0.5
ENSG00000174437	ATP2A2	43.0	MEDIUM	False	0	25	0.0	0	6	0.0	True	15	25	0.6	1	6	0.16666666666666666	True	25	25	1.0	3	6	0.5
ENSG00000138175	ARL3	44.0	HIGH	False	1	25	0.04	0	6	0.0	True	17	25	0.68	3	6	0.5	True	24	25	0.96	4	6	0.6666666666666666
ENSG00000074054	CLASP1	45.0	MEDIUM	False	1	25	0.04	1	6	0.16666666666666666	True	11	25	0.44	1	6	0.16666666666666666	True	25	25	1.0	3	6	0.5
ENSG00000175203	DCTN2	46.0	HIGH	False	0	25	0.0	0	6	0.0	True	12	25	0.48	3	6	0.5	True	24	25	0.96	4	6	0.6666666666666666
ENSG00000163914	RHO	47.0	HIGH	False	1	25	0.04	1	6	0.16666666666666666	True	11	25	0.44	1	6	0.16666666666666666	True	23	25	0.92	2	6	0.3333333333333333
ENSG00000115414	FN1	48.0	HIGH	False	0	25	0.0	0	6	0.0	True	7	25	0.28	0	6	0.0	True	25	25	1.0	5	6	0.8333333333333334
ENSG00000177807	KCNJ10	49.0	HIGH	False	0	25	0.0	0	6	0.0	True	8	25	0.32	2	6	0.3333333333333333	True	25	25	1.0	3	6	0.5
ENSG00000132535	DLG4	50.0	MEDIUM	False	2	25	0.08	2	6	0.3333333333333333	True	10	25	0.4	2	6	0.3333333333333333	True	20	25	0.8	3	6	0.5
ENSG00000130477	UNC13A	51.0	MEDIUM	False	0	25	0.0	1	6	0.16666666666666666	False	6	25	0.24	1	6	0.16666666666666666	True	23	25	0.92	4	6	0.6666666666666666
ENSG00000075624	ACTB	52.0	MEDIUM	False	0	25	0.0	0	6	0.0	False	10	25	0.4	2	6	0.3333333333333333	True	22	25	0.88	3	6	0.5
ENSG00000152661	GJA1	53.0	HIGH	False	0	25	0.0	0	6	0.0	False	8	25	0.32	2	6	0.3333333333333333	True	23	25	0.92	4	6	0.6666666666666666
ENSG00000137822	TUBGCP4	54.0	HIGH	False	0	25	0.0	0	6	0.0	False	11	25	0.44	2	6	0.3333333333333333	True	23	25	0.92	4	6	0.6666666666666666
ENSG00000137693	YAP1	55.0	HIGH	False	2	25	0.08	1	6	0.16666666666666666	False	10	25	0.4	2	6	0.3333333333333333	True	21	25	0.84	3	6	0.5
ENSG00000068796	KIF2A	56.0	HIGH	False	0	25	0.0	0	6	0.0	False	5	25	0.2	2	6	0.3333333333333333	True	24	25	0.96	4	6	0.6666666666666666
ENSG00000150275	PCDH15	57.0	HIGH	False	1	25	0.04	1	6	0.16666666666666666	False	5	25	0.2	1	6	0.16666666666666666	True	22	25	0.88	2	6	0.3333333333333333
ENSG00000094631	HDAC6	58.0	HIGH	False	0	25	0.0	1	6	0.16666666666666666	False	11	25	0.44	3	6	0.5	True	21	25	0.84	3	6	0.5
ENSG00000155657	TTN	59.0	HIGH	False	0	25	0.0	1	6	0.16666666666666666	False	6	25	0.24	1	6	0.16666666666666666	True	22	25	0.88	3	6	0.5
ENSG00000127481	UBR4	60.0	HIGH	False	0	25	0.0	0	6	0.0	False	5	25	0.2	2	6	0.3333333333333333	True	22	25	0.88	3	6	0.5
ENSG00000176884	GRIN1	61.0	MEDIUM	False	0	25	0.0	0	6	0.0	False	4	25	0.16	1	6	0.16666666666666666	True	23	25	0.92	3	6	0.5
ENSG00000136848	DAB2IP	62.0	MEDIUM	False	0	25	0.0	0	6	0.0	False	5	25	0.2	1	6	0.16666666666666666	True	23	25	0.92	2	6	0.3333333333333333
ENSG00000100997	ABHD12	63.0	HIGH	False	0	25	0.0	1	6	0.16666666666666666	False	4	25	0.16	1	6	0.16666666666666666	True	22	25	0.88	2	6	0.3333333333333333
ENSG00000171316	CHD7	64.0	HIGH	False	3	25	0.12	1	6	0.16666666666666666	False	10	25	0.4	2	6	0.3333333333333333	True	17	25	0.68	3	6	0.5
ENSG00000141646	SMAD4	65.0	HIGH	False	0	25	0.0	0	6	0.0	False	5	25	0.2	1	6	0.16666666666666666	True	22	25	0.88	3	6	0.5
ENSG00000066468	FGFR2	66.0	HIGH	False	0	25	0.0	0	6	0.0	False	4	25	0.16	1	6	0.16666666666666666	True	22	25	0.88	2	6	0.3333333333333333
ENSG00000264324	ENSG00000264324	67.0	LOW	False	1	25	0.04	0	6	0.0	False	5	25	0.2	3	6	0.5	True	20	25	0.8	3	6	0.5
ENSG00000250878	METTL21EP	68.0	LOW	False	1	25	0.04	0	6	0.0	False	5	25	0.2	3	6	0.5	True	19	25	0.76	3	6	0.5
ENSG00000129084	PSMA1	69.0	HIGH	False	0	25	0.0	0	6	0.0	False	2	25	0.08	1	6	0.16666666666666666	True	21	25	0.84	3	6	0.5
ENSG00000116584	ARHGEF2	70.0	MEDIUM	False	0	25	0.0	0	6	0.0	False	0	25	0.0	1	6	0.16666666666666666	True	21	25	0.84	3	6	0.5
ENSG00000007372	PAX6	71.0	HIGH	False	2	25	0.08	1	6	0.16666666666666666	False	5	25	0.2	1	6	0.16666666666666666	True	18	25	0.72	2	6	0.3333333333333333
ENSG00000142676	RPL11	72.0	HIGH	False	0	25	0.0	0	6	0.0	False	0	25	0.0	0	6	0.0	True	23	25	0.92	3	6	0.5
ENSG00000187391	MAGI2	73.0	MEDIUM	False	0	25	0.0	0	6	0.0	False	2	25	0.08	1	6	0.16666666666666666	True	20	25	0.8	2	6	0.3333333333333333
ENSG00000107736	CDH23	74.0	HIGH	False	0	25	0.0	0	6	0.0	False	2	25	0.08	1	6	0.16666666666666666	True	19	25	0.76	3	6	0.5
ENSG00000100804	PSMB5	75.0	HIGH	False	0	25	0.0	0	6	0.0	False	2	25	0.08	1	6	0.16666666666666666	True	20	25	0.8	3	6	0.5
ENSG00000164924	YWHAZ	76.0	MEDIUM	False	0	25	0.0	0	6	0.0	False	1	25	0.04	0	6	0.0	True	18	25	0.72	3	6	0.5
ENSG00000018625	ATP1A2	77.0	HIGH	False	0	25	0.0	0	6	0.0	False	2	25	0.08	0	6	0.0	True	19	25	0.76	3	6	0.5
ENSG00000014641	MDH1	78.0	HIGH	False	0	25	0.0	0	6	0.0	False	1	25	0.04	1	6	0.16666666666666666	True	20	25	0.8	3	6	0.5
ENSG00000080493	SLC4A4	79.0	HIGH	False	0	25	0.0	1	6	0.16666666666666666	False	2	25	0.08	1	6	0.16666666666666666	True	18	25	0.72	2	6	0.3333333333333333
ENSG00000198707	CEP290	80.0	HIGH	False	2	25	0.08	1	6	0.16666666666666666	False	7	25	0.28	2	6	0.3333333333333333	True	15	25	0.6	3	6	0.5
ENSG00000204435	CSNK2B	81.0	MEDIUM	False	0	25	0.0	0	6	0.0	False	1	25	0.04	1	6	0.16666666666666666	True	18	25	0.72	2	6	0.3333333333333333
ENSG00000139988	RDH12	82.0	HIGH	False	0	25	0.0	1	6	0.16666666666666666	False	1	25	0.04	1	6	0.16666666666666666	True	15	25	0.6	2	6	0.3333333333333333
ENSG00000137285	TUBB2B	83.0	MEDIUM	False	0	25	0.0	0	6	0.0	False	1	25	0.04	0	6	0.0	True	17	25	0.68	3	6	0.5
ENSG00000095637	SORBS1	84.0	HIGH	False	0	25	0.0	0	6	0.0	False	1	25	0.04	0	6	0.0	True	20	25	0.8	3	6	0.5
ENSG00000100505	TRIM9	85.0	MEDIUM	False	0	25	0.0	0	6	0.0	False	1	25	0.04	1	6	0.16666666666666666	True	15	25	0.6	3	6	0.5
ENSG00000070831	CDC42	86.0	HIGH	False	0	25	0.0	0	6	0.0	False	0	25	0.0	0	6	0.0	True	15	25	0.6	3	6	0.5
ENSG00000065243	PKN2	87.0	HIGH	False	0	25	0.0	0	6	0.0	False	0	25	0.0	1	6	0.16666666666666666	True	18	25	0.72	2	6	0.3333333333333333
ENSG00000181790	ADGRB1	88.0	MEDIUM	False	0	25	0.0	0	6	0.0	False	1	25	0.04	1	6	0.16666666666666666	True	16	25	0.64	1	6	0.16666666666666666
ENSG00000125378	BMP4	89.0	HIGH	False	0	25	0.0	0	6	0.0	False	1	25	0.04	1	6	0.16666666666666666	True	15	25	0.6	2	6	0.3333333333333333
ENSG00000077782	FGFR1	90.0	HIGH	False	0	25	0.0	0	6	0.0	False	0	25	0.0	0	6	0.0	True	15	25	0.6	2	6	0.3333333333333333
ENSG00000164061	BSN	91.0	MEDIUM	False	0	25	0.0	0	6	0.0	False	1	25	0.04	1	6	0.16666666666666666	True	15	25	0.6	3	6	0.5
ENSG00000036257	CUL3	92.0	MEDIUM	False	0	25	0.0	0	6	0.0	False	1	25	0.04	1	6	0.16666666666666666	True	14	25	0.56	1	6	0.16666666666666666
ENSG00000158560	DYNC1I1	93.0	MEDIUM	False	0	25	0.0	0	6	0.0	False	1	25	0.04	1	6	0.16666666666666666	True	14	25	0.56	3	6	0.5
ENSG00000148204	CRB2	94.0	HIGH	False	1	25	0.04	1	6	0.16666666666666666	False	3	25	0.12	1	6	0.16666666666666666	True	14	25	0.56	1	6	0.16666666666666666
ENSG00000143702	CEP170	95.0	HIGH	False	0	25	0.0	1	6	0.16666666666666666	False	1	25	0.04	1	6	0.16666666666666666	True	12	25	0.48	2	6	0.3333333333333333
ENSG00000104888	SLC17A7	96.0	HIGH	False	1	25	0.04	1	6	0.16666666666666666	False	3	25	0.12	1	6	0.16666666666666666	True	11	25	0.44	1	6	0.16666666666666666
ENSG00000129244	ATP1B2	97.0	HIGH	False	1	25	0.04	1	6	0.16666666666666666	False	2	25	0.08	1	6	0.16666666666666666	True	11	25	0.44	2	6	0.3333333333333333
ENSG00000120251	GRIA2	98.0	MEDIUM	False	0	25	0.0	0	6	0.0	False	0	25	0.0	2	6	0.3333333333333333	True	10	25	0.4	2	6	0.3333333333333333
ENSG00000067900	ROCK1	99.0	MEDIUM	False	0	25	0.0	0	6	0.0	False	0	25	0.0	0	6	0.0	True	11	25	0.44	2	6	0.3333333333333333
ENSG00000159399	HK2	100.0	HIGH	False	0	25	0.0	0	6	0.0	False	0	25	0.0	0	6	0.0	True	10	25	0.4	3	6	0.5
ENSG00000148498	PARD3	101.0	HIGH	False	0	25	0.0	0	6	0.0	False	0	25	0.0	0	6	0.0	False	12	25	0.48	2	6	0.3333333333333333
ENSG00000204248	COL11A2	102.0	HIGH	False	0	25	0.0	0	6	0.0	False	0	25	0.0	0	6	0.0	False	5	25	0.2	1	6	0.16666666666666666
ENSG00000171603	CLSTN1	103.0	MEDIUM	False	0	25	0.0	0	6	0.0	False	2	25	0.08	2	6	0.3333333333333333	False	9	25	0.36	2	6	0.3333333333333333
ENSG00000185920	PTCH1	104.0	MEDIUM	False	1	25	0.04	1	6	0.16666666666666666	False	3	25	0.12	1	6	0.16666666666666666	False	9	25	0.36	1	6	0.16666666666666666
ENSG00000054282	SDCCAG8	105.0	MEDIUM	False	0	25	0.0	0	6	0.0	False	0	25	0.0	1	6	0.16666666666666666	False	13	25	0.52	3	6	0.5
ENSG00000128245	YWHAH	106.0	MEDIUM	False	0	25	0.0	0	6	0.0	False	0	25	0.0	1	6	0.16666666666666666	False	8	25	0.32	2	6	0.3333333333333333
ENSG00000143933	CALM2	107.0	MEDIUM	False	0	25	0.0	0	6	0.0	False	0	25	0.0	1	6	0.16666666666666666	False	10	25	0.4	2	6	0.3333333333333333
ENSG00000162434	JAK1	108.0	MEDIUM	False	0	25	0.0	0	6	0.0	False	0	25	0.0	0	6	0.0	False	8	25	0.32	2	6	0.3333333333333333
ENSG00000089159	PXN	109.0	MEDIUM	False	0	25	0.0	0	6	0.0	False	0	25	0.0	0	6	0.0	False	11	25	0.44	2	6	0.3333333333333333
ENSG00000134982	APC	110.0	MEDIUM	False	1	25	0.04	1	6	0.16666666666666666	False	3	25	0.12	1	6	0.16666666666666666	False	8	25	0.32	1	6	0.16666666666666666
ENSG00000067715	SYT1	111.0	MEDIUM	False	0	25	0.0	0	6	0.0	False	1	25	0.04	2	6	0.3333333333333333	False	8	25	0.32	2	6	0.3333333333333333
ENSG00000166862	CACNG2	112.0	MEDIUM	False	0	25	0.0	0	6	0.0	False	1	25	0.04	1	6	0.16666666666666666	False	5	25	0.2	1	6	0.16666666666666666
ENSG00000145864	GABRB2	113.0	MEDIUM	False	0	25	0.0	0	6	0.0	False	0	25	0.0	1	6	0.16666666666666666	False	6	25	0.24	2	6	0.3333333333333333
ENSG00000101182	PSMA7	114.0	MEDIUM	False	0	25	0.0	0	6	0.0	False	0	25	0.0	1	6	0.16666666666666666	False	7	25	0.28	1	6	0.16666666666666666
ENSG00000070808	CAMK2A	115.0	MEDIUM	False	0	25	0.0	0	6	0.0	False	1	25	0.04	1	6	0.16666666666666666	False	5	25	0.2	1	6	0.16666666666666666
ENSG00000127914	AKAP9	116.0	MEDIUM	False	0	25	0.0	0	6	0.0	False	0	25	0.0	0	6	0.0	False	6	25	0.24	1	6	0.16666666666666666
ENSG00000128602	SMO	117.0	MEDIUM	False	0	25	0.0	1	6	0.16666666666666666	False	2	25	0.08	1	6	0.16666666666666666	False	10	25	0.4	2	6	0.3333333333333333
ENSG00000112290	WASF1	118.0	MEDIUM	False	0	25	0.0	0	6	0.0	False	0	25	0.0	1	6	0.16666666666666666	False	2	25	0.08	1	6	0.16666666666666666
ENSG00000167552	TUBA1A	119.0	MEDIUM	False	0	25	0.0	0	6	0.0	False	0	25	0.0	0	6	0.0	False	3	25	0.12	0	6	0.0
ENSG00000159082	SYNJ1	120.0	MEDIUM	False	0	25	0.0	0	6	0.0	False	0	25	0.0	1	6	0.16666666666666666	False	4	25	0.16	1	6	0.16666666666666666
ENSG00000101421	CHMP4B	121.0	MEDIUM	False	0	25	0.0	0	6	0.0	False	0	25	0.0	1	6	0.16666666666666666	False	6	25	0.24	2	6	0.3333333333333333
ENSG00000198053	SIRPA	122.0	MEDIUM	False	0	25	0.0	0	6	0.0	False	0	25	0.0	1	6	0.16666666666666666	False	6	25	0.24	2	6	0.3333333333333333
ENSG00000156299	TIAM1	123.0	MEDIUM	False	0	25	0.0	0	6	0.0	False	0	25	0.0	0	6	0.0	False	4	25	0.16	0	6	0.0
ENSG00000170889	RPS9	124.0	MEDIUM	False	0	25	0.0	0	6	0.0	False	0	25	0.0	1	6	0.16666666666666666	False	4	25	0.16	1	6	0.16666666666666666
ENSG00000136928	GABBR2	125.0	MEDIUM	False	0	25	0.0	0	6	0.0	False	0	25	0.0	0	6	0.0	False	5	25	0.2	2	6	0.3333333333333333
ENSG00000273079	GRIN2B	126.0	MEDIUM	False	0	25	0.0	0	6	0.0	False	0	25	0.0	0	6	0.0	False	5	25	0.2	2	6	0.3333333333333333
ENSG00000165588	OTX2	127.0	MEDIUM	False	1	25	0.04	1	6	0.16666666666666666	False	2	25	0.08	1	6	0.16666666666666666	False	6	25	0.24	1	6	0.16666666666666666
ENSG00000095464	PDE6C	128.0	MEDIUM	False	0	25	0.0	1	6	0.16666666666666666	False	0	25	0.0	1	6	0.16666666666666666	False	6	25	0.24	2	6	0.3333333333333333
ENSG00000152208	GRID2	129.0	MEDIUM	False	0	25	0.0	0	6	0.0	False	0	25	0.0	0	6	0.0	False	1	25	0.04	1	6	0.16666666666666666
ENSG00000105392	CRX	130.0	MEDIUM	False	0	25	0.0	0	6	0.0	False	0	25	0.0	1	6	0.16666666666666666	False	4	25	0.16	1	6	0.16666666666666666
ENSG00000126001	CEP250	131.0	MEDIUM	False	0	25	0.0	0	6	0.0	False	0	25	0.0	1	6	0.16666666666666666	False	7	25	0.28	2	6	0.3333333333333333
ENSG00000177103	DSCAML1	132.0	MEDIUM	False	0	25	0.0	0	6	0.0	False	0	25	0.0	0	6	0.0	False	3	25	0.12	2	6	0.3333333333333333
ENSG00000155511	GRIA1	133.0	MEDIUM	False	0	25	0.0	0	6	0.0	False	1	25	0.04	1	6	0.16666666666666666	False	6	25	0.24	2	6	0.3333333333333333
ENSG00000175166	PSMD2	134.0	MEDIUM	False	0	25	0.0	0	6	0.0	False	0	25	0.0	0	6	0.0	False	1	25	0.04	0	6	0.0
ENSG00000088256	GNA11	135.0	MEDIUM	False	0	25	0.0	0	6	0.0	False	0	25	0.0	0	6	0.0	False	1	25	0.04	1	6	0.16666666666666666
ENSG00000125863	MKKS	136.0	MEDIUM	False	0	25	0.0	1	6	0.16666666666666666	False	1	25	0.04	1	6	0.16666666666666666	False	6	25	0.24	2	6	0.3333333333333333
ENSG00000115355	CCDC88A	137.0	MEDIUM	False	0	25	0.0	0	6	0.0	False	0	25	0.0	0	6	0.0	False	3	25	0.12	2	6	0.3333333333333333
ENSG00000127955	GNAI1	138.0	MEDIUM	False	0	25	0.0	0	6	0.0	False	0	25	0.0	0	6	0.0	False	5	25	0.2	1	6	0.16666666666666666
ENSG00000131437	KIF3A	139.0	MEDIUM	False	1	25	0.04	1	6	0.16666666666666666	False	2	25	0.08	1	6	0.16666666666666666	False	4	25	0.16	1	6	0.16666666666666666
ENSG00000142396	ERVK3-1	140.0	MEDIUM	False	0	25	0.0	1	6	0.16666666666666666	False	1	25	0.04	1	6	0.16666666666666666	False	7	25	0.28	3	6	0.5
ENSG00000111737	RAB35	141.0	MEDIUM	False	0	25	0.0	0	6	0.0	False	0	25	0.0	1	6	0.16666666666666666	False	2	25	0.08	1	6	0.16666666666666666
ENSG00000175216	CKAP5	142.0	MEDIUM	False	0	25	0.0	0	6	0.0	False	0	25	0.0	0	6	0.0	False	0	25	0.0	1	6	0.16666666666666666
ENSG00000042781	USH2A	143.0	MEDIUM	False	0	25	0.0	0	6	0.0	False	1	25	0.04	2	6	0.3333333333333333	False	7	25	0.28	2	6	0.3333333333333333
ENSG00000084733	RAB10	144.0	MEDIUM	False	0	25	0.0	0	6	0.0	False	0	25	0.0	0	6	0.0	False	1	25	0.04	1	6	0.16666666666666666
ENSG00000117650	NEK2	145.0	MEDIUM	False	0	25	0.0	0	6	0.0	False	1	25	0.04	1	6	0.16666666666666666	False	6	25	0.24	2	6	0.3333333333333333
ENSG00000174748	RPL15	146.0	MEDIUM	False	0	25	0.0	0	6	0.0	False	0	25	0.0	0	6	0.0	False	2	25	0.08	1	6	0.16666666666666666
ENSG00000102001	CACNA1F	147.0	MEDIUM	False	0	25	0.0	1	6	0.16666666666666666	False	1	25	0.04	1	6	0.16666666666666666	False	3	25	0.12	2	6	0.3333333333333333
ENSG00000136861	CDK5RAP2	148.0	MEDIUM	False	0	25	0.0	0	6	0.0	False	0	25	0.0	0	6	0.0	False	1	25	0.04	2	6	0.3333333333333333
ENSG00000099940	SNAP29	149.0	MEDIUM	False	0	25	0.0	0	6	0.0	False	0	25	0.0	0	6	0.0	False	2	25	0.08	1	6	0.16666666666666666
ENSG00000137642	SORL1	150.0	MEDIUM	False	0	25	0.0	0	6	0.0	False	0	25	0.0	0	6	0.0	False	1	25	0.04	1	6	0.16666666666666666
ENSG00000273398	ENSG00000273398	151.0	LOW	False	0	25	0.0	0	6	0.0	False	1	25	0.04	0	6	0.0	False	4	25	0.16	3	6	0.5
ENSG00000160014	CALM3	152.0	MEDIUM	False	0	25	0.0	0	6	0.0	False	0	25	0.0	0	6	0.0	False	1	25	0.04	1	6	0.16666666666666666
ENSG00000197694	SPTAN1	153.0	MEDIUM	False	0	25	0.0	0	6	0.0	False	0	25	0.0	0	6	0.0	False	3	25	0.12	1	6	0.16666666666666666
ENSG00000158445	KCNB1	155.0	MEDIUM	False	0	25	0.0	0	6	0.0	False	0	25	0.0	1	6	0.16666666666666666	False	1	25	0.04	1	6	0.16666666666666666
ENSG00000135333	EPHA7	156.0	MEDIUM	False	0	25	0.0	0	6	0.0	False	0	25	0.0	0	6	0.0	False	1	25	0.04	1	6	0.16666666666666666
ENSG00000185518	SV2B	159.0	MEDIUM	False	0	25	0.0	0	6	0.0	False	0	25	0.0	0	6	0.0	False	1	25	0.04	0	6	0.0
ENSG00000107957	SH3PXD2A	160.0	MEDIUM	False	0	25	0.0	0	6	0.0	False	0	25	0.0	0	6	0.0	False	0	25	0.0	0	6	0.0
ENSG00000136531	SCN2A	161.0	MEDIUM	False	0	25	0.0	1	6	0.16666666666666666	False	1	25	0.04	1	6	0.16666666666666666	False	3	25	0.12	1	6	0.16666666666666666
ENSG00000112210	RAB23	162.0	MEDIUM	False	0	25	0.0	0	6	0.0	False	0	25	0.0	0	6	0.0	False	4	25	0.16	2	6	0.3333333333333333
ENSG00000213585	VDAC1	163.0	MEDIUM	False	0	25	0.0	0	6	0.0	False	0	25	0.0	0	6	0.0	False	1	25	0.04	1	6	0.16666666666666666
ENSG00000148660	CAMK2G	164.0	MEDIUM	False	0	25	0.0	0	6	0.0	False	0	25	0.0	0	6	0.0	False	1	25	0.04	1	6	0.16666666666666666
ENSG00000112739	PRP4K	165.0	MEDIUM	False	0	25	0.0	0	6	0.0	False	0	25	0.0	0	6	0.0	False	0	25	0.0	1	6	0.16666666666666666
ENSG00000155849	ELMO1	166.0	MEDIUM	False	0	25	0.0	0	6	0.0	False	0	25	0.0	0	6	0.0	False	1	25	0.04	1	6	0.16666666666666666
ENSG00000133612	AGAP3	167.0	MEDIUM	False	0	25	0.0	0	6	0.0	False	0	25	0.0	0	6	0.0	False	0	25	0.0	1	6	0.16666666666666666
ENSG00000162337	LRP5	168.0	MEDIUM	False	0	25	0.0	0	6	0.0	False	0	25	0.0	1	6	0.16666666666666666	False	1	25	0.04	1	6	0.16666666666666666
ENSG00000074317	SNCB	169.0	MEDIUM	False	0	25	0.0	0	6	0.0	False	0	25	0.0	0	6	0.0	False	1	25	0.04	2	6	0.3333333333333333
ENSG00000142731	PLK4	170.0	MEDIUM	False	0	25	0.0	0	6	0.0	False	0	25	0.0	1	6	0.16666666666666666	False	3	25	0.12	1	6	0.16666666666666666
ENSG00000067842	ATP2B3	172.0	MEDIUM	False	0	25	0.0	1	6	0.16666666666666666	False	1	25	0.04	1	6	0.16666666666666666	False	3	25	0.12	1	6	0.16666666666666666
ENSG00000155980	KIF5A	174.0	MEDIUM	False	1	25	0.04	1	6	0.16666666666666666	False	1	25	0.04	1	6	0.16666666666666666	False	3	25	0.12	1	6	0.16666666666666666
ENSG00000168610	STAT3	175.0	MEDIUM	False	1	25	0.04	1	6	0.16666666666666666	False	1	25	0.04	1	6	0.16666666666666666	False	2	25	0.08	1	6	0.16666666666666666
ENSG00000126583	PRKCG	176.0	MEDIUM	False	0	25	0.0	0	6	0.0	False	0	25	0.0	0	6	0.0	False	0	25	0.0	1	6	0.16666666666666666
ENSG00000237289	CKMT1B	177.0	MEDIUM	False	0	25	0.0	0	6	0.0	False	0	25	0.0	0	6	0.0	False	1	25	0.04	1	6	0.16666666666666666
ENSG00000021645	NRXN3	178.0	MEDIUM	False	0	25	0.0	0	6	0.0	False	0	25	0.0	0	6	0.0	False	1	25	0.04	2	6	0.3333333333333333
ENSG00000128340	RAC2	179.0	MEDIUM	False	0	25	0.0	0	6	0.0	False	0	25	0.0	0	6	0.0	False	0	25	0.0	1	6	0.16666666666666666
ENSG00000174469	CNTNAP2	180.0	MEDIUM	False	0	25	0.0	0	6	0.0	False	0	25	0.0	0	6	0.0	False	0	25	0.0	2	6	0.3333333333333333
ENSG00000157103	SLC6A1	181.0	MEDIUM	False	0	25	0.0	0	6	0.0	False	0	25	0.0	1	6	0.16666666666666666	False	1	25	0.04	2	6	0.3333333333333333
ENSG00000054523	KIF1B	182.0	MEDIUM	False	0	25	0.0	0	6	0.0	False	0	25	0.0	0	6	0.0	False	1	25	0.04	1	6	0.16666666666666666
ENSG00000135837	CEP350	184.0	MEDIUM	False	0	25	0.0	0	6	0.0	False	0	25	0.0	0	6	0.0	False	2	25	0.08	1	6	0.16666666666666666
ENSG00000070961	ATP2B1	185.0	MEDIUM	False	1	25	0.04	1	6	0.16666666666666666	False	1	25	0.04	1	6	0.16666666666666666	False	3	25	0.12	1	6	0.16666666666666666
ENSG00000113575	PPP2CA	186.0	MEDIUM	False	0	25	0.0	0	6	0.0	False	0	25	0.0	0	6	0.0	False	0	25	0.0	1	6	0.16666666666666666
ENSG00000118160	SLC8A2	187.0	MEDIUM	False	0	25	0.0	0	6	0.0	False	0	25	0.0	1	6	0.16666666666666666	False	1	25	0.04	2	6	0.3333333333333333
ENSG00000040608	RTN4R	190.0	MEDIUM	False	0	25	0.0	0	6	0.0	False	0	25	0.0	0	6	0.0	False	1	25	0.04	1	6	0.16666666666666666
ENSG00000156113	KCNMA1	192.0	MEDIUM	False	0	25	0.0	0	6	0.0	False	0	25	0.0	0	6	0.0	False	0	25	0.0	0	6	0.0
ENSG00000149295	DRD2	194.0	MEDIUM	False	0	25	0.0	0	6	0.0	False	0	25	0.0	0	6	0.0	False	0	25	0.0	1	6	0.16666666666666666
ENSG00000105255	FSD1	195.0	MEDIUM	False	0	25	0.0	0	6	0.0	False	0	25	0.0	0	6	0.0	False	1	25	0.04	1	6	0.16666666666666666
ENSG00000110436	SLC1A2	197.0	MEDIUM	False	0	25	0.0	0	6	0.0	False	0	25	0.0	0	6	0.0	False	1	25	0.04	1	6	0.16666666666666666
ENSG00000284130	TUBA3FP	198.0	LOW	False	0	25	0.0	0	6	0.0	False	0	25	0.0	0	6	0.0	False	2	25	0.08	0	6	0.0
ENSG00000170615	SLC26A5	199.0	MEDIUM	False	0	25	0.0	0	6	0.0	False	0	25	0.0	0	6	0.0	False	0	25	0.0	1	6	0.16666666666666666
ENSG00000008300	CELSR3	200.0	MEDIUM	False	0	25	0.0	0	6	0.0	False	0	25	0.0	0	6	0.0	False	1	25	0.04	1	6	0.16666666666666666
ENSG00000197535	MYO5A	201.0	MEDIUM	False	0	25	0.0	0	6	0.0	False	0	25	0.0	0	6	0.0	False	1	25	0.04	1	6	0.16666666666666666
ENSG00000187672	ERC2	202.0	MEDIUM	False	0	25	0.0	0	6	0.0	False	0	25	0.0	0	6	0.0	False	1	25	0.04	1	6	0.16666666666666666
ENSG00000112655	PTK7	203.0	MEDIUM	False	0	25	0.0	0	6	0.0	False	0	25	0.0	0	6	0.0	False	0	25	0.0	1	6	0.16666666666666666
ENSG00000166974	MAPRE2	204.0	MEDIUM	False	0	25	0.0	0	6	0.0	False	0	25	0.0	0	6	0.0	False	0	25	0.0	1	6	0.16666666666666666
ENSG00000168502	MTCL1	205.0	MEDIUM	False	0	25	0.0	0	6	0.0	False	0	25	0.0	0	6	0.0	False	0	25	0.0	1	6	0.16666666666666666
ENSG00000131711	MAP1B	207.0	MEDIUM	False	0	25	0.0	1	6	0.16666666666666666	False	1	25	0.04	1	6	0.16666666666666666	False	2	25	0.08	1	6	0.16666666666666666
ENSG00000102900	NUP93	208.0	MEDIUM	False	0	25	0.0	0	6	0.0	False	0	25	0.0	0	6	0.0	False	0	25	0.0	1	6	0.16666666666666666
ENSG00000101412	E2F1	209.0	MEDIUM	False	0	25	0.0	0	6	0.0	False	0	25	0.0	0	6	0.0	False	1	25	0.04	1	6	0.16666666666666666
ENSG00000105948	IFT56	210.0	MEDIUM	False	0	25	0.0	0	6	0.0	False	0	25	0.0	0	6	0.0	False	0	25	0.0	2	6	0.3333333333333333
ENSG00000123374	CDK2	211.0	MEDIUM	False	0	25	0.0	0	6	0.0	False	0	25	0.0	1	6	0.16666666666666666	False	1	25	0.04	1	6	0.16666666666666666
ENSG00000137474	MYO7A	213.0	MEDIUM	False	0	25	0.0	0	6	0.0	False	0	25	0.0	1	6	0.16666666666666666	False	2	25	0.08	2	6	0.3333333333333333
ENSG00000113327	GABRG2	214.0	MEDIUM	False	0	25	0.0	0	6	0.0	False	0	25	0.0	0	6	0.0	False	0	25	0.0	1	6	0.16666666666666666
ENSG00000128881	TTBK2	218.0	MEDIUM	False	0	25	0.0	0	6	0.0	False	0	25	0.0	0	6	0.0	False	0	25	0.0	0	6	0.0
ENSG00000263620	ENSG00000263620	223.0	MEDIUM	False	1	25	0.04	1	6	0.16666666666666666	False	1	25	0.04	1	6	0.16666666666666666	False	4	25	0.16	1	6	0.16666666666666666
ENSG00000110713	NUP98	224.0	MEDIUM	False	0	25	0.0	0	6	0.0	False	0	25	0.0	0	6	0.0	False	0	25	0.0	0	6	0.0
ENSG00000070018	LRP6	229.0	MEDIUM	False	0	25	0.0	0	6	0.0	False	0	25	0.0	0	6	0.0	False	0	25	0.0	0	6	0.0
ENSG00000169504	CLIC4	230.0	MEDIUM	False	0	25	0.0	0	6	0.0	False	0	25	0.0	0	6	0.0	False	0	25	0.0	1	6	0.16666666666666666
ENSG00000134874	DZIP1	233.0	MEDIUM	False	0	25	0.0	0	6	0.0	False	0	25	0.0	0	6	0.0	False	0	25	0.0	1	6	0.16666666666666666
ENSG00000143847	PPFIA4	236.0	MEDIUM	False	0	25	0.0	0	6	0.0	False	0	25	0.0	0	6	0.0	False	0	25	0.0	0	6	0.0
ENSG00000182899	RPL35A	238.0	MEDIUM	False	0	25	0.0	0	6	0.0	False	0	25	0.0	0	6	0.0	False	0	25	0.0	0	6	0.0
ENSG00000136938	ANP32B	240.0	MEDIUM	False	0	25	0.0	0	6	0.0	False	0	25	0.0	0	6	0.0	False	0	25	0.0	1	6	0.16666666666666666
ENSG00000105649	RAB3A	243.0	MEDIUM	False	0	25	0.0	0	6	0.0	False	0	25	0.0	0	6	0.0	False	0	25	0.0	0	6	0.0
ENSG00000142192	APP	246.0	MEDIUM	False	0	25	0.0	1	6	0.16666666666666666	False	1	25	0.04	1	6	0.16666666666666666	False	1	25	0.04	1	6	0.16666666666666666
ENSG00000136854	STXBP1	247.0	MEDIUM	False	0	25	0.0	1	6	0.16666666666666666	False	1	25	0.04	1	6	0.16666666666666666	False	1	25	0.04	1	6	0.16666666666666666
ENSG00000170558	CDH2	248.0	MEDIUM	False	0	25	0.0	0	6	0.0	False	0	25	0.0	0	6	0.0	False	0	25	0.0	0	6	0.0
ENSG00000162889	MAPKAPK2	249.0	MEDIUM	False	0	25	0.0	0	6	0.0	False	0	25	0.0	0	6	0.0	False	0	25	0.0	1	6	0.16666666666666666
ENSG00000058453	CROCC	250.0	MEDIUM	False	0	25	0.0	0	6	0.0	False	0	25	0.0	1	6	0.16666666666666666	False	1	25	0.04	1	6	0.16666666666666666
ENSG00000154822	PLCL2	251.0	MEDIUM	False	0	25	0.0	0	6	0.0	False	0	25	0.0	0	6	0.0	False	0	25	0.0	1	6	0.16666666666666666
ENSG00000100360	IFT27	253.0	MEDIUM	False	0	25	0.0	0	6	0.0	False	0	25	0.0	0	6	0.0	False	0	25	0.0	1	6	0.16666666666666666
ENSG00000204843	DCTN1	254.0	MEDIUM	False	0	25	0.0	0	6	0.0	False	0	25	0.0	0	6	0.0	False	0	25	0.0	0	6	0.0
ENSG00000198947	DMD	255.0	MEDIUM	False	0	25	0.0	0	6	0.0	False	0	25	0.0	0	6	0.0	False	0	25	0.0	0	6	0.0
ENSG00000163349	HIPK1	262.0	MEDIUM	False	0	25	0.0	0	6	0.0	False	0	25	0.0	0	6	0.0	False	0	25	0.0	0	6	0.0
ENSG00000073969	NSF	264.0	MEDIUM	False	0	25	0.0	1	6	0.16666666666666666	False	1	25	0.04	1	6	0.16666666666666666	False	1	25	0.04	1	6	0.16666666666666666
ENSG00000058404	CAMK2B	265.0	MEDIUM	False	0	25	0.0	0	6	0.0	False	0	25	0.0	0	6	0.0	False	0	25	0.0	0	6	0.0
ENSG00000121966	CXCR4	267.0	MEDIUM	False	0	25	0.0	0	6	0.0	False	0	25	0.0	1	6	0.16666666666666666	False	0	25	0.0	1	6	0.16666666666666666
ENSG00000140522	RLBP1	268.0	MEDIUM	False	0	25	0.0	0	6	0.0	False	0	25	0.0	0	6	0.0	False	0	25	0.0	1	6	0.16666666666666666
ENSG00000186868	MAPT	269.0	MEDIUM	False	0	25	0.0	1	6	0.16666666666666666	False	1	25	0.04	1	6	0.16666666666666666	False	1	25	0.04	1	6	0.16666666666666666
ENSG00000145147	SLIT2	270.0	MEDIUM	False	0	25	0.0	0	6	0.0	False	0	25	0.0	0	6	0.0	False	0	25	0.0	1	6	0.16666666666666666
ENSG00000147400	CETN2	271.0	MEDIUM	False	0	25	0.0	0	6	0.0	False	0	25	0.0	0	6	0.0	False	0	25	0.0	1	6	0.16666666666666666
ENSG00000183018	SPNS2	275.0	MEDIUM	False	0	25	0.0	0	6	0.0	False	0	25	0.0	0	6	0.0	False	0	25	0.0	1	6	0.16666666666666666
ENSG00000273749	CYFIP1	276.0	MEDIUM	False	0	25	0.0	0	6	0.0	False	0	25	0.0	0	6	0.0	False	0	25	0.0	1	6	0.16666666666666666
ENSG00000270106	TSNAX-DISC1	277.0	LOW	False	0	25	0.0	0	6	0.0	False	0	25	0.0	0	6	0.0	False	1	25	0.04	0	6	0.0
ENSG00000184009	ACTG1	278.0	MEDIUM	False	0	25	0.0	0	6	0.0	False	0	25	0.0	0	6	0.0	False	0	25	0.0	0	6	0.0
ENSG00000179295	PTPN11	282.0	MEDIUM	False	0	25	0.0	0	6	0.0	False	0	25	0.0	1	6	0.16666666666666666	False	1	25	0.04	1	6	0.16666666666666666
ENSG00000073712	FERMT2	283.0	MEDIUM	False	0	25	0.0	0	6	0.0	False	0	25	0.0	0	6	0.0	False	0	25	0.0	0	6	0.0
ENSG00000138696	BMPR1B	284.0	MEDIUM	False	0	25	0.0	0	6	0.0	False	0	25	0.0	0	6	0.0	False	1	25	0.04	1	6	0.16666666666666666
ENSG00000148400	NOTCH1	286.0	MEDIUM	False	0	25	0.0	0	6	0.0	False	0	25	0.0	1	6	0.16666666666666666	False	1	25	0.04	1	6	0.16666666666666666
ENSG00000249209	ENSG00000249209	287.0	MEDIUM	False	0	25	0.0	1	6	0.16666666666666666	False	0	25	0.0	1	6	0.16666666666666666	False	2	25	0.08	1	6	0.16666666666666666
ENSG00000150093	ITGB1	289.0	MEDIUM	False	0	25	0.0	0	6	0.0	False	0	25	0.0	0	6	0.0	False	0	25	0.0	0	6	0.0
ENSG00000167986	DDB1	290.0	MEDIUM	False	0	25	0.0	0	6	0.0	False	0	25	0.0	1	6	0.16666666666666666	False	1	25	0.04	1	6	0.16666666666666666
ENSG00000166206	GABRB3	292.0	MEDIUM	False	0	25	0.0	0	6	0.0	False	0	25	0.0	0	6	0.0	False	0	25	0.0	1	6	0.16666666666666666
ENSG00000198034	RPS4X	295.0	MEDIUM	False	0	25	0.0	0	6	0.0	False	0	25	0.0	0	6	0.0	False	0	25	0.0	1	6	0.16666666666666666
ENSG00000168036	CTNNB1	297.0	MEDIUM	False	0	25	0.0	0	6	0.0	False	0	25	0.0	1	6	0.16666666666666666	False	1	25	0.04	1	6	0.16666666666666666
ENSG00000055208	TAB2	299.0	MEDIUM	False	0	25	0.0	0	6	0.0	False	0	25	0.0	0	6	0.0	False	0	25	0.0	0	6	0.0
ENSG00000165533	TTC8	304.0	MEDIUM	False	0	25	0.0	0	6	0.0	False	0	25	0.0	0	6	0.0	False	0	25	0.0	0	6	0.0
ENSG00000196876	SCN8A	306.0	MEDIUM	False	0	25	0.0	0	6	0.0	False	0	25	0.0	0	6	0.0	False	0	25	0.0	1	6	0.16666666666666666
ENSG00000102104	RS1	307.0	MEDIUM	False	0	25	0.0	0	6	0.0	False	0	25	0.0	0	6	0.0	False	0	25	0.0	1	6	0.16666666666666666
ENSG00000132718	SYT11	309.0	MEDIUM	False	0	25	0.0	0	6	0.0	False	0	25	0.0	0	6	0.0	False	0	25	0.0	1	6	0.16666666666666666
ENSG00000160299	PCNT	312.0	MEDIUM	False	0	25	0.0	0	6	0.0	False	0	25	0.0	0	6	0.0	False	0	25	0.0	0	6	0.0
ENSG00000162063	CCNF	314.0	MEDIUM	False	0	25	0.0	0	6	0.0	False	0	25	0.0	0	6	0.0	False	0	25	0.0	0	6	0.0
ENSG00000162706	CADM3	316.0	MEDIUM	False	0	25	0.0	0	6	0.0	False	0	25	0.0	0	6	0.0	False	0	25	0.0	0	6	0.0
ENSG00000136997	MYC	317.0	MEDIUM	False	0	25	0.0	0	6	0.0	False	0	25	0.0	1	6	0.16666666666666666	False	1	25	0.04	1	6	0.16666666666666666
ENSG00000055163	CYFIP2	320.0	MEDIUM	False	0	25	0.0	0	6	0.0	False	0	25	0.0	1	6	0.16666666666666666	False	1	25	0.04	1	6	0.16666666666666666
ENSG00000119397	CNTRL	322.0	MEDIUM	False	0	25	0.0	0	6	0.0	False	0	25	0.0	0	6	0.0	False	0	25	0.0	0	6	0.0
ENSG00000182667	NTM	325.0	MEDIUM	False	0	25	0.0	0	6	0.0	False	0	25	0.0	0	6	0.0	False	0	25	0.0	1	6	0.16666666666666666
ENSG00000150995	ITPR1	327.0	MEDIUM	False	0	25	0.0	0	6	0.0	False	0	25	0.0	1	6	0.16666666666666666	False	1	25	0.04	1	6	0.16666666666666666
ENSG00000196262	PPIA	328.0	MEDIUM	False	0	25	0.0	0	6	0.0	False	0	25	0.0	0	6	0.0	False	0	25	0.0	0	6	0.0
ENSG00000119242	CCDC92	329.0	MEDIUM	False	0	25	0.0	0	6	0.0	False	0	25	0.0	0	6	0.0	False	0	25	0.0	0	6	0.0
ENSG00000114251	WNT5A	331.0	MEDIUM	False	0	25	0.0	0	6	0.0	False	0	25	0.0	1	6	0.16666666666666666	False	0	25	0.0	1	6	0.16666666666666666
ENSG00000127616	SMARCA4	333.0	MEDIUM	False	0	25	0.0	0	6	0.0	False	0	25	0.0	1	6	0.16666666666666666	False	1	25	0.04	1	6	0.16666666666666666
ENSG00000103995	CEP152	335.0	MEDIUM	False	0	25	0.0	0	6	0.0	False	0	25	0.0	0	6	0.0	False	0	25	0.0	0	6	0.0
ENSG00000189056	RELN	342.0	MEDIUM	False	0	25	0.0	0	6	0.0	False	0	25	0.0	1	6	0.16666666666666666	False	1	25	0.04	1	6	0.16666666666666666
ENSG00000151150	ANK3	343.0	MEDIUM	False	0	25	0.0	0	6	0.0	False	0	25	0.0	1	6	0.16666666666666666	False	1	25	0.04	1	6	0.16666666666666666
ENSG00000140259	MFAP1	347.0	MEDIUM	False	0	25	0.0	0	6	0.0	False	0	25	0.0	0	6	0.0	False	0	25	0.0	0	6	0.0
ENSG00000130294	KIF1A	349.0	MEDIUM	False	0	25	0.0	0	6	0.0	False	0	25	0.0	1	6	0.16666666666666666	False	1	25	0.04	1	6	0.16666666666666666
ENSG00000163558	PRKCI	351.0	MEDIUM	False	0	25	0.0	0	6	0.0	False	0	25	0.0	0	6	0.0	False	0	25	0.0	1	6	0.16666666666666666
ENSG00000110274	CEP164	353.0	MEDIUM	False	0	25	0.0	0	6	0.0	False	0	25	0.0	0	6	0.0	False	0	25	0.0	0	6	0.0
ENSG00000130640	TUBGCP2	355.0	MEDIUM	False	0	25	0.0	0	6	0.0	False	0	25	0.0	0	6	0.0	False	0	25	0.0	0	6	0.0
ENSG00000106089	STX1A	359.0	MEDIUM	False	0	25	0.0	0	6	0.0	False	0	25	0.0	1	6	0.16666666666666666	False	1	25	0.04	1	6	0.16666666666666666
ENSG00000142208	AKT1	360.0	MEDIUM	False	0	25	0.0	0	6	0.0	False	0	25	0.0	0	6	0.0	False	0	25	0.0	0	6	0.0
ENSG00000123989	CHPF	363.0	MEDIUM	False	0	25	0.0	0	6	0.0	False	0	25	0.0	0	6	0.0	False	0	25	0.0	0	6	0.0
ENSG00000081479	LRP2	364.0	MEDIUM	False	0	25	0.0	0	6	0.0	False	0	25	0.0	1	6	0.16666666666666666	False	1	25	0.04	1	6	0.16666666666666666
ENSG00000139687	RB1	365.0	MEDIUM	False	0	25	0.0	0	6	0.0	False	0	25	0.0	1	6	0.16666666666666666	False	1	25	0.04	1	6	0.16666666666666666
ENSG00000099822	HCN2	366.0	MEDIUM	False	0	25	0.0	0	6	0.0	False	0	25	0.0	0	6	0.0	False	0	25	0.0	1	6	0.16666666666666666
ENSG00000124507	PACSIN1	367.0	MEDIUM	False	0	25	0.0	0	6	0.0	False	0	25	0.0	1	6	0.16666666666666666	False	1	25	0.04	1	6	0.16666666666666666
ENSG00000169710	FASN	368.0	MEDIUM	False	0	25	0.0	0	6	0.0	False	0	25	0.0	1	6	0.16666666666666666	False	1	25	0.04	1	6	0.16666666666666666
ENSG00000115902	SLC1A4	373.0	MEDIUM	False	0	25	0.0	0	6	0.0	False	0	25	0.0	0	6	0.0	False	0	25	0.0	0	6	0.0
ENSG00000184144	CNTN2	375.0	MEDIUM	False	0	25	0.0	0	6	0.0	False	0	25	0.0	0	6	0.0	False	0	25	0.0	1	6	0.16666666666666666
ENSG00000115310	RTN4	380.0	MEDIUM	False	0	25	0.0	0	6	0.0	False	0	25	0.0	1	6	0.16666666666666666	False	1	25	0.04	1	6	0.16666666666666666
ENSG00000132639	SNAP25	382.0	MEDIUM	False	0	25	0.0	0	6	0.0	False	0	25	0.0	1	6	0.16666666666666666	False	1	25	0.04	1	6	0.16666666666666666
ENSG00000087586	AURKA	385.0	MEDIUM	False	0	25	0.0	0	6	0.0	False	0	25	0.0	0	6	0.0	False	0	25	0.0	0	6	0.0
ENSG00000163539	CLASP2	387.0	MEDIUM	False	0	25	0.0	0	6	0.0	False	0	25	0.0	0	6	0.0	False	1	25	0.04	1	6	0.16666666666666666
ENSG00000109062	NHERF1	395.0	MEDIUM	False	0	25	0.0	0	6	0.0	False	0	25	0.0	0	6	0.0	False	0	25	0.0	1	6	0.16666666666666666
ENSG00000109971	HSPA8	396.0	MEDIUM	False	0	25	0.0	0	6	0.0	False	0	25	0.0	0	6	0.0	False	1	25	0.04	1	6	0.16666666666666666
ENSG00000150625	GPM6A	402.0	MEDIUM	False	0	25	0.0	0	6	0.0	False	0	25	0.0	0	6	0.0	False	0	25	0.0	0	6	0.0
ENSG00000032742	IFT88	403.0	MEDIUM	False	0	25	0.0	0	6	0.0	False	0	25	0.0	0	6	0.0	False	0	25	0.0	0	6	0.0
ENSG00000198668	CALM1	406.0	MEDIUM	False	0	25	0.0	0	6	0.0	False	0	25	0.0	0	6	0.0	False	0	25	0.0	1	6	0.16666666666666666
ENSG00000157404	KIT	415.0	MEDIUM	False	0	25	0.0	0	6	0.0	False	0	25	0.0	0	6	0.0	False	0	25	0.0	1	6	0.16666666666666666
ENSG00000153707	PTPRD	416.0	MEDIUM	False	0	25	0.0	0	6	0.0	False	0	25	0.0	0	6	0.0	False	0	25	0.0	1	6	0.16666666666666666
ENSG00000150991	UBC	418.0	MEDIUM	False	0	25	0.0	0	6	0.0	False	0	25	0.0	0	6	0.0	False	0	25	0.0	0	6	0.0
ENSG00000133026	MYH10	420.0	MEDIUM	False	0	25	0.0	0	6	0.0	False	0	25	0.0	0	6	0.0	False	0	25	0.0	1	6	0.16666666666666666
ENSG00000188229	TUBB4B	423.0	MEDIUM	False	0	25	0.0	0	6	0.0	False	0	25	0.0	0	6	0.0	False	0	25	0.0	0	6	0.0
ENSG00000092964	DPYSL2	431.0	MEDIUM	False	0	25	0.0	0	6	0.0	False	0	25	0.0	0	6	0.0	False	0	25	0.0	1	6	0.16666666666666666
ENSG00000135744	AGT	434.0	MEDIUM	False	0	25	0.0	0	6	0.0	False	0	25	0.0	0	6	0.0	False	0	25	0.0	1	6	0.16666666666666666
ENSG00000118058	KMT2A	437.0	MEDIUM	False	0	25	0.0	0	6	0.0	False	0	25	0.0	0	6	0.0	False	0	25	0.0	1	6	0.16666666666666666
ENSG00000132792	CTNNBL1	443.0	MEDIUM	False	0	25	0.0	0	6	0.0	False	0	25	0.0	0	6	0.0	False	0	25	0.0	0	6	0.0
ENSG00000117360	PRPF3	444.0	MEDIUM	False	0	25	0.0	0	6	0.0	False	0	25	0.0	0	6	0.0	False	0	25	0.0	1	6	0.16666666666666666
ENSG00000095397	WHRN	448.0	MEDIUM	False	0	25	0.0	0	6	0.0	False	0	25	0.0	0	6	0.0	False	0	25	0.0	0	6	0.0
ENSG00000273217	ENSG00000273217	450.0	MEDIUM	False	0	25	0.0	0	6	0.0	False	0	25	0.0	0	6	0.0	False	0	25	0.0	1	6	0.16666666666666666
ENSG00000117394	SLC2A1	456.0	MEDIUM	False	0	25	0.0	0	6	0.0	False	0	25	0.0	0	6	0.0	False	0	25	0.0	1	6	0.16666666666666666
ENSG00000164199	ADGRV1	468.0	MEDIUM	False	0	25	0.0	0	6	0.0	False	0	25	0.0	0	6	0.0	False	0	25	0.0	1	6	0.16666666666666666
ENSG00000046653	GPM6B	469.0	MEDIUM	False	0	25	0.0	0	6	0.0	False	0	25	0.0	0	6	0.0	False	0	25	0.0	1	6	0.16666666666666666
ENSG00000197122	SRC	470.0	MEDIUM	False	0	25	0.0	0	6	0.0	False	0	25	0.0	0	6	0.0	False	0	25	0.0	0	6	0.0
ENSG00000036828	CASR	472.0	MEDIUM	False	0	25	0.0	0	6	0.0	False	0	25	0.0	0	6	0.0	False	0	25	0.0	0	6	0.0
ENSG00000138002	IFT172	474.0	MEDIUM	False	0	25	0.0	0	6	0.0	False	0	25	0.0	0	6	0.0	False	0	25	0.0	0	6	0.0
ENSG00000145362	ANK2	476.0	MEDIUM	False	0	25	0.0	0	6	0.0	False	0	25	0.0	0	6	0.0	False	0	25	0.0	1	6	0.16666666666666666
ENSG00000148053	NTRK2	477.0	MEDIUM	False	0	25	0.0	0	6	0.0	False	0	25	0.0	0	6	0.0	False	0	25	0.0	1	6	0.16666666666666666
ENSG00000181449	SOX2	481.0	MEDIUM	False	0	25	0.0	0	6	0.0	False	0	25	0.0	0	6	0.0	False	0	25	0.0	1	6	0.16666666666666666
ENSG00000008056	SYN1	483.0	MEDIUM	False	0	25	0.0	0	6	0.0	False	0	25	0.0	0	6	0.0	False	0	25	0.0	0	6	0.0
ENSG00000186472	PCLO	484.0	MEDIUM	False	0	25	0.0	0	6	0.0	False	0	25	0.0	0	6	0.0	False	0	25	0.0	1	6	0.16666666666666666
ENSG00000196591	HDAC2	494.0	MEDIUM	False	0	25	0.0	0	6	0.0	False	0	25	0.0	0	6	0.0	False	0	25	0.0	1	6	0.16666666666666666
ENSG00000162521	RBBP4	495.0	MEDIUM	False	0	25	0.0	0	6	0.0	False	0	25	0.0	0	6	0.0	False	0	25	0.0	1	6	0.16666666666666666
ENSG00000168280	KIF5C	496.0	MEDIUM	False	0	25	0.0	0	6	0.0	False	0	25	0.0	0	6	0.0	False	0	25	0.0	1	6	0.16666666666666666
ENSG00000109083	IFT20	497.0	MEDIUM	False	0	25	0.0	0	6	0.0	False	0	25	0.0	0	6	0.0	False	0	25	0.0	0	6	0.0
ENSG00000189403	HMGB1	498.0	MEDIUM	False	0	25	0.0	0	6	0.0	False	0	25	0.0	0	6	0.0	False	0	25	0.0	1	6	0.16666666666666666
ENSG00000102144	PGK1	499.0	MEDIUM	False	0	25	0.0	0	6	0.0	False	0	25	0.0	0	6	0.0	False	0	25	0.0	0	6	0.0
ENSG00000057663	ATG5	500.0	MEDIUM	False	0	25	0.0	0	6	0.0	False	0	25	0.0	0	6	0.0	False	0	25	0.0	0	6	0.0
ENSG00000116127	ALMS1	503.0	MEDIUM	False	0	25	0.0	0	6	0.0	False	0	25	0.0	0	6	0.0	False	0	25	0.0	0	6	0.0
ENSG00000170345	FOS	507.0	MEDIUM	False	0	25	0.0	0	6	0.0	False	0	25	0.0	0	6	0.0	False	0	25	0.0	1	6	0.16666666666666666
ENSG00000099365	STX1B	508.0	MEDIUM	False	0	25	0.0	0	6	0.0	False	0	25	0.0	0	6	0.0	False	0	25	0.0	1	6	0.16666666666666666
ENSG00000117682	DHDDS	511.0	MEDIUM	False	0	25	0.0	0	6	0.0	False	0	25	0.0	0	6	0.0	False	0	25	0.0	1	6	0.16666666666666666
ENSG00000104218	CSPP1	512.0	MEDIUM	False	0	25	0.0	0	6	0.0	False	0	25	0.0	0	6	0.0	False	0	25	0.0	0	6	0.0
ENSG00000033800	PIAS1	513.0	MEDIUM	False	0	25	0.0	0	6	0.0	False	0	25	0.0	0	6	0.0	False	0	25	0.0	0	6	0.0
ENSG00000101210	EEF1A2	518.0	MEDIUM	False	0	25	0.0	0	6	0.0	False	0	25	0.0	0	6	0.0	False	0	25	0.0	1	6	0.16666666666666666
ENSG00000160789	LMNA	519.0	MEDIUM	False	0	25	0.0	0	6	0.0	False	0	25	0.0	0	6	0.0	False	0	25	0.0	1	6	0.16666666666666666
ENSG00000197386	HTT	522.0	MEDIUM	False	0	25	0.0	0	6	0.0	False	0	25	0.0	0	6	0.0	False	0	25	0.0	1	6	0.16666666666666666
ENSG00000132915	PDE6A	528.0	MEDIUM	False	0	25	0.0	0	6	0.0	False	0	25	0.0	0	6	0.0	False	0	25	0.0	0	6	0.0
ENSG00000137877	SPTBN5	530.0	MEDIUM	False	0	25	0.0	0	6	0.0	False	0	25	0.0	0	6	0.0	False	0	25	0.0	1	6	0.16666666666666666
ENSG00000104067	TJP1	532.0	MEDIUM	False	0	25	0.0	0	6	0.0	False	0	25	0.0	0	6	0.0	False	0	25	0.0	0	6	0.0
ENSG00000105618	PRPF31	535.0	MEDIUM	False	0	25	0.0	0	6	0.0	False	0	25	0.0	0	6	0.0	False	0	25	0.0	0	6	0.0
ENSG00000043355	ZIC2	540.0	MEDIUM	False	0	25	0.0	0	6	0.0	False	0	25	0.0	0	6	0.0	False	0	25	0.0	0	6	0.0
ENSG00000081189	MEF2C	542.0	MEDIUM	False	0	25	0.0	0	6	0.0	False	0	25	0.0	0	6	0.0	False	0	25	0.0	0	6	0.0
ENSG00000153207	AHCTF1	550.0	MEDIUM	False	0	25	0.0	0	6	0.0	False	0	25	0.0	0	6	0.0	False	0	25	0.0	0	6	0.0
ENSG00000137203	TFAP2A	552.0	MEDIUM	False	0	25	0.0	0	6	0.0	False	0	25	0.0	0	6	0.0	False	0	25	0.0	0	6	0.0
ENSG00000176165	FOXG1	554.0	MEDIUM	False	0	25	0.0	0	6	0.0	False	0	25	0.0	0	6	0.0	False	0	25	0.0	1	6	0.16666666666666666
ENSG00000136238	RAC1	557.0	MEDIUM	False	0	25	0.0	0	6	0.0	False	0	25	0.0	0	6	0.0	False	0	25	0.0	0	6	0.0
ENSG00000125398	SOX9	567.0	MEDIUM	False	0	25	0.0	0	6	0.0	False	0	25	0.0	0	6	0.0	False	0	25	0.0	0	6	0.0
ENSG00000106948	AKNA	568.0	MEDIUM	False	0	25	0.0	0	6	0.0	False	0	25	0.0	0	6	0.0	False	0	25	0.0	0	6	0.0
ENSG00000169379	ARL13B	572.0	MEDIUM	False	0	25	0.0	0	6	0.0	False	0	25	0.0	0	6	0.0	False	0	25	0.0	0	6	0.0
ENSG00000138468	SENP7	578.0	MEDIUM	False	0	25	0.0	0	6	0.0	False	0	25	0.0	0	6	0.0	False	0	25	0.0	0	6	0.0
ENSG00000102003	SYP	579.0	MEDIUM	False	0	25	0.0	0	6	0.0	False	0	25	0.0	0	6	0.0	False	0	25	0.0	0	6	0.0
ENSG00000175161	CADM2	587.0	MEDIUM	False	0	25	0.0	0	6	0.0	False	0	25	0.0	0	6	0.0	False	0	25	0.0	0	6	0.0
ENSG00000156925	ZIC3	594.0	MEDIUM	False	0	25	0.0	0	6	0.0	False	0	25	0.0	1	6	0.16666666666666666	False	0	25	0.0	1	6	0.16666666666666666
ENSG00000146648	EGFR	608.0	MEDIUM	False	0	25	0.0	0	6	0.0	False	0	25	0.0	0	6	0.0	False	0	25	0.0	0	6	0.0
ENSG00000100629	CEP128	610.0	MEDIUM	False	0	25	0.0	0	6	0.0	False	0	25	0.0	0	6	0.0	False	0	25	0.0	0	6	0.0
ENSG00000157796	WDR19	611.0	MEDIUM	False	0	25	0.0	0	6	0.0	False	0	25	0.0	0	6	0.0	False	0	25	0.0	0	6	0.0
ENSG00000174483	BBS1	614.0	MEDIUM	False	0	25	0.0	0	6	0.0	False	0	25	0.0	0	6	0.0	False	0	25	0.0	0	6	0.0
ENSG00000067560	RHOA	615.0	MEDIUM	False	0	25	0.0	0	6	0.0	False	0	25	0.0	0	6	0.0	False	0	25	0.0	0	6	0.0
ENSG00000078018	MAP2	616.0	MEDIUM	False	0	25	0.0	0	6	0.0	False	0	25	0.0	0	6	0.0	False	0	25	0.0	0	6	0.0
ENSG00000160188	RSPH1	619.0	MEDIUM	False	0	25	0.0	0	6	0.0	False	0	25	0.0	0	6	0.0	False	0	25	0.0	0	6	0.0
ENSG00000120899	PTK2B	625.0	MEDIUM	False	0	25	0.0	0	6	0.0	False	0	25	0.0	0	6	0.0	False	0	25	0.0	0	6	0.0
ENSG00000166851	PLK1	644.0	MEDIUM	False	0	25	0.0	0	6	0.0	False	0	25	0.0	0	6	0.0	False	0	25	0.0	0	6	0.0
ENSG00000187555	USP7	648.0	MEDIUM	False	0	25	0.0	0	6	0.0	False	0	25	0.0	0	6	0.0	False	0	25	0.0	0	6	0.0
ENSG00000096968	JAK2	651.0	MEDIUM	False	0	25	0.0	0	6	0.0	False	0	25	0.0	0	6	0.0	False	0	25	0.0	0	6	0.0
ENSG00000065135	GNAI3	653.0	MEDIUM	False	0	25	0.0	0	6	0.0	False	0	25	0.0	0	6	0.0	False	0	25	0.0	0	6	0.0
ENSG00000141367	CLTC	657.0	MEDIUM	False	0	25	0.0	0	6	0.0	False	0	25	0.0	0	6	0.0	False	0	25	0.0	0	6	0.0
ENSG00000100146	SOX10	659.0	MEDIUM	False	0	25	0.0	0	6	0.0	False	0	25	0.0	0	6	0.0	False	0	25	0.0	0	6	0.0
ENSG00000109819	PPARGC1A	669.0	MEDIUM	False	0	25	0.0	0	6	0.0	False	0	25	0.0	0	6	0.0	False	0	25	0.0	0	6	0.0
ENSG00000092200	RPGRIP1	673.0	MEDIUM	False	0	25	0.0	0	6	0.0	False	0	25	0.0	0	6	0.0	False	0	25	0.0	0	6	0.0
ENSG00000135862	LAMC1	674.0	MEDIUM	False	0	25	0.0	0	6	0.0	False	0	25	0.0	0	6	0.0	False	0	25	0.0	0	6	0.0
ENSG00000213760	ATP6V1G2	689.0	MEDIUM	False	0	25	0.0	0	6	0.0	False	0	25	0.0	0	6	0.0	False	0	25	0.0	0	6	0.0
ENSG00000213937	CLDN9	690.0	MEDIUM	False	0	25	0.0	0	6	0.0	False	0	25	0.0	1	6	0.16666666666666666	False	0	25	0.0	1	6	0.16666666666666666
ENSG00000072415	PALS1	716.0	MEDIUM	False	0	25	0.0	0	6	0.0	False	0	25	0.0	0	6	0.0	False	0	25	0.0	0	6	0.0
ENSG00000110107	PRPF19	726.0	MEDIUM	False	0	25	0.0	0	6	0.0	False	0	25	0.0	0	6	0.0	False	0	25	0.0	0	6	0.0
ENSG00000115524	SF3B1	738.0	MEDIUM	False	0	25	0.0	0	6	0.0	False	0	25	0.0	0	6	0.0	False	0	25	0.0	0	6	0.0
ENSG00000188419	CHM	743.0	MEDIUM	False	0	25	0.0	0	6	0.0	False	0	25	0.0	0	6	0.0	False	0	25	0.0	1	6	0.16666666666666666
ENSG00000065526	SPEN	767.0	MEDIUM	False	0	25	0.0	0	6	0.0	False	0	25	0.0	0	6	0.0	False	0	25	0.0	0	6	0.0
ENSG00000131095	GFAP	770.0	MEDIUM	False	0	25	0.0	0	6	0.0	False	0	25	0.0	0	6	0.0	False	0	25	0.0	0	6	0.0
ENSG00000142541	RPL13A	781.0	MEDIUM	False	0	25	0.0	0	6	0.0	False	0	25	0.0	0	6	0.0	False	0	25	0.0	0	6	0.0
ENSG00000151090	THRB	782.0	MEDIUM	False	0	25	0.0	0	6	0.0	False	0	25	0.0	0	6	0.0	False	0	25	0.0	0	6	0.0
ENSG00000079215	SLC1A3	791.0	MEDIUM	False	0	25	0.0	0	6	0.0	False	0	25	0.0	0	6	0.0	False	0	25	0.0	0	6	0.0
ENSG00000165280	VCP	792.0	MEDIUM	False	0	25	0.0	0	6	0.0	False	0	25	0.0	0	6	0.0	False	0	25	0.0	0	6	0.0
ENSG00000072571	HMMR	794.0	MEDIUM	False	0	25	0.0	0	6	0.0	False	0	25	0.0	0	6	0.0	False	0	25	0.0	0	6	0.0
ENSG00000273706	LHX1	796.0	MEDIUM	False	0	25	0.0	0	6	0.0	False	0	25	0.0	0	6	0.0	False	0	25	0.0	0	6	0.0
ENSG00000039068	CDH1	804.0	MEDIUM	False	0	25	0.0	0	6	0.0	False	0	25	0.0	0	6	0.0	False	0	25	0.0	0	6	0.0
ENSG00000146872	TLK2	805.0	MEDIUM	False	0	25	0.0	0	6	0.0	False	0	25	0.0	0	6	0.0	False	0	25	0.0	0	6	0.0
ENSG00000144285	SCN1A	828.0	MEDIUM	False	0	25	0.0	0	6	0.0	False	0	25	0.0	0	6	0.0	False	0	25	0.0	0	6	0.0
ENSG00000104327	CALB1	830.0	MEDIUM	False	0	25	0.0	0	6	0.0	False	0	25	0.0	0	6	0.0	False	0	25	0.0	0	6	0.0
ENSG00000115109	EPB41L5	832.0	MEDIUM	False	0	25	0.0	0	6	0.0	False	0	25	0.0	0	6	0.0	False	0	25	0.0	0	6	0.0
ENSG00000142937	RPS8	834.0	MEDIUM	False	0	25	0.0	0	6	0.0	False	0	25	0.0	0	6	0.0	False	0	25	0.0	0	6	0.0
ENSG00000161509	GRIN2C	839.0	MEDIUM	False	0	25	0.0	0	6	0.0	False	0	25	0.0	0	6	0.0	False	0	25	0.0	0	6	0.0
ENSG00000112039	FANCE	840.0	MEDIUM	False	0	25	0.0	0	6	0.0	False	0	25	0.0	0	6	0.0	False	0	25	0.0	0	6	0.0
ENSG00000100345	MYH9	841.0	MEDIUM	False	0	25	0.0	0	6	0.0	False	0	25	0.0	0	6	0.0	False	0	25	0.0	0	6	0.0
ENSG00000125107	CNOT1	842.0	MEDIUM	False	0	25	0.0	0	6	0.0	False	0	25	0.0	0	6	0.0	False	0	25	0.0	0	6	0.0
ENSG00000116478	HDAC1	847.0	MEDIUM	False	0	25	0.0	0	6	0.0	False	0	25	0.0	0	6	0.0	False	0	25	0.0	0	6	0.0
ENSG00000122406	RPL5	857.0	MEDIUM	False	0	25	0.0	0	6	0.0	False	0	25	0.0	0	6	0.0	False	0	25	0.0	0	6	0.0
ENSG00000187240	DYNC2H1	858.0	MEDIUM	False	0	25	0.0	0	6	0.0	False	0	25	0.0	0	6	0.0	False	0	25	0.0	0	6	0.0
ENSG00000118762	PKD2	869.0	MEDIUM	False	0	25	0.0	0	6	0.0	False	0	25	0.0	0	6	0.0	False	0	25	0.0	0	6	0.0
ENSG00000139437	TCHP	880.0	MEDIUM	False	0	25	0.0	0	6	0.0	False	0	25	0.0	0	6	0.0	False	0	25	0.0	0	6	0.0
ENSG00000080986	NDC80	882.0	MEDIUM	False	0	25	0.0	0	6	0.0	False	0	25	0.0	0	6	0.0	False	0	25	0.0	0	6	0.0
ENSG00000113966	ARL6	886.0	MEDIUM	False	0	25	0.0	0	6	0.0	False	0	25	0.0	0	6	0.0	False	0	25	0.0	0	6	0.0
ENSG00000153187	HNRNPU	888.0	MEDIUM	False	0	25	0.0	0	6	0.0	False	0	25	0.0	0	6	0.0	False	0	25	0.0	0	6	0.0
ENSG00000118707	TGIF2	890.0	MEDIUM	False	0	25	0.0	0	6	0.0	False	0	25	0.0	0	6	0.0	False	0	25	0.0	0	6	0.0
ENSG00000198719	DLL1	897.0	MEDIUM	False	0	25	0.0	0	6	0.0	False	0	25	0.0	0	6	0.0	False	0	25	0.0	0	6	0.0
ENSG00000168014	C2CD3	898.0	MEDIUM	False	0	25	0.0	0	6	0.0	False	0	25	0.0	0	6	0.0	False	0	25	0.0	0	6	0.0
ENSG00000255730	ENSG00000255730	902.0	MEDIUM	False	0	25	0.0	0	6	0.0	False	0	25	0.0	0	6	0.0	False	0	25	0.0	1	6	0.16666666666666666
ENSG00000172757	CFL1	909.0	MEDIUM	False	0	25	0.0	0	6	0.0	False	0	25	0.0	0	6	0.0	False	0	25	0.0	0	6	0.0
ENSG00000048342	CC2D2A	911.0	MEDIUM	False	0	25	0.0	0	6	0.0	False	0	25	0.0	0	6	0.0	False	0	25	0.0	0	6	0.0
ENSG00000254087	LYN	914.0	MEDIUM	False	0	25	0.0	0	6	0.0	False	0	25	0.0	0	6	0.0	False	0	25	0.0	0	6	0.0
ENSG00000143799	PARP1	917.0	MEDIUM	False	0	25	0.0	0	6	0.0	False	0	25	0.0	0	6	0.0	False	0	25	0.0	0	6	0.0
ENSG00000080824	HSP90AA1	936.0	MEDIUM	False	0	25	0.0	0	6	0.0	False	0	25	0.0	0	6	0.0	False	0	25	0.0	0	6	0.0
ENSG00000109171	SLAIN2	942.0	MEDIUM	False	0	25	0.0	0	6	0.0	False	0	25	0.0	0	6	0.0	False	0	25	0.0	0	6	0.0
ENSG00000100316	RPL3	945.0	MEDIUM	False	0	25	0.0	0	6	0.0	False	0	25	0.0	0	6	0.0	False	0	25	0.0	0	6	0.0
ENSG00000082701	GSK3B	947.0	MEDIUM	False	0	25	0.0	0	6	0.0	False	0	25	0.0	0	6	0.0	False	0	25	0.0	0	6	0.0
ENSG00000148384	INPP5E	948.0	MEDIUM	False	0	25	0.0	0	6	0.0	False	0	25	0.0	0	6	0.0	False	0	25	0.0	0	6	0.0
ENSG00000008441	NFIX	982.0	MEDIUM	False	0	25	0.0	0	6	0.0	False	0	25	0.0	0	6	0.0	False	0	25	0.0	0	6	0.0
ENSG00000010810	FYN	989.0	MEDIUM	False	0	25	0.0	0	6	0.0	False	0	25	0.0	0	6	0.0	False	0	25	0.0	0	6	0.0
ENSG00000141837	CACNA1A	999.0	MEDIUM	False	0	25	0.0	0	6	0.0	False	0	25	0.0	0	6	0.0	False	0	25	0.0	0	6	0.0
ENSG00000046651	OFD1	1003.0	MEDIUM	False	0	25	0.0	0	6	0.0	False	0	25	0.0	0	6	0.0	False	0	25	0.0	0	6	0.0
ENSG00000075891	PAX2	1004.0	MEDIUM	False	0	25	0.0	0	6	0.0	False	0	25	0.0	0	6	0.0	False	0	25	0.0	0	6	0.0
ENSG00000198793	MTOR	1010.0	MEDIUM	False	0	25	0.0	0	6	0.0	False	0	25	0.0	0	6	0.0	False	0	25	0.0	0	6	0.0
ENSG00000163093	BBS5	1016.0	MEDIUM	False	0	25	0.0	0	6	0.0	False	0	25	0.0	0	6	0.0	False	0	25	0.0	0	6	0.0
ENSG00000097007	ABL1	1029.0	MEDIUM	False	0	25	0.0	0	6	0.0	False	0	25	0.0	0	6	0.0	False	0	25	0.0	0	6	0.0
ENSG00000131462	TUBG1	1032.0	MEDIUM	False	0	25	0.0	0	6	0.0	False	0	25	0.0	0	6	0.0	False	0	25	0.0	0	6	0.0
ENSG00000188603	CLN3	1038.0	MEDIUM	False	0	25	0.0	0	6	0.0	False	0	25	0.0	0	6	0.0	False	0	25	0.0	0	6	0.0
ENSG00000089157	RPLP0	1040.0	MEDIUM	False	0	25	0.0	0	6	0.0	False	0	25	0.0	0	6	0.0	False	0	25	0.0	0	6	0.0
ENSG00000123908	AGO2	1044.0	MEDIUM	False	0	25	0.0	0	6	0.0	False	0	25	0.0	0	6	0.0	False	0	25	0.0	0	6	0.0
ENSG00000109107	ALDOC	1058.0	MEDIUM	False	0	25	0.0	0	6	0.0	False	0	25	0.0	0	6	0.0	False	0	25	0.0	0	6	0.0
ENSG00000105974	CAV1	1061.0	MEDIUM	False	0	25	0.0	0	6	0.0	False	0	25	0.0	0	6	0.0	False	0	25	0.0	0	6	0.0
ENSG00000135679	MDM2	1063.0	MEDIUM	False	0	25	0.0	0	6	0.0	False	0	25	0.0	0	6	0.0	False	0	25	0.0	0	6	0.0
ENSG00000100393	EP300	1073.0	MEDIUM	False	0	25	0.0	0	6	0.0	False	0	25	0.0	0	6	0.0	False	0	25	0.0	0	6	0.0
ENSG00000151849	CENPJ	1074.0	MEDIUM	False	0	25	0.0	0	6	0.0	False	0	25	0.0	0	6	0.0	False	0	25	0.0	0	6	0.0
ENSG00000104435	STMN2	1077.0	MEDIUM	False	0	25	0.0	0	6	0.0	False	0	25	0.0	0	6	0.0	False	0	25	0.0	0	6	0.0
ENSG00000123384	LRP1	1078.0	MEDIUM	False	0	25	0.0	0	6	0.0	False	0	25	0.0	0	6	0.0	False	0	25	0.0	0	6	0.0
ENSG00000100644	HIF1A	1081.0	MEDIUM	False	0	25	0.0	0	6	0.0	False	0	25	0.0	0	6	0.0	False	0	25	0.0	0	6	0.0
ENSG00000111199	TRPV4	1089.0	MEDIUM	False	0	25	0.0	0	6	0.0	False	0	25	0.0	0	6	0.0	False	0	25	0.0	0	6	0.0
ENSG00000162413	KLHL21	1090.0	MEDIUM	False	0	25	0.0	0	6	0.0	False	0	25	0.0	0	6	0.0	False	0	25	0.0	0	6	0.0
ENSG00000093009	CDC45	1091.0	MEDIUM	False	0	25	0.0	0	6	0.0	False	0	25	0.0	0	6	0.0	False	0	25	0.0	0	6	0.0
ENSG00000105329	TGFB1	1102.0	MEDIUM	False	0	25	0.0	0	6	0.0	False	0	25	0.0	0	6	0.0	False	0	25	0.0	0	6	0.0
ENSG00000164093	PITX2	1106.0	MEDIUM	False	0	25	0.0	0	6	0.0	False	0	25	0.0	0	6	0.0	False	0	25	0.0	0	6	0.0
ENSG00000196363	WDR5	1116.0	MEDIUM	False	0	25	0.0	0	6	0.0	False	0	25	0.0	0	6	0.0	False	0	25	0.0	0	6	0.0
ENSG00000114841	DNAH1	1129.0	MEDIUM	False	0	25	0.0	0	6	0.0	False	0	25	0.0	0	6	0.0	False	0	25	0.0	0	6	0.0
ENSG00000162105	SHANK2	1134.0	MEDIUM	False	0	25	0.0	0	6	0.0	False	0	25	0.0	0	6	0.0	False	0	25	0.0	0	6	0.0
ENSG00000007174	DNAH9	1143.0	MEDIUM	False	0	25	0.0	0	6	0.0	False	0	25	0.0	0	6	0.0	False	0	25	0.0	0	6	0.0
ENSG00000106263	EIF3B	1146.0	MEDIUM	False	0	25	0.0	0	6	0.0	False	0	25	0.0	0	6	0.0	False	0	25	0.0	0	6	0.0
ENSG00000109943	CRTAM	1151.0	MEDIUM	False	0	25	0.0	0	6	0.0	False	0	25	0.0	0	6	0.0	False	0	25	0.0	0	6	0.0
ENSG00000172020	GAP43	1156.0	MEDIUM	False	0	25	0.0	0	6	0.0	False	0	25	0.0	0	6	0.0	False	0	25	0.0	0	6	0.0
ENSG00000100219	XBP1	1163.0	MEDIUM	False	0	25	0.0	0	6	0.0	False	0	25	0.0	0	6	0.0	False	0	25	0.0	0	6	0.0
ENSG00000232810	TNF	1177.0	MEDIUM	False	0	25	0.0	0	6	0.0	False	0	25	0.0	0	6	0.0	False	0	25	0.0	0	6	0.0
ENSG00000166949	SMAD3	1180.0	MEDIUM	False	0	25	0.0	0	6	0.0	False	0	25	0.0	0	6	0.0	False	0	25	0.0	0	6	0.0
ENSG00000104517	UBR5	1183.0	MEDIUM	False	0	25	0.0	0	6	0.0	False	0	25	0.0	0	6	0.0	False	0	25	0.0	0	6	0.0
ENSG00000171385	KCND3	1188.0	MEDIUM	False	0	25	0.0	0	6	0.0	False	0	25	0.0	1	6	0.16666666666666666	False	0	25	0.0	1	6	0.16666666666666666
ENSG00000082512	TRAF5	1193.0	MEDIUM	False	0	25	0.0	0	6	0.0	False	0	25	0.0	0	6	0.0	False	0	25	0.0	0	6	0.0
ENSG00000134086	VHL	1208.0	MEDIUM	False	0	25	0.0	0	6	0.0	False	0	25	0.0	0	6	0.0	False	0	25	0.0	0	6	0.0
ENSG00000138686	BBS7	1209.0	MEDIUM	False	0	25	0.0	0	6	0.0	False	0	25	0.0	0	6	0.0	False	0	25	0.0	0	6	0.0
ENSG00000196628	TCF4	1220.0	MEDIUM	False	0	25	0.0	0	6	0.0	False	0	25	0.0	0	6	0.0	False	0	25	0.0	0	6	0.0
ENSG00000134352	IL6ST	1227.0	MEDIUM	False	0	25	0.0	0	6	0.0	False	0	25	0.0	0	6	0.0	False	0	25	0.0	0	6	0.0
ENSG00000148303	RPL7A	1231.0	MEDIUM	False	0	25	0.0	0	6	0.0	False	0	25	0.0	0	6	0.0	False	0	25	0.0	0	6	0.0
ENSG00000114867	EIF4G1	1243.0	MEDIUM	False	0	25	0.0	0	6	0.0	False	0	25	0.0	0	6	0.0	False	0	25	0.0	0	6	0.0
ENSG00000102076	OPN1LW	1251.0	MEDIUM	False	0	25	0.0	0	6	0.0	False	0	25	0.0	0	6	0.0	False	0	25	0.0	0	6	0.0
ENSG00000161996	WDR90	1264.0	MEDIUM	False	0	25	0.0	0	6	0.0	False	0	25	0.0	0	6	0.0	False	0	25	0.0	0	6	0.0
ENSG00000167281	RBFOX3	1273.0	MEDIUM	False	0	25	0.0	0	6	0.0	False	0	25	0.0	0	6	0.0	False	0	25	0.0	0	6	0.0
ENSG00000107831	FGF8	1280.0	MEDIUM	False	0	25	0.0	0	6	0.0	False	0	25	0.0	0	6	0.0	False	0	25	0.0	0	6	0.0
ENSG00000127928	GNGT1	1281.0	MEDIUM	False	0	25	0.0	0	6	0.0	False	0	25	0.0	0	6	0.0	False	0	25	0.0	0	6	0.0
ENSG00000157106	SMG1	1284.0	MEDIUM	False	0	25	0.0	0	6	0.0	False	0	25	0.0	0	6	0.0	False	0	25	0.0	0	6	0.0
ENSG00000140463	BBS4	1285.0	MEDIUM	False	0	25	0.0	0	6	0.0	False	0	25	0.0	0	6	0.0	False	0	25	0.0	0	6	0.0
ENSG00000141510	TP53	1288.0	MEDIUM	False	0	25	0.0	0	6	0.0	False	0	25	0.0	0	6	0.0	False	0	25	0.0	0	6	0.0
ENSG00000152240	HAUS1	1292.0	MEDIUM	False	0	25	0.0	0	6	0.0	False	0	25	0.0	0	6	0.0	False	0	25	0.0	0	6	0.0
ENSG00000076716	GPC4	1301.0	MEDIUM	False	0	25	0.0	0	6	0.0	False	0	25	0.0	0	6	0.0	False	0	25	0.0	0	6	0.0
ENSG00000089280	FUS	1312.0	MEDIUM	False	0	25	0.0	0	6	0.0	False	0	25	0.0	0	6	0.0	False	0	25	0.0	0	6	0.0
ENSG00000111641	NOP2	1314.0	MEDIUM	False	0	25	0.0	0	6	0.0	False	0	25	0.0	0	6	0.0	False	0	25	0.0	0	6	0.0
ENSG00000122218	COPA	1342.0	MEDIUM	False	0	25	0.0	0	6	0.0	False	0	25	0.0	0	6	0.0	False	0	25	0.0	0	6	0.0
ENSG00000188906	LRRK2	1347.0	MEDIUM	False	0	25	0.0	0	6	0.0	False	0	25	0.0	0	6	0.0	False	0	25	0.0	0	6	0.0
ENSG00000033122	LRRC7	1350.0	MEDIUM	False	0	25	0.0	0	6	0.0	False	0	25	0.0	0	6	0.0	False	0	25	0.0	0	6	0.0
ENSG00000111674	ENO2	1356.0	MEDIUM	False	0	25	0.0	0	6	0.0	False	0	25	0.0	0	6	0.0	False	0	25	0.0	0	6	0.0
ENSG00000131165	CHMP1A	1369.0	MEDIUM	False	0	25	0.0	0	6	0.0	False	0	25	0.0	0	6	0.0	False	0	25	0.0	0	6	0.0
ENSG00000171988	JMJD1C	1378.0	MEDIUM	False	0	25	0.0	0	6	0.0	False	0	25	0.0	0	6	0.0	False	0	25	0.0	0	6	0.0
ENSG00000078674	PCM1	1381.0	MEDIUM	False	0	25	0.0	0	6	0.0	False	0	25	0.0	0	6	0.0	False	0	25	0.0	0	6	0.0
ENSG00000079974	RABL2B	1387.0	MEDIUM	False	0	25	0.0	0	6	0.0	False	0	25	0.0	0	6	0.0	False	0	25	0.0	0	6	0.0
ENSG00000136108	CKAP2	1389.0	MEDIUM	False	0	25	0.0	0	6	0.0	False	0	25	0.0	0	6	0.0	False	0	25	0.0	0	6	0.0
ENSG00000173226	IQCB1	1406.0	MEDIUM	False	0	25	0.0	0	6	0.0	False	0	25	0.0	0	6	0.0	False	0	25	0.0	0	6	0.0
ENSG00000170312	CDK1	1415.0	MEDIUM	False	0	25	0.0	0	6	0.0	False	0	25	0.0	0	6	0.0	False	0	25	0.0	0	6	0.0
ENSG00000152822	GRM1	1417.0	MEDIUM	False	0	25	0.0	0	6	0.0	False	0	25	0.0	0	6	0.0	False	0	25	0.0	0	6	0.0
ENSG00000170264	FAM161A	1421.0	MEDIUM	False	0	25	0.0	0	6	0.0	False	0	25	0.0	0	6	0.0	False	0	25	0.0	0	6	0.0
ENSG00000113812	ACTR8	1424.0	MEDIUM	False	0	25	0.0	0	6	0.0	False	0	25	0.0	0	6	0.0	False	0	25	0.0	0	6	0.0
ENSG00000120738	EGR1	1433.0	MEDIUM	False	0	25	0.0	0	6	0.0	False	0	25	0.0	0	6	0.0	False	0	25	0.0	0	6	0.0
ENSG00000125124	BBS2	1453.0	MEDIUM	False	0	25	0.0	0	6	0.0	False	0	25	0.0	0	6	0.0	False	0	25	0.0	0	6	0.0
ENSG00000018610	STEEP1	1460.0	MEDIUM	False	0	25	0.0	0	6	0.0	False	0	25	0.0	0	6	0.0	False	0	25	0.0	0	6	0.0
ENSG00000131697	NPHP4	1471.0	MEDIUM	False	0	25	0.0	0	6	0.0	False	0	25	0.0	0	6	0.0	False	0	25	0.0	0	6	0.0
ENSG00000114446	IFT57	1480.0	MEDIUM	False	0	25	0.0	0	6	0.0	False	0	25	0.0	0	6	0.0	False	0	25	0.0	0	6	0.0
ENSG00000129295	DNAAF11	1481.0	MEDIUM	False	0	25	0.0	0	6	0.0	False	0	25	0.0	0	6	0.0	False	0	25	0.0	0	6	0.0
ENSG00000016082	ISL1	1490.0	MEDIUM	False	0	25	0.0	0	6	0.0	False	0	25	0.0	0	6	0.0	False	0	25	0.0	0	6	0.0
ENSG00000112877	CEP72	1494.0	MEDIUM	False	0	25	0.0	0	6	0.0	False	0	25	0.0	0	6	0.0	False	0	25	0.0	0	6	0.0
ENSG00000085231	AK6	1497.0	MEDIUM	False	0	25	0.0	0	6	0.0	False	0	25	0.0	0	6	0.0	False	0	25	0.0	0	6	0.0
ENSG00000105605	CACNG7	1517.0	MEDIUM	False	0	25	0.0	0	6	0.0	False	0	25	0.0	0	6	0.0	False	0	25	0.0	1	6	0.16666666666666666
ENSG00000082898	XPO1	1520.0	MEDIUM	False	0	25	0.0	0	6	0.0	False	0	25	0.0	0	6	0.0	False	0	25	0.0	0	6	0.0
ENSG00000080815	PSEN1	1527.0	MEDIUM	False	0	25	0.0	0	6	0.0	False	0	25	0.0	0	6	0.0	False	0	25	0.0	0	6	0.0
ENSG00000164190	NIPBL	1528.0	MEDIUM	False	0	25	0.0	0	6	0.0	False	0	25	0.0	0	6	0.0	False	0	25	0.0	0	6	0.0
ENSG00000164418	GRIK2	1531.0	MEDIUM	False	0	25	0.0	0	6	0.0	False	0	25	0.0	0	6	0.0	False	0	25	0.0	1	6	0.16666666666666666
ENSG00000047249	ATP6V1H	1534.0	MEDIUM	False	0	25	0.0	0	6	0.0	False	0	25	0.0	0	6	0.0	False	0	25	0.0	0	6	0.0
ENSG00000117713	ARID1A	1555.0	MEDIUM	False	0	25	0.0	0	6	0.0	False	0	25	0.0	0	6	0.0	False	0	25	0.0	0	6	0.0
ENSG00000128272	ATF4	1562.0	MEDIUM	False	0	25	0.0	0	6	0.0	False	0	25	0.0	0	6	0.0	False	0	25	0.0	0	6	0.0
ENSG00000145911	N4BP3	1583.0	MEDIUM	False	0	25	0.0	0	6	0.0	False	0	25	0.0	0	6	0.0	False	0	25	0.0	0	6	0.0
ENSG00000105229	PIAS4	1593.0	MEDIUM	False	0	25	0.0	0	6	0.0	False	0	25	0.0	0	6	0.0	False	0	25	0.0	0	6	0.0
ENSG00000130203	APOE	1599.0	MEDIUM	False	0	25	0.0	0	6	0.0	False	0	25	0.0	0	6	0.0	False	0	25	0.0	0	6	0.0
ENSG00000088038	CNOT3	1606.0	MEDIUM	False	0	25	0.0	0	6	0.0	False	0	25	0.0	0	6	0.0	False	0	25	0.0	0	6	0.0
ENSG00000153234	NR4A2	1609.0	MEDIUM	False	0	25	0.0	0	6	0.0	False	0	25	0.0	0	6	0.0	False	0	25	0.0	0	6	0.0
ENSG00000147862	NFIB	1626.0	MEDIUM	False	0	25	0.0	0	6	0.0	False	0	25	0.0	0	6	0.0	False	0	25	0.0	0	6	0.0
ENSG00000107295	SH3GL2	1640.0	MEDIUM	False	0	25	0.0	0	6	0.0	False	0	25	0.0	0	6	0.0	False	0	25	0.0	0	6	0.0
ENSG00000090539	CHRD	1644.0	MEDIUM	False	0	25	0.0	0	6	0.0	False	0	25	0.0	0	6	0.0	False	0	25	0.0	1	6	0.16666666666666666
ENSG00000131242	RAB11FIP4	1659.0	MEDIUM	False	0	25	0.0	0	6	0.0	False	0	25	0.0	0	6	0.0	False	0	25	0.0	1	6	0.16666666666666666
ENSG00000115053	NCL	1670.0	MEDIUM	False	0	25	0.0	0	6	0.0	False	0	25	0.0	0	6	0.0	False	0	25	0.0	0	6	0.0
ENSG00000135439	AGAP2	1682.0	MEDIUM	False	0	25	0.0	0	6	0.0	False	0	25	0.0	0	6	0.0	False	0	25	0.0	0	6	0.0
ENSG00000111530	CAND1	1694.0	MEDIUM	False	0	25	0.0	0	6	0.0	False	0	25	0.0	0	6	0.0	False	0	25	0.0	0	6	0.0
ENSG00000165023	DIRAS2	1702.0	MEDIUM	False	0	25	0.0	0	6	0.0	False	0	25	0.0	0	6	0.0	False	0	25	0.0	0	6	0.0
ENSG00000156650	KAT6B	1711.0	MEDIUM	False	0	25	0.0	0	6	0.0	False	0	25	0.0	0	6	0.0	False	0	25	0.0	0	6	0.0
ENSG00000184408	KCND2	1712.0	MEDIUM	False	0	25	0.0	0	6	0.0	False	0	25	0.0	0	6	0.0	False	0	25	0.0	1	6	0.16666666666666666
ENSG00000072364	AFF4	1716.0	MEDIUM	False	0	25	0.0	0	6	0.0	False	0	25	0.0	0	6	0.0	False	0	25	0.0	0	6	0.0
ENSG00000156466	GDF6	1726.0	MEDIUM	False	0	25	0.0	0	6	0.0	False	0	25	0.0	0	6	0.0	False	0	25	0.0	0	6	0.0
ENSG00000076344	RGS11	1734.0	MEDIUM	False	0	25	0.0	0	6	0.0	False	0	25	0.0	0	6	0.0	False	0	25	0.0	0	6	0.0
ENSG00000008735	MAPK8IP2	1736.0	MEDIUM	False	0	25	0.0	0	6	0.0	False	0	25	0.0	0	6	0.0	False	0	25	0.0	1	6	0.16666666666666666
ENSG00000179774	ATOH7	1739.0	MEDIUM	False	0	25	0.0	0	6	0.0	False	0	25	0.0	0	6	0.0	False	0	25	0.0	1	6	0.16666666666666666
ENSG00000158815	FGF17	1748.0	MEDIUM	False	0	25	0.0	0	6	0.0	False	0	25	0.0	0	6	0.0	False	0	25	0.0	1	6	0.16666666666666666
ENSG00000147548	NSD3	1749.0	MEDIUM	False	0	25	0.0	0	6	0.0	False	0	25	0.0	0	6	0.0	False	0	25	0.0	0	6	0.0
ENSG00000148600	CDHR1	1761.0	MEDIUM	False	0	25	0.0	0	6	0.0	False	0	25	0.0	0	6	0.0	False	0	25	0.0	0	6	0.0
ENSG00000103494	RPGRIP1L	1767.0	MEDIUM	False	0	25	0.0	0	6	0.0	False	0	25	0.0	0	6	0.0	False	0	25	0.0	0	6	0.0
ENSG00000169554	ZEB2	1775.0	MEDIUM	False	0	25	0.0	0	6	0.0	False	0	25	0.0	0	6	0.0	False	0	25	0.0	0	6	0.0
ENSG00000096872	IFT74	1809.0	MEDIUM	False	0	25	0.0	0	6	0.0	False	0	25	0.0	0	6	0.0	False	0	25	0.0	0	6	0.0
ENSG00000163635	ATXN7	1819.0	MEDIUM	False	0	25	0.0	0	6	0.0	False	0	25	0.0	0	6	0.0	False	0	25	0.0	0	6	0.0
ENSG00000135829	DHX9	1827.0	MEDIUM	False	0	25	0.0	0	6	0.0	False	0	25	0.0	0	6	0.0	False	0	25	0.0	0	6	0.0
ENSG00000166813	KIF7	1844.0	MEDIUM	False	0	25	0.0	0	6	0.0	False	0	25	0.0	0	6	0.0	False	0	25	0.0	0	6	0.0
ENSG00000138036	DYNC2LI1	1854.0	MEDIUM	False	0	25	0.0	0	6	0.0	False	0	25	0.0	0	6	0.0	False	0	25	0.0	0	6	0.0
ENSG00000185046	ANKS1B	1858.0	MEDIUM	False	0	25	0.0	0	6	0.0	False	0	25	0.0	0	6	0.0	False	0	25	0.0	0	6	0.0
ENSG00000138160	KIF11	1861.0	MEDIUM	False	0	25	0.0	0	6	0.0	False	0	25	0.0	0	6	0.0	False	0	25	0.0	0	6	0.0
ENSG00000171862	PTEN	1877.0	MEDIUM	False	0	25	0.0	0	6	0.0	False	0	25	0.0	0	6	0.0	False	0	25	0.0	0	6	0.0
ENSG00000144713	RPL32	1887.0	MEDIUM	False	0	25	0.0	0	6	0.0	False	0	25	0.0	0	6	0.0	False	0	25	0.0	0	6	0.0
ENSG00000204217	BMPR2	1903.0	MEDIUM	False	0	25	0.0	0	6	0.0	False	0	25	0.0	0	6	0.0	False	0	25	0.0	0	6	0.0
ENSG00000144834	TAGLN3	1911.0	MEDIUM	False	0	25	0.0	0	6	0.0	False	0	25	0.0	0	6	0.0	False	0	25	0.0	0	6	0.0
ENSG00000089199	CHGB	1913.0	MEDIUM	False	0	25	0.0	0	6	0.0	False	0	25	0.0	0	6	0.0	False	0	25	0.0	0	6	0.0
ENSG00000096717	SIRT1	1933.0	MEDIUM	False	0	25	0.0	0	6	0.0	False	0	25	0.0	0	6	0.0	False	0	25	0.0	0	6	0.0
ENSG00000124493	GRM4	1947.0	MEDIUM	False	0	25	0.0	0	6	0.0	False	0	25	0.0	0	6	0.0	False	0	25	0.0	0	6	0.0
ENSG00000110888	CAPRIN2	1956.0	MEDIUM	False	0	25	0.0	0	6	0.0	False	0	25	0.0	0	6	0.0	False	0	25	0.0	0	6	0.0
ENSG00000102218	RP2	1965.0	MEDIUM	False	0	25	0.0	0	6	0.0	False	0	25	0.0	0	6	0.0	False	0	25	0.0	0	6	0.0
ENSG00000173039	RELA	1967.0	MEDIUM	False	0	25	0.0	0	6	0.0	False	0	25	0.0	0	6	0.0	False	0	25	0.0	0	6	0.0
ENSG00000005339	CREBBP	1970.0	MEDIUM	False	0	25	0.0	0	6	0.0	False	0	25	0.0	0	6	0.0	False	0	25	0.0	0	6	0.0
ENSG00000103540	CCP110	1972.0	MEDIUM	False	0	25	0.0	0	6	0.0	False	0	25	0.0	0	6	0.0	False	0	25	0.0	0	6	0.0
ENSG00000132170	PPARG	1978.0	MEDIUM	False	0	25	0.0	0	6	0.0	False	0	25	0.0	0	6	0.0	False	0	25	0.0	0	6	0.0
ENSG00000111640	GAPDH	1985.0	MEDIUM	False	0	25	0.0	0	6	0.0	False	0	25	0.0	0	6	0.0	False	0	25	0.0	0	6	0.0
ENSG00000110497	AMBRA1	1999.0	MEDIUM	False	0	25	0.0	0	6	0.0	False	0	25	0.0	0	6	0.0	False	0	25	0.0	0	6	0.0
ENSG00000256646	ENSG00000256646	2013.0	MEDIUM	False	0	25	0.0	1	6	0.16666666666666666	False	0	25	0.0	1	6	0.16666666666666666	False	0	25	0.0	1	6	0.16666666666666666
ENSG00000149970	CNKSR2	2045.0	MEDIUM	False	0	25	0.0	0	6	0.0	False	0	25	0.0	0	6	0.0	False	0	25	0.0	0	6	0.0
ENSG00000092820	EZR	2064.0	MEDIUM	False	0	25	0.0	0	6	0.0	False	0	25	0.0	0	6	0.0	False	0	25	0.0	0	6	0.0
ENSG00000119333	DYNC2I2	2068.0	MEDIUM	False	0	25	0.0	0	6	0.0	False	0	25	0.0	0	6	0.0	False	0	25	0.0	0	6	0.0
ENSG00000173120	KDM2A	2085.0	MEDIUM	False	0	25	0.0	0	6	0.0	False	0	25	0.0	0	6	0.0	False	0	25	0.0	0	6	0.0
ENSG00000167461	RAB8A	2090.0	MEDIUM	False	0	25	0.0	0	6	0.0	False	0	25	0.0	0	6	0.0	False	0	25	0.0	0	6	0.0
ENSG00000099250	NRP1	2097.0	MEDIUM	False	0	25	0.0	0	6	0.0	False	0	25	0.0	0	6	0.0	False	0	25	0.0	0	6	0.0
ENSG00000086589	RBM22	2099.0	MEDIUM	False	0	25	0.0	0	6	0.0	False	0	25	0.0	0	6	0.0	False	0	25	0.0	0	6	0.0
ENSG00000144061	NPHP1	2119.0	MEDIUM	False	0	25	0.0	0	6	0.0	False	0	25	0.0	0	6	0.0	False	0	25	0.0	0	6	0.0
ENSG00000141543	EIF4A3	2125.0	MEDIUM	False	0	25	0.0	0	6	0.0	False	0	25	0.0	0	6	0.0	False	0	25	0.0	0	6	0.0
ENSG00000101350	KIF3B	2141.0	MEDIUM	False	0	25	0.0	0	6	0.0	False	0	25	0.0	0	6	0.0	False	0	25	0.0	0	6	0.0
ENSG00000132153	DHX30	2144.0	MEDIUM	False	0	25	0.0	0	6	0.0	False	0	25	0.0	0	6	0.0	False	0	25	0.0	0	6	0.0
ENSG00000122507	BBS9	2170.0	MEDIUM	False	0	25	0.0	0	6	0.0	False	0	25	0.0	0	6	0.0	False	0	25	0.0	0	6	0.0
ENSG00000153140	CETN3	2179.0	MEDIUM	False	0	25	0.0	0	6	0.0	False	0	25	0.0	0	6	0.0	False	0	25	0.0	0	6	0.0
ENSG00000133393	CEP20	2194.0	MEDIUM	False	0	25	0.0	0	6	0.0	False	0	25	0.0	0	6	0.0	False	0	25	0.0	0	6	0.0
ENSG00000092969	TGFB2	2195.0	MEDIUM	False	0	25	0.0	0	6	0.0	False	0	25	0.0	0	6	0.0	False	0	25	0.0	0	6	0.0
ENSG00000125538	IL1B	2204.0	MEDIUM	False	0	25	0.0	0	6	0.0	False	0	25	0.0	0	6	0.0	False	0	25	0.0	0	6	0.0
ENSG00000104824	HNRNPL	2208.0	MEDIUM	False	0	25	0.0	0	6	0.0	False	0	25	0.0	0	6	0.0	False	0	25	0.0	0	6	0.0
ENSG00000170927	PKHD1	2230.0	MEDIUM	False	0	25	0.0	0	6	0.0	False	0	25	0.0	0	6	0.0	False	0	25	0.0	0	6	0.0
ENSG00000163347	CLDN1	2237.0	MEDIUM	False	0	25	0.0	0	6	0.0	False	0	25	0.0	0	6	0.0	False	0	25	0.0	0	6	0.0
ENSG00000179218	CALR	2263.0	MEDIUM	False	0	25	0.0	0	6	0.0	False	0	25	0.0	0	6	0.0	False	0	25	0.0	0	6	0.0
ENSG00000100167	SEPTIN3	2264.0	MEDIUM	False	0	25	0.0	0	6	0.0	False	0	25	0.0	0	6	0.0	False	0	25	0.0	0	6	0.0
ENSG00000113971	NPHP3	2269.0	MEDIUM	False	0	25	0.0	0	6	0.0	False	0	25	0.0	0	6	0.0	False	0	25	0.0	0	6	0.0
ENSG00000116752	BCAS2	2271.0	MEDIUM	False	0	25	0.0	0	6	0.0	False	0	25	0.0	0	6	0.0	False	0	25	0.0	0	6	0.0
ENSG00000186895	FGF3	2282.0	MEDIUM	False	0	25	0.0	0	6	0.0	False	0	25	0.0	0	6	0.0	False	0	25	0.0	1	6	0.16666666666666666
ENSG00000141577	CEP131	2284.0	MEDIUM	False	0	25	0.0	0	6	0.0	False	0	25	0.0	0	6	0.0	False	0	25	0.0	0	6	0.0
ENSG00000173402	DAG1	2287.0	MEDIUM	False	0	25	0.0	0	6	0.0	False	0	25	0.0	0	6	0.0	False	0	25	0.0	0	6	0.0
ENSG00000188452	CERKL	2297.0	MEDIUM	False	0	25	0.0	0	6	0.0	False	0	25	0.0	0	6	0.0	False	0	25	0.0	0	6	0.0
ENSG00000123066	MED13L	2302.0	MEDIUM	False	0	25	0.0	0	6	0.0	False	0	25	0.0	0	6	0.0	False	0	25	0.0	0	6	0.0
ENSG00000026025	VIM	2380.0	MEDIUM	False	0	25	0.0	0	6	0.0	False	0	25	0.0	0	6	0.0	False	0	25	0.0	0	6	0.0
ENSG00000088305	DNMT3B	2382.0	MEDIUM	False	0	25	0.0	0	6	0.0	False	0	25	0.0	0	6	0.0	False	0	25	0.0	0	6	0.0
ENSG00000130714	POMT1	2384.0	MEDIUM	False	0	25	0.0	0	6	0.0	False	0	25	0.0	0	6	0.0	False	0	25	0.0	0	6	0.0
ENSG00000139990	DCAF5	2387.0	MEDIUM	False	0	25	0.0	0	6	0.0	False	0	25	0.0	0	6	0.0	False	0	25	0.0	0	6	0.0
ENSG00000116539	ASH1L	2402.0	MEDIUM	False	0	25	0.0	0	6	0.0	False	0	25	0.0	0	6	0.0	False	0	25	0.0	0	6	0.0
ENSG00000107485	GATA3	2410.0	MEDIUM	False	0	25	0.0	0	6	0.0	False	0	25	0.0	0	6	0.0	False	0	25	0.0	0	6	0.0
ENSG00000142599	RERE	2449.0	MEDIUM	False	0	25	0.0	0	6	0.0	False	0	25	0.0	0	6	0.0	False	0	25	0.0	0	6	0.0
ENSG00000109685	NSD2	2455.0	MEDIUM	False	0	25	0.0	0	6	0.0	False	0	25	0.0	0	6	0.0	False	0	25	0.0	0	6	0.0
ENSG00000108671	PSMD11	2471.0	MEDIUM	False	0	25	0.0	0	6	0.0	False	0	25	0.0	0	6	0.0	False	0	25	0.0	0	6	0.0
ENSG00000165025	SYK	2488.0	MEDIUM	False	0	25	0.0	0	6	0.0	False	0	25	0.0	0	6	0.0	False	0	25	0.0	0	6	0.0
ENSG00000078401	EDN1	2492.0	MEDIUM	False	0	25	0.0	0	6	0.0	False	0	25	0.0	0	6	0.0	False	0	25	0.0	0	6	0.0
ENSG00000128591	FLNC	2506.0	MEDIUM	False	0	25	0.0	0	6	0.0	False	0	25	0.0	0	6	0.0	False	0	25	0.0	0	6	0.0
ENSG00000161634	DCD	2515.0	MEDIUM	False	0	25	0.0	0	6	0.0	False	0	25	0.0	0	6	0.0	False	0	25	0.0	1	6	0.16666666666666666
ENSG00000137801	THBS1	2534.0	MEDIUM	False	0	25	0.0	0	6	0.0	False	0	25	0.0	0	6	0.0	False	0	25	0.0	0	6	0.0
ENSG00000133739	LRRCC1	2538.0	MEDIUM	False	0	25	0.0	0	6	0.0	False	0	25	0.0	0	6	0.0	False	0	25	0.0	0	6	0.0
ENSG00000169180	XPO6	2561.0	MEDIUM	False	0	25	0.0	0	6	0.0	False	0	25	0.0	0	6	0.0	False	0	25	0.0	0	6	0.0
ENSG00000109111	SUPT6H	2597.0	MEDIUM	False	0	25	0.0	0	6	0.0	False	0	25	0.0	0	6	0.0	False	0	25	0.0	0	6	0.0
ENSG00000102081	FMR1	2602.0	MEDIUM	False	0	25	0.0	0	6	0.0	False	0	25	0.0	0	6	0.0	False	0	25	0.0	0	6	0.0
ENSG00000133454	MYO18B	2607.0	MEDIUM	False	0	25	0.0	0	6	0.0	False	0	25	0.0	0	6	0.0	False	0	25	0.0	0	6	0.0
ENSG00000196924	FLNA	2619.0	MEDIUM	False	0	25	0.0	0	6	0.0	False	0	25	0.0	0	6	0.0	False	0	25	0.0	0	6	0.0
ENSG00000125845	BMP2	2667.0	MEDIUM	False	0	25	0.0	0	6	0.0	False	0	25	0.0	0	6	0.0	False	0	25	0.0	0	6	0.0
ENSG00000154743	TSEN2	2669.0	MEDIUM	False	0	25	0.0	0	6	0.0	False	0	25	0.0	0	6	0.0	False	0	25	0.0	0	6	0.0
ENSG00000151247	EIF4E	2720.0	MEDIUM	False	0	25	0.0	0	6	0.0	False	0	25	0.0	0	6	0.0	False	0	25	0.0	0	6	0.0
ENSG00000171867	PRNP	2819.0	MEDIUM	False	0	25	0.0	0	6	0.0	False	0	25	0.0	0	6	0.0	False	0	25	0.0	0	6	0.0
ENSG00000165671	NSD1	2820.0	MEDIUM	False	0	25	0.0	0	6	0.0	False	0	25	0.0	0	6	0.0	False	0	25	0.0	0	6	0.0
ENSG00000163714	U2SURP	2851.0	MEDIUM	False	0	25	0.0	0	6	0.0	False	0	25	0.0	0	6	0.0	False	0	25	0.0	0	6	0.0
ENSG00000171634	BPTF	2933.0	MEDIUM	False	0	25	0.0	0	6	0.0	False	0	25	0.0	0	6	0.0	False	0	25	0.0	0	6	0.0
ENSG00000118965	WDR35	3027.0	MEDIUM	False	0	25	0.0	0	6	0.0	False	0	25	0.0	0	6	0.0	False	0	25	0.0	0	6	0.0
ENSG00000100207	TCF20	3038.0	MEDIUM	False	0	25	0.0	0	6	0.0	False	0	25	0.0	0	6	0.0	False	0	25	0.0	0	6	0.0
ENSG00000100427	MLC1	3061.0	MEDIUM	False	0	25	0.0	0	6	0.0	False	0	25	0.0	0	6	0.0	False	0	25	0.0	0	6	0.0
ENSG00000159140	SON	3069.0	MEDIUM	False	0	25	0.0	0	6	0.0	False	0	25	0.0	0	6	0.0	False	0	25	0.0	0	6	0.0
ENSG00000006611	USH1C	3074.0	MEDIUM	False	0	25	0.0	0	6	0.0	False	0	25	0.0	0	6	0.0	False	0	25	0.0	0	6	0.0
ENSG00000197283	SYNGAP1	3085.0	MEDIUM	False	0	25	0.0	0	6	0.0	False	0	25	0.0	0	6	0.0	False	0	25	0.0	0	6	0.0
ENSG00000182040	USH1G	3087.0	MEDIUM	False	0	25	0.0	0	6	0.0	False	0	25	0.0	0	6	0.0	False	0	25	0.0	0	6	0.0
ENSG00000163646	CLRN1	3102.0	MEDIUM	False	0	25	0.0	0	6	0.0	False	0	25	0.0	0	6	0.0	False	0	25	0.0	0	6	0.0
ENSG00000164953	TMEM67	3112.0	MEDIUM	False	0	25	0.0	0	6	0.0	False	0	25	0.0	0	6	0.0	False	0	25	0.0	0	6	0.0
ENSG00000062650	WAPL	3168.0	MEDIUM	False	0	25	0.0	0	6	0.0	False	0	25	0.0	0	6	0.0	False	0	25	0.0	0	6	0.0
ENSG00000160307	S100B	3178.0	MEDIUM	False	0	25	0.0	0	6	0.0	False	0	25	0.0	0	6	0.0	False	0	25	0.0	0	6	0.0
ENSG00000123607	TTC21B	3184.0	MEDIUM	False	0	25	0.0	0	6	0.0	False	0	25	0.0	0	6	0.0	False	0	25	0.0	0	6	0.0
ENSG00000100578	KIAA0586	3210.0	MEDIUM	False	0	25	0.0	0	6	0.0	False	0	25	0.0	0	6	0.0	False	0	25	0.0	0	6	0.0
ENSG00000198910	L1CAM	3216.0	MEDIUM	False	0	25	0.0	0	6	0.0	False	0	25	0.0	0	6	0.0	False	0	25	0.0	0	6	0.0
ENSG00000139970	RTN1	3217.0	MEDIUM	False	0	25	0.0	0	6	0.0	False	0	25	0.0	0	6	0.0	False	0	25	0.0	0	6	0.0
ENSG00000267534	S1PR2	3220.0	MEDIUM	False	0	25	0.0	0	6	0.0	False	0	25	0.0	0	6	0.0	False	0	25	0.0	0	6	0.0
ENSG00000122692	SMU1	3240.0	MEDIUM	False	0	25	0.0	0	6	0.0	False	0	25	0.0	0	6	0.0	False	0	25	0.0	0	6	0.0
ENSG00000116288	PARK7	3241.0	MEDIUM	False	0	25	0.0	0	6	0.0	False	0	25	0.0	0	6	0.0	False	0	25	0.0	0	6	0.0
ENSG00000101367	MAPRE1	3263.0	MEDIUM	False	0	25	0.0	0	6	0.0	False	0	25	0.0	0	6	0.0	False	0	25	0.0	0	6	0.0
ENSG00000179242	CDH4	3285.0	MEDIUM	False	0	25	0.0	0	6	0.0	False	0	25	0.0	0	6	0.0	False	0	25	0.0	0	6	0.0
ENSG00000263020	ENSG00000263020	3310.0	MEDIUM	False	0	25	0.0	1	6	0.16666666666666666	False	0	25	0.0	1	6	0.16666666666666666	False	0	25	0.0	1	6	0.16666666666666666
ENSG00000137275	RIPK1	3322.0	MEDIUM	False	0	25	0.0	0	6	0.0	False	0	25	0.0	0	6	0.0	False	0	25	0.0	0	6	0.0
ENSG00000148143	ZNF462	3363.0	MEDIUM	False	0	25	0.0	0	6	0.0	False	0	25	0.0	0	6	0.0	False	0	25	0.0	0	6	0.0
ENSG00000088986	DYNLL1	3369.0	MEDIUM	False	0	25	0.0	0	6	0.0	False	0	25	0.0	0	6	0.0	False	0	25	0.0	0	6	0.0
ENSG00000158828	PINK1	3412.0	MEDIUM	False	0	25	0.0	0	6	0.0	False	0	25	0.0	0	6	0.0	False	0	25	0.0	0	6	0.0
ENSG00000132466	ANKRD17	3425.0	MEDIUM	False	0	25	0.0	0	6	0.0	False	0	25	0.0	0	6	0.0	False	0	25	0.0	0	6	0.0
ENSG00000177679	SRRM3	3436.0	MEDIUM	False	0	25	0.0	0	6	0.0	False	0	25	0.0	0	6	0.0	False	0	25	0.0	0	6	0.0
ENSG00000187049	TMEM216	3446.0	MEDIUM	False	0	25	0.0	0	6	0.0	False	0	25	0.0	0	6	0.0	False	0	25	0.0	0	6	0.0
ENSG00000152082	MZT2B	3460.0	MEDIUM	False	0	25	0.0	0	6	0.0	False	0	25	0.0	0	6	0.0	False	0	25	0.0	0	6	0.0
ENSG00000152977	ZIC1	3495.0	MEDIUM	False	0	25	0.0	0	6	0.0	False	0	25	0.0	0	6	0.0	False	0	25	0.0	0	6	0.0
ENSG00000053918	KCNQ1	3519.0	MEDIUM	False	0	25	0.0	0	6	0.0	False	0	25	0.0	0	6	0.0	False	0	25	0.0	0	6	0.0
ENSG00000257411	ENSG00000257411	3523.0	MEDIUM	False	0	25	0.0	1	6	0.16666666666666666	False	0	25	0.0	1	6	0.16666666666666666	False	0	25	0.0	1	6	0.16666666666666666
ENSG00000143382	ADAMTSL4	3525.0	MEDIUM	False	0	25	0.0	0	6	0.0	False	0	25	0.0	0	6	0.0	False	0	25	0.0	0	6	0.0
ENSG00000119509	INVS	3579.0	MEDIUM	False	0	25	0.0	0	6	0.0	False	0	25	0.0	0	6	0.0	False	0	25	0.0	0	6	0.0
ENSG00000187535	IFT140	3620.0	MEDIUM	False	0	25	0.0	0	6	0.0	False	0	25	0.0	0	6	0.0	False	0	25	0.0	0	6	0.0
ENSG00000140853	NLRC5	3626.0	MEDIUM	False	0	25	0.0	0	6	0.0	False	0	25	0.0	0	6	0.0	False	0	25	0.0	0	6	0.0
ENSG00000177283	FZD8	3642.0	MEDIUM	False	0	25	0.0	0	6	0.0	False	0	25	0.0	0	6	0.0	False	0	25	0.0	0	6	0.0
ENSG00000122735	DNAI1	3661.0	MEDIUM	False	0	25	0.0	0	6	0.0	False	0	25	0.0	0	6	0.0	False	0	25	0.0	0	6	0.0
ENSG00000149483	TMEM138	3672.0	MEDIUM	False	0	25	0.0	0	6	0.0	False	0	25	0.0	0	6	0.0	False	0	25	0.0	0	6	0.0
ENSG00000114062	UBE3A	3723.0	MEDIUM	False	0	25	0.0	0	6	0.0	False	0	25	0.0	0	6	0.0	False	0	25	0.0	0	6	0.0
ENSG00000204852	TCTN1	3734.0	MEDIUM	False	0	25	0.0	0	6	0.0	False	0	25	0.0	0	6	0.0	False	0	25	0.0	0	6	0.0
ENSG00000130635	COL5A1	3739.0	MEDIUM	False	0	25	0.0	0	6	0.0	False	0	25	0.0	0	6	0.0	False	0	25	0.0	0	6	0.0
ENSG00000166710	B2M	3767.0	MEDIUM	False	0	25	0.0	0	6	0.0	False	0	25	0.0	0	6	0.0	False	0	25	0.0	0	6	0.0
ENSG00000068903	SIRT2	3784.0	MEDIUM	False	0	25	0.0	0	6	0.0	False	0	25	0.0	0	6	0.0	False	0	25	0.0	0	6	0.0
ENSG00000196361	ELAVL3	3807.0	MEDIUM	False	0	25	0.0	0	6	0.0	False	0	25	0.0	0	6	0.0	False	0	25	0.0	0	6	0.0
ENSG00000130164	LDLR	3816.0	MEDIUM	False	0	25	0.0	0	6	0.0	False	0	25	0.0	0	6	0.0	False	0	25	0.0	0	6	0.0
ENSG00000120733	KDM3B	3821.0	MEDIUM	False	0	25	0.0	0	6	0.0	False	0	25	0.0	0	6	0.0	False	0	25	0.0	0	6	0.0
ENSG00000290147	GUCA1ANB-GUCA1A	3846.0	MEDIUM	False	0	25	0.0	1	6	0.16666666666666666	False	0	25	0.0	1	6	0.16666666666666666	False	0	25	0.0	1	6	0.16666666666666666
ENSG00000135338	LCA5	3927.0	MEDIUM	False	0	25	0.0	0	6	0.0	False	0	25	0.0	0	6	0.0	False	0	25	0.0	0	6	0.0
ENSG00000011143	MKS1	3943.0	MEDIUM	False	0	25	0.0	0	6	0.0	False	0	25	0.0	0	6	0.0	False	0	25	0.0	0	6	0.0
ENSG00000168778	TCTN2	3946.0	MEDIUM	False	0	25	0.0	0	6	0.0	False	0	25	0.0	0	6	0.0	False	0	25	0.0	0	6	0.0
ENSG00000139767	SRRM4	3961.0	MEDIUM	False	0	25	0.0	0	6	0.0	False	0	25	0.0	0	6	0.0	False	0	25	0.0	0	6	0.0
ENSG00000137766	UNC13C	3962.0	MEDIUM	False	0	25	0.0	0	6	0.0	False	0	25	0.0	0	6	0.0	False	0	25	0.0	0	6	0.0
ENSG00000132356	PRKAA1	4019.0	MEDIUM	False	0	25	0.0	0	6	0.0	False	0	25	0.0	0	6	0.0	False	0	25	0.0	0	6	0.0
ENSG00000171246	NPTX1	4023.0	MEDIUM	False	0	25	0.0	0	6	0.0	False	0	25	0.0	0	6	0.0	False	0	25	0.0	0	6	0.0
ENSG00000156313	RPGR	4037.0	MEDIUM	False	0	25	0.0	0	6	0.0	False	0	25	0.0	0	6	0.0	False	0	25	0.0	0	6	0.0
ENSG00000163032	VSNL1	4135.0	MEDIUM	False	0	25	0.0	0	6	0.0	False	0	25	0.0	0	6	0.0	False	0	25	0.0	0	6	0.0
ENSG00000162702	ZNF281	4199.0	MEDIUM	False	0	25	0.0	0	6	0.0	False	0	25	0.0	0	6	0.0	False	0	25	0.0	0	6	0.0
ENSG00000185664	PMEL	4209.0	MEDIUM	False	0	25	0.0	0	6	0.0	False	0	25	0.0	0	6	0.0	False	0	25	0.0	0	6	0.0
ENSG00000073578	SDHA	4222.0	MEDIUM	False	0	25	0.0	0	6	0.0	False	0	25	0.0	0	6	0.0	False	0	25	0.0	0	6	0.0
ENSG00000283321	ENSG00000283321	4288.0	MEDIUM	False	0	25	0.0	0	6	0.0	False	0	25	0.0	0	6	0.0	False	0	25	0.0	1	6	0.16666666666666666
ENSG00000136869	TLR4	4323.0	MEDIUM	False	0	25	0.0	0	6	0.0	False	0	25	0.0	0	6	0.0	False	0	25	0.0	0	6	0.0
ENSG00000011083	SLC6A7	4335.0	MEDIUM	False	0	25	0.0	0	6	0.0	False	0	25	0.0	0	6	0.0	False	0	25	0.0	0	6	0.0
ENSG00000171532	NEUROD2	4351.0	MEDIUM	False	0	25	0.0	0	6	0.0	False	0	25	0.0	0	6	0.0	False	0	25	0.0	0	6	0.0
ENSG00000160602	NEK8	4498.0	MEDIUM	False	0	25	0.0	0	6	0.0	False	0	25	0.0	0	6	0.0	False	0	25	0.0	0	6	0.0
ENSG00000185615	PDIA2	4502.0	MEDIUM	False	0	25	0.0	0	6	0.0	False	0	25	0.0	0	6	0.0	False	0	25	0.0	0	6	0.0
ENSG00000102924	CBLN1	4528.0	MEDIUM	False	0	25	0.0	0	6	0.0	False	0	25	0.0	0	6	0.0	False	0	25	0.0	0	6	0.0
ENSG00000184058	TBX1	4704.0	MEDIUM	False	0	25	0.0	0	6	0.0	False	0	25	0.0	0	6	0.0	False	0	25	0.0	0	6	0.0
ENSG00000259207	ITGB3	4756.0	MEDIUM	False	0	25	0.0	0	6	0.0	False	0	25	0.0	0	6	0.0	False	0	25	0.0	0	6	0.0
ENSG00000095303	PTGS1	4763.0	MEDIUM	False	0	25	0.0	0	6	0.0	False	0	25	0.0	0	6	0.0	False	0	25	0.0	0	6	0.0
ENSG00000136280	CCM2	4828.0	MEDIUM	False	0	25	0.0	0	6	0.0	False	0	25	0.0	0	6	0.0	False	0	25	0.0	0	6	0.0
ENSG00000138795	LEF1	4852.0	MEDIUM	False	0	25	0.0	0	6	0.0	False	0	25	0.0	0	6	0.0	False	0	25	0.0	0	6	0.0
ENSG00000171130	ATP6V0E2	4859.0	MEDIUM	False	0	25	0.0	0	6	0.0	False	0	25	0.0	0	6	0.0	False	0	25	0.0	0	6	0.0
ENSG00000117000	RLF	4890.0	MEDIUM	False	0	25	0.0	0	6	0.0	False	0	25	0.0	0	6	0.0	False	0	25	0.0	0	6	0.0
ENSG00000063015	SEZ6	4941.0	MEDIUM	False	0	25	0.0	0	6	0.0	False	0	25	0.0	0	6	0.0	False	0	25	0.0	0	6	0.0
ENSG00000174697	LEP	4944.0	MEDIUM	False	0	25	0.0	0	6	0.0	False	0	25	0.0	0	6	0.0	False	0	25	0.0	0	6	0.0
ENSG00000105877	DNAH11	4966.0	MEDIUM	False	0	25	0.0	0	6	0.0	False	0	25	0.0	0	6	0.0	False	0	25	0.0	0	6	0.0
ENSG00000101680	LAMA1	5026.0	MEDIUM	False	0	25	0.0	0	6	0.0	False	0	25	0.0	0	6	0.0	False	0	25	0.0	0	6	0.0
ENSG00000184515	BEX5	5046.0	MEDIUM	False	0	25	0.0	0	6	0.0	False	0	25	0.0	0	6	0.0	False	0	25	0.0	1	6	0.16666666666666666
ENSG00000119042	SATB2	5066.0	MEDIUM	False	0	25	0.0	0	6	0.0	False	0	25	0.0	0	6	0.0	False	0	25	0.0	0	6	0.0
ENSG00000077463	SIRT6	5075.0	MEDIUM	False	0	25	0.0	0	6	0.0	False	0	25	0.0	0	6	0.0	False	0	25	0.0	0	6	0.0
ENSG00000089486	CDIP1	5166.0	MEDIUM	False	0	25	0.0	0	6	0.0	False	0	25	0.0	0	6	0.0	False	0	25	0.0	0	6	0.0
ENSG00000039139	DNAH5	5170.0	MEDIUM	False	0	25	0.0	0	6	0.0	False	0	25	0.0	0	6	0.0	False	0	25	0.0	0	6	0.0
ENSG00000163513	TGFBR2	5174.0	MEDIUM	False	0	25	0.0	0	6	0.0	False	0	25	0.0	0	6	0.0	False	0	25	0.0	0	6	0.0
ENSG00000008323	PLEKHG6	5177.0	MEDIUM	False	0	25	0.0	0	6	0.0	False	0	25	0.0	0	6	0.0	False	0	25	0.0	0	6	0.0
ENSG00000106799	TGFBR1	5246.0	MEDIUM	False	0	25	0.0	0	6	0.0	False	0	25	0.0	0	6	0.0	False	0	25	0.0	0	6	0.0
ENSG00000145863	GABRA6	5374.0	MEDIUM	False	0	25	0.0	0	6	0.0	False	0	25	0.0	0	6	0.0	False	0	25	0.0	0	6	0.0
ENSG00000114315	HES1	5383.0	MEDIUM	False	0	25	0.0	0	6	0.0	False	0	25	0.0	0	6	0.0	False	0	25	0.0	0	6	0.0
ENSG00000100413	POLR3H	5434.0	MEDIUM	False	0	25	0.0	0	6	0.0	False	0	25	0.0	0	6	0.0	False	0	25	0.0	0	6	0.0
ENSG00000136244	IL6	5477.0	MEDIUM	False	0	25	0.0	0	6	0.0	False	0	25	0.0	0	6	0.0	False	0	25	0.0	0	6	0.0
ENSG00000087250	MT3	5482.0	MEDIUM	False	0	25	0.0	0	6	0.0	False	0	25	0.0	0	6	0.0	False	0	25	0.0	0	6	0.0
ENSG00000242689	CNTF	5514.0	MEDIUM	False	0	25	0.0	0	6	0.0	False	0	25	0.0	0	6	0.0	False	0	25	0.0	0	6	0.0
ENSG00000110756	HPS5	5535.0	MEDIUM	False	0	25	0.0	0	6	0.0	False	0	25	0.0	0	6	0.0	False	0	25	0.0	0	6	0.0
ENSG00000089091	DZANK1	5568.0	MEDIUM	False	0	25	0.0	0	6	0.0	False	0	25	0.0	0	6	0.0	False	0	25	0.0	0	6	0.0
ENSG00000054598	FOXC1	5587.0	MEDIUM	False	0	25	0.0	0	6	0.0	False	0	25	0.0	0	6	0.0	False	0	25	0.0	0	6	0.0
ENSG00000100387	RBX1	5612.0	MEDIUM	False	0	25	0.0	0	6	0.0	False	0	25	0.0	0	6	0.0	False	0	25	0.0	0	6	0.0
ENSG00000112592	TBP	5665.0	MEDIUM	False	0	25	0.0	0	6	0.0	False	0	25	0.0	0	6	0.0	False	0	25	0.0	0	6	0.0
ENSG00000179456	ZBTB18	5735.0	MEDIUM	False	0	25	0.0	0	6	0.0	False	0	25	0.0	0	6	0.0	False	0	25	0.0	0	6	0.0
ENSG00000162728	KCNJ9	5740.0	MEDIUM	False	0	25	0.0	0	6	0.0	False	0	25	0.0	0	6	0.0	False	0	25	0.0	0	6	0.0
ENSG00000145920	CPLX2	5889.0	MEDIUM	False	0	25	0.0	0	6	0.0	False	0	25	0.0	0	6	0.0	False	0	25	0.0	0	6	0.0
ENSG00000279170	TSTD3	5931.0	MEDIUM	False	0	25	0.0	1	6	0.16666666666666666	False	0	25	0.0	1	6	0.16666666666666666	False	0	25	0.0	1	6	0.16666666666666666
ENSG00000181754	AMIGO1	5965.0	MEDIUM	False	0	25	0.0	0	6	0.0	False	0	25	0.0	0	6	0.0	False	0	25	0.0	0	6	0.0
ENSG00000138336	TET1	6001.0	MEDIUM	False	0	25	0.0	0	6	0.0	False	0	25	0.0	0	6	0.0	False	0	25	0.0	0	6	0.0
ENSG00000132872	SYT4	6074.0	MEDIUM	False	0	25	0.0	0	6	0.0	False	0	25	0.0	0	6	0.0	False	0	25	0.0	0	6	0.0
ENSG00000281406	BLACAT1	6121.0	MEDIUM	False	0	25	0.0	1	6	0.16666666666666666	False	0	25	0.0	1	6	0.16666666666666666	False	0	25	0.0	1	6	0.16666666666666666
ENSG00000204389	HSPA1A	6152.0	MEDIUM	False	0	25	0.0	0	6	0.0	False	0	25	0.0	0	6	0.0	False	0	25	0.0	0	6	0.0
ENSG00000170370	EMX2	6244.0	MEDIUM	False	0	25	0.0	0	6	0.0	False	0	25	0.0	0	6	0.0	False	0	25	0.0	0	6	0.0
ENSG00000186487	MYT1L	6335.0	MEDIUM	False	0	25	0.0	0	6	0.0	False	0	25	0.0	0	6	0.0	False	0	25	0.0	0	6	0.0
ENSG00000156269	NAA11	6350.0	MEDIUM	False	0	25	0.0	0	6	0.0	False	0	25	0.0	0	6	0.0	False	0	25	0.0	0	6	0.0
ENSG00000167964	RAB26	6379.0	MEDIUM	False	0	25	0.0	0	6	0.0	False	0	25	0.0	0	6	0.0	False	0	25	0.0	0	6	0.0
ENSG00000117154	IGSF21	6423.0	MEDIUM	False	0	25	0.0	0	6	0.0	False	0	25	0.0	0	6	0.0	False	0	25	0.0	0	6	0.0
ENSG00000179941	BBS10	6501.0	MEDIUM	False	0	25	0.0	0	6	0.0	False	0	25	0.0	0	6	0.0	False	0	25	0.0	0	6	0.0
ENSG00000165704	HPRT1	6530.0	MEDIUM	False	0	25	0.0	0	6	0.0	False	0	25	0.0	0	6	0.0	False	0	25	0.0	0	6	0.0
ENSG00000168843	FSTL5	6667.0	MEDIUM	False	0	25	0.0	0	6	0.0	False	0	25	0.0	0	6	0.0	False	0	25	0.0	0	6	0.0
ENSG00000170540	ARL6IP1	6777.0	MEDIUM	False	0	25	0.0	0	6	0.0	False	0	25	0.0	0	6	0.0	False	0	25	0.0	0	6	0.0
ENSG00000178233	TMEM151B	6815.0	MEDIUM	False	0	25	0.0	0	6	0.0	False	0	25	0.0	0	6	0.0	False	0	25	0.0	0	6	0.0
ENSG00000077498	TYR	6834.0	MEDIUM	False	0	25	0.0	0	6	0.0	False	0	25	0.0	0	6	0.0	False	0	25	0.0	0	6	0.0
ENSG00000128791	TWSG1	7017.0	MEDIUM	False	0	25	0.0	0	6	0.0	False	0	25	0.0	0	6	0.0	False	0	25	0.0	0	6	0.0
ENSG00000083168	KAT6A	7023.0	MEDIUM	False	0	25	0.0	0	6	0.0	False	0	25	0.0	0	6	0.0	False	0	25	0.0	0	6	0.0
ENSG00000187730	GABRD	7126.0	MEDIUM	False	0	25	0.0	0	6	0.0	False	0	25	0.0	0	6	0.0	False	0	25	0.0	0	6	0.0
ENSG00000129535	NRL	7128.0	MEDIUM	False	0	25	0.0	0	6	0.0	False	0	25	0.0	0	6	0.0	False	0	25	0.0	0	6	0.0
ENSG00000106689	LHX2	7141.0	MEDIUM	False	0	25	0.0	0	6	0.0	False	0	25	0.0	0	6	0.0	False	0	25	0.0	0	6	0.0
ENSG00000054356	PTPRN	7233.0	MEDIUM	False	0	25	0.0	0	6	0.0	False	0	25	0.0	0	6	0.0	False	0	25	0.0	0	6	0.0
ENSG00000185345	PRKN	7319.0	MEDIUM	False	0	25	0.0	0	6	0.0	False	0	25	0.0	0	6	0.0	False	0	25	0.0	0	6	0.0
ENSG00000164434	FABP7	7321.0	MEDIUM	False	0	25	0.0	0	6	0.0	False	0	25	0.0	0	6	0.0	False	0	25	0.0	0	6	0.0
ENSG00000100362	PVALB	7416.0	MEDIUM	False	0	25	0.0	0	6	0.0	False	0	25	0.0	0	6	0.0	False	0	25	0.0	0	6	0.0
ENSG00000205084	TMEM231	7424.0	MEDIUM	False	0	25	0.0	0	6	0.0	False	0	25	0.0	0	6	0.0	False	0	25	0.0	0	6	0.0
ENSG00000112139	MDGA1	7516.0	MEDIUM	False	0	25	0.0	0	6	0.0	False	0	25	0.0	0	6	0.0	False	0	25	0.0	0	6	0.0
ENSG00000163207	IVL	7541.0	MEDIUM	False	0	25	0.0	0	6	0.0	False	0	25	0.0	0	6	0.0	False	0	25	0.0	0	6	0.0
ENSG00000130449	ZSWIM6	7603.0	MEDIUM	False	0	25	0.0	0	6	0.0	False	0	25	0.0	0	6	0.0	False	0	25	0.0	0	6	0.0
ENSG00000289282	ENSG00000289282	7642.0	MEDIUM	False	0	25	0.0	1	6	0.16666666666666666	False	0	25	0.0	1	6	0.16666666666666666	False	0	25	0.0	1	6	0.16666666666666666
ENSG00000163874	ZC3H12A	7678.0	MEDIUM	False	0	25	0.0	0	6	0.0	False	0	25	0.0	0	6	0.0	False	0	25	0.0	0	6	0.0
ENSG00000124143	ARHGAP40	7751.0	MEDIUM	False	0	25	0.0	0	6	0.0	False	0	25	0.0	0	6	0.0	False	0	25	0.0	0	6	0.0
ENSG00000146425	DYNLT1	7770.0	MEDIUM	False	0	25	0.0	0	6	0.0	False	0	25	0.0	0	6	0.0	False	0	25	0.0	0	6	0.0
ENSG00000175197	DDIT3	7782.0	MEDIUM	False	0	25	0.0	0	6	0.0	False	0	25	0.0	0	6	0.0	False	0	25	0.0	0	6	0.0
ENSG00000114021	NIT2	7822.0	MEDIUM	False	0	25	0.0	0	6	0.0	False	0	25	0.0	0	6	0.0	False	0	25	0.0	0	6	0.0
ENSG00000164532	TBX20	7865.0	MEDIUM	False	0	25	0.0	0	6	0.0	False	0	25	0.0	0	6	0.0	False	0	25	0.0	0	6	0.0
ENSG00000095970	TREM2	8064.0	MEDIUM	False	0	25	0.0	0	6	0.0	False	0	25	0.0	0	6	0.0	False	0	25	0.0	0	6	0.0
ENSG00000184524	CEND1	8223.0	MEDIUM	False	0	25	0.0	0	6	0.0	False	0	25	0.0	0	6	0.0	False	0	25	0.0	0	6	0.0
ENSG00000152154	TMEM178A	8405.0	MEDIUM	False	0	25	0.0	0	6	0.0	False	0	25	0.0	0	6	0.0	False	0	25	0.0	0	6	0.0
ENSG00000101197	BIRC7	8474.0	MEDIUM	False	0	25	0.0	0	6	0.0	False	0	25	0.0	0	6	0.0	False	0	25	0.0	0	6	0.0
ENSG00000159409	CELF3	8512.0	MEDIUM	False	0	25	0.0	0	6	0.0	False	0	25	0.0	0	6	0.0	False	0	25	0.0	0	6	0.0
ENSG00000189143	CLDN4	8515.0	MEDIUM	False	0	25	0.0	0	6	0.0	False	0	25	0.0	0	6	0.0	False	0	25	0.0	0	6	0.0
ENSG00000260836	ENSG00000260836	8828.0	MEDIUM	False	0	25	0.0	0	6	0.0	False	0	25	0.0	0	6	0.0	False	0	25	0.0	0	6	0.0
ENSG00000103490	PYCARD	9057.0	MEDIUM	False	0	25	0.0	0	6	0.0	False	0	25	0.0	0	6	0.0	False	0	25	0.0	0	6	0.0
ENSG00000085831	TTC39A	9394.0	MEDIUM	False	0	25	0.0	0	6	0.0	False	0	25	0.0	0	6	0.0	False	0	25	0.0	0	6	0.0
ENSG00000105696	TMEM59L	9586.0	MEDIUM	False	0	25	0.0	0	6	0.0	False	0	25	0.0	0	6	0.0	False	0	25	0.0	0	6	0.0
ENSG00000156384	SFR1	9624.0	MEDIUM	False	0	25	0.0	0	6	0.0	False	0	25	0.0	0	6	0.0	False	0	25	0.0	0	6	0.0
ENSG00000154727	GABPA	9877.0	LOW	False	0	25	0.0	0	6	0.0	False	0	25	0.0	0	6	0.0	False	0	25	0.0	0	6	0.0
ENSG00000127588	GNG13	9886.0	LOW	False	0	25	0.0	0	6	0.0	False	0	25	0.0	0	6	0.0	False	0	25	0.0	0	6	0.0
ENSG00000127423	AUNIP	10076.0	LOW	False	0	25	0.0	0	6	0.0	False	0	25	0.0	0	6	0.0	False	0	25	0.0	0	6	0.0
ENSG00000109118	PHF12	10180.0	LOW	False	0	25	0.0	0	6	0.0	False	0	25	0.0	0	6	0.0	False	0	25	0.0	0	6	0.0
ENSG00000285404	ENSG00000285404	10241.0	LOW	False	0	25	0.0	1	6	0.16666666666666666	False	0	25	0.0	1	6	0.16666666666666666	False	0	25	0.0	1	6	0.16666666666666666
ENSG00000181027	FKRP	10307.0	LOW	False	0	25	0.0	0	6	0.0	False	0	25	0.0	0	6	0.0	False	0	25	0.0	0	6	0.0
ENSG00000075035	WSCD2	10365.0	LOW	False	0	25	0.0	0	6	0.0	False	0	25	0.0	0	6	0.0	False	0	25	0.0	0	6	0.0
ENSG00000174963	ZIC4	10400.0	LOW	False	0	25	0.0	0	6	0.0	False	0	25	0.0	0	6	0.0	False	0	25	0.0	0	6	0.0
ENSG00000242173	ARHGDIG	10463.0	LOW	False	0	25	0.0	0	6	0.0	False	0	25	0.0	0	6	0.0	False	0	25	0.0	0	6	0.0
ENSG00000154309	DISP1	10728.0	LOW	False	0	25	0.0	0	6	0.0	False	0	25	0.0	0	6	0.0	False	0	25	0.0	0	6	0.0
ENSG00000288841	ENSG00000288841	10739.0	LOW	False	0	25	0.0	0	6	0.0	False	0	25	0.0	1	6	0.16666666666666666	False	0	25	0.0	1	6	0.16666666666666666
ENSG00000181541	MAB21L2	10781.0	LOW	False	0	25	0.0	0	6	0.0	False	0	25	0.0	0	6	0.0	False	0	25	0.0	0	6	0.0
ENSG00000285253	ENSG00000285253	10821.0	LOW	False	0	25	0.0	0	6	0.0	False	0	25	0.0	1	6	0.16666666666666666	False	0	25	0.0	1	6	0.16666666666666666
ENSG00000165474	GJB2	10825.0	LOW	False	0	25	0.0	0	6	0.0	False	0	25	0.0	0	6	0.0	False	0	25	0.0	0	6	0.0
ENSG00000164850	GPER1	10853.0	LOW	False	0	25	0.0	0	6	0.0	False	0	25	0.0	0	6	0.0	False	0	25	0.0	0	6	0.0
ENSG00000111783	RFX4	10912.0	LOW	False	0	25	0.0	0	6	0.0	False	0	25	0.0	0	6	0.0	False	0	25	0.0	0	6	0.0
ENSG00000167619	TMEM145	11086.0	LOW	False	0	25	0.0	0	6	0.0	False	0	25	0.0	0	6	0.0	False	0	25	0.0	0	6	0.0
ENSG00000129910	CDH15	11090.0	LOW	False	0	25	0.0	0	6	0.0	False	0	25	0.0	0	6	0.0	False	0	25	0.0	0	6	0.0
ENSG00000287856	ENSG00000287856	11092.0	LOW	False	0	25	0.0	0	6	0.0	False	0	25	0.0	1	6	0.16666666666666666	False	0	25	0.0	1	6	0.16666666666666666
ENSG00000288635	ENSG00000288635	12012.0	LOW	False	0	25	0.0	0	6	0.0	False	0	25	0.0	0	6	0.0	False	0	25	0.0	1	6	0.16666666666666666
ENSG00000285827	ENSG00000285827	12116.0	LOW	False	0	25	0.0	0	6	0.0	False	0	25	0.0	0	6	0.0	False	0	25	0.0	0	6	0.0
ENSG00000285218	ENSG00000285218	12232.0	LOW	False	0	25	0.0	0	6	0.0	False	0	25	0.0	0	6	0.0	False	0	25	0.0	1	6	0.16666666666666666
ENSG00000273748	ENSG00000273748	12331.0	LOW	False	0	25	0.0	0	6	0.0	False	0	25	0.0	0	6	0.0	False	0	25	0.0	0	6	0.0
ENSG00000139899	CBLN3	12665.0	LOW	False	0	25	0.0	0	6	0.0	False	0	25	0.0	0	6	0.0	False	0	25	0.0	0	6	0.0
ENSG00000135218	CD36	13359.0	LOW	False	0	25	0.0	0	6	0.0	False	0	25	0.0	0	6	0.0	False	0	25	0.0	0	6	0.0
ENSG00000174521	TTC9B	13387.0	LOW	False	0	25	0.0	0	6	0.0	False	0	25	0.0	0	6	0.0	False	0	25	0.0	0	6	0.0
ENSG00000259803	SLC22A31	14288.0	LOW	False	0	25	0.0	0	6	0.0	False	0	25	0.0	0	6	0.0	False	0	25	0.0	0	6	0.0
ENSG00000234965	SHISA8	14406.0	LOW	False	0	25	0.0	0	6	0.0	False	0	25	0.0	0	6	0.0	False	0	25	0.0	0	6	0.0
ENSG00000161992	PRR35	14723.0	LOW	False	0	25	0.0	0	6	0.0	False	0	25	0.0	0	6	0.0	False	0	25	0.0	0	6	0.0
