control_group	gene_id	gene_symbol	composite_score	rank	percentile	observed_layers	score_pass	evidence_count_pass	gate_pass	direct_localization_route	animal_model_score	animal_q75_route	animal_q75_threshold	priority_tier	failed_conditions
usher	ENSG00000006611	USH1C	0.5276410911413614	3074.0	0.8467484540195491	6	False	True	True	False	0.3864184805595095	True	0.12765713253595054	MEDIUM	score_pass
usher	ENSG00000042781	USH2A	0.688830978026323	143.0	0.992918412128466	5	False	True	True	False	0.6169818206080413	True	0.12765713253595054	MEDIUM	score_pass
usher	ENSG00000095397	WHRN	0.6371454980970291	448.0	0.9777079593058049	5	False	True	False	False	0.10116588400953613	False	0.12765713253595054	MEDIUM	score_pass;gate_pass
usher	ENSG00000107736	CDH23	0.712616911391397	74.0	0.996359465389986	5	True	True	True	False	0.4467999638758269	True	0.12765713253595054	HIGH	none
usher	ENSG00000137474	MYO7A	0.6716759690871313	213.0	0.9894274885298224	5	False	True	True	False	0.4981184715284661	True	0.12765713253595054	MEDIUM	score_pass
usher	ENSG00000150275	PCDH15	0.7179602769063059	57.0	0.9972072611210852	5	True	True	True	False	0.4467999638758269	True	0.12765713253595054	HIGH	none
usher	ENSG00000163646	CLRN1	0.5268855536445349	3102.0	0.8453520845800918	5	False	True	True	False	0.4004402789546017	True	0.12765713253595054	MEDIUM	score_pass
usher	ENSG00000164199	ADGRV1	0.6345637691068975	468.0	0.9767105525633353	6	False	True	True	False	0.2732638955124275	True	0.12765713253595054	MEDIUM	score_pass
usher	ENSG00000182040	USH1G	0.5271746179869147	3087.0	0.846100139636944	5	False	True	False	False	0.06382856626797527	False	0.12765713253595054	MEDIUM	score_pass;gate_pass
syscilia	ENSG00000011143	MKS1	0.5089138006684362	3943.0	0.803411131059246	6	False	True	True	True	0.2593593472294852	True	0.12765713253595054	MEDIUM	score_pass
syscilia	ENSG00000032742	IFT88	0.6427211970350389	403.0	0.9799521244763615	6	False	True	True	True	0.6624633070450289	True	0.12765713253595054	MEDIUM	score_pass
syscilia	ENSG00000046651	OFD1	0.5941299849414459	1003.0	0.9500299222022741	5	False	True	True	True	0.13439207976021025	True	0.12765713253595054	MEDIUM	score_pass
syscilia	ENSG00000048342	CC2D2A	0.5982507325803471	911.0	0.9546179932176342	6	False	True	True	True	0.5187186944589705	True	0.12765713253595054	MEDIUM	score_pass
syscilia	ENSG00000103494	RPGRIP1L	0.562316626383303	1767.0	0.9119289846399362	6	False	True	True	True	0.31358151944049056	True	0.12765713253595054	MEDIUM	score_pass
syscilia	ENSG00000110274	CEP164	0.6492953870884632	353.0	0.9824456413325354	6	False	True	True	True	0.030349765202860837	False	0.12765713253595054	MEDIUM	score_pass
syscilia	ENSG00000113971	NPHP3	0.5466539686646859	2269.0	0.8868940754039497	6	False	True	True	True	0.13439207976021025	True	0.12765713253595054	MEDIUM	score_pass
syscilia	ENSG00000122507	BBS9	0.5494444253133729	2170.0	0.8918312387791741	6	False	True	True	True	0.15902543065647515	True	0.12765713253595054	MEDIUM	score_pass
syscilia	ENSG00000125124	BBS2	0.574030315130372	1453.0	0.9275882704967086	6	False	True	True	True	0.4657805850023331	True	0.12765713253595054	MEDIUM	score_pass
syscilia	ENSG00000131697	NPHP4	0.5731132619754175	1471.0	0.9266906044284859	6	False	True	True	True	0.5052818296390845	True	0.12765713253595054	MEDIUM	score_pass
syscilia	ENSG00000138002	IFT172	0.6336563475187096	474.0	0.9764113305405945	6	False	True	True	True	0.5369815013784041	True	0.12765713253595054	MEDIUM	score_pass
syscilia	ENSG00000138686	BBS7	0.5839019615612034	1209.0	0.9397566327548375	6	False	True	True	True	0.2593593472294852	True	0.12765713253595054	MEDIUM	score_pass
syscilia	ENSG00000140463	BBS4	0.580939011372827	1285.0	0.935966487133453	6	False	True	True	True	0.371059338198442	True	0.12765713253595054	MEDIUM	score_pass
syscilia	ENSG00000144061	NPHP1	0.5516442231736451	2119.0	0.8943746259724715	6	False	True	True	True	0.22339998193791344	True	0.12765713253595054	MEDIUM	score_pass
syscilia	ENSG00000148384	INPP5E	0.5964431981399154	948.0	0.9527727907440654	6	False	True	True	True	0.47449346488843125	True	0.12765713253595054	MEDIUM	score_pass
syscilia	ENSG00000149483	TMEM138	0.5147298876765563	3672.0	0.8169259924197088	6	False	True	True	False	0.1770402970166882	True	0.12765713253595054	MEDIUM	score_pass
syscilia	ENSG00000156313	RPGR	0.5068266169432702	4037.0	0.7987233193696389	5	False	True	True	False	0.3367361044875726	True	0.12765713253595054	MEDIUM	score_pass
syscilia	ENSG00000163093	BBS5	0.5935941010580288	1016.0	0.9493816078196688	6	False	True	True	True	0.45656956245360913	True	0.12765713253595054	MEDIUM	score_pass
syscilia	ENSG00000164953	TMEM67	0.526538213916958	3112.0	0.844853381208857	6	False	True	True	True	0.1822635044611917	True	0.12765713253595054	MEDIUM	score_pass
syscilia	ENSG00000168778	TCTN2	0.5088576343890331	3946.0	0.8032615200478755	6	False	True	True	True	0.2593593472294852	True	0.12765713253595054	MEDIUM	score_pass
syscilia	ENSG00000169379	ARL13B	0.6234446018664292	572.0	0.9715240375024935	6	False	True	True	True	0.45656956245360913	True	0.12765713253595054	MEDIUM	score_pass
syscilia	ENSG00000174483	BBS1	0.6198300373783326	614.0	0.9694294833433074	6	False	True	True	True	0.5480996352151303	True	0.12765713253595054	MEDIUM	score_pass
syscilia	ENSG00000179941	BBS10	0.46025214973833545	6501.0	0.6758428086973868	6	False	True	True	True	0.19467712711732457	True	0.12765713253595054	MEDIUM	score_pass
syscilia	ENSG00000187049	TMEM216	0.5191469862524413	3446.0	0.828196688609615	6	False	True	True	True	0.4827593291673987	True	0.12765713253595054	MEDIUM	score_pass
syscilia	ENSG00000187535	IFT140	0.5156331199211486	3620.0	0.8195192499501297	6	False	True	True	True	0.10116588400953613	False	0.12765713253595054	MEDIUM	score_pass
syscilia	ENSG00000198707	CEP290	0.7084666801225709	80.0	0.9960602433672452	6	True	True	True	True	0.6367390650354422	True	0.12765713253595054	HIGH	none
syscilia	ENSG00000204852	TCTN1	0.5134536104610951	3734.0	0.8138340315180531	6	False	True	True	True	0.1770402970166882	True	0.12765713253595054	MEDIUM	score_pass
syscilia	ENSG00000205084	TMEM231	0.4429839700860906	7424.0	0.6298124875324157	6	False	True	True	True	0.06382856626797527	False	0.12765713253595054	MEDIUM	score_pass
