left_layer	right_layer	spearman_observed	pairwise_observed_n	universe_n	left_observed_n	right_observed_n	observation_indicator_pearson
gnomad	gnomad	1.0	18127	20081	18127	18127	1.0
gnomad	expression	0.3416788251867008	18127	20081	18127	20048	0.12357258473595856
gnomad	annotation	0.30438173696186804	17833	20081	18127	19302	0.3560610308960466
gnomad	localization	-0.009159853911221514	12373	20081	18127	13089	0.19667890509556077
gnomad	animal_model	0.2047306710047917	17755	20081	18127	19125	0.38742735845804077
gnomad	literature	0.33406796990533966	17765	20081	18127	19187	0.362540152802217
expression	gnomad	0.3416788251867008	18127	20081	20048	18127	0.12357258473595857
expression	expression	1.0	20048	20081	20048	20048	1.0
expression	annotation	0.16509199149012546	19299	20081	20048	19302	0.18285417905024723
expression	localization	-0.0020004737503707478	13087	20081	20048	13089	0.05034893386737167
expression	animal_model	0.10492603108558941	19125	20081	20048	19125	0.18146514450523074
expression	literature	0.224698791135345	19184	20081	20048	19187	0.17007295342083464
annotation	gnomad	0.30438173696186804	17833	20081	19302	18127	0.3560610308960466
annotation	expression	0.16509199149012546	19299	20081	19302	20048	0.18285417905024723
annotation	annotation	1.0	19302	20081	19302	19302	1.0
annotation	localization	0.006677656029939721	12960	20081	19302	13089	0.20503393899974667
annotation	animal_model	0.22814288380929326	19061	20081	19302	19125	0.8210325693792688
annotation	literature	0.3703531889239887	19114	20081	19302	19187	0.839406243756614
localization	gnomad	-0.009159853911221512	12373	20081	13089	18127	0.19667890509556077
localization	expression	-0.0020004737503707478	13087	20081	13089	20048	0.05034893386737167
localization	annotation	0.006677656029939722	12960	20081	13089	19302	0.20503393899974665
localization	localization	0.9999999999999999	13089	20081	13089	13089	1.0
localization	animal_model	0.0525895443643304	12865	20081	13089	19125	0.19593709455718564
localization	literature	0.1136005692648624	12904	20081	13089	19187	0.20157406768900346
animal_model	gnomad	0.20473067100479173	17755	20081	19125	18127	0.38742735845804077
animal_model	expression	0.1049260310855894	19125	20081	19125	20048	0.18146514450523074
animal_model	annotation	0.22814288380929323	19061	20081	19125	19302	0.8210325693792687
animal_model	localization	0.0525895443643304	12865	20081	19125	13089	0.19593709455718564
animal_model	animal_model	1.0	19125	20081	19125	19125	1.0
animal_model	literature	0.23558982519028598	18936	20081	19125	19187	0.7511546778170579
literature	gnomad	0.33406796990533966	17765	20081	19187	18127	0.362540152802217
literature	expression	0.224698791135345	19184	20081	19187	20048	0.17007295342083467
literature	annotation	0.3703531889239887	19114	20081	19187	19302	0.839406243756614
literature	localization	0.1136005692648624	12904	20081	19187	13089	0.20157406768900346
literature	animal_model	0.235589825190286	18936	20081	19187	19125	0.7511546778170579
literature	literature	1.0	19187	20081	19187	19187	1.0
