score_threshold	minimum_layers	gate	animal_q75_threshold	shortlist_size	usher_retained	syscilia_retained	housekeeping_retained
0.6	3	production_or	0.12765713253595054	366	5	6	0
0.6	3	direct_only	0.12765713253595054	126	0	6	0
0.6	3	animal_q75_only	0.12765713253595054	282	5	5	0
0.6	3	none	0.12765713253595054	868	6	6	6
0.6	4	production_or	0.12765713253595054	365	5	6	0
0.6	4	direct_only	0.12765713253595054	125	0	6	0
0.6	4	animal_q75_only	0.12765713253595054	282	5	5	0
0.6	4	none	0.12765713253595054	867	6	6	6
0.6	5	production_or	0.12765713253595054	360	5	6	0
0.6	5	direct_only	0.12765713253595054	125	0	6	0
0.6	5	animal_q75_only	0.12765713253595054	277	5	5	0
0.6	5	none	0.12765713253595054	850	6	6	5
0.6	6	production_or	0.12765713253595054	237	1	6	0
0.6	6	direct_only	0.12765713253595054	123	0	6	0
0.6	6	animal_q75_only	0.12765713253595054	155	1	5	0
0.6	6	none	0.12765713253595054	398	1	6	1
0.65	3	production_or	0.12765713253595054	170	4	1	0
0.65	3	direct_only	0.12765713253595054	65	0	1	0
0.65	3	animal_q75_only	0.12765713253595054	126	4	1	0
0.65	3	none	0.12765713253595054	331	4	1	3
0.65	4	production_or	0.12765713253595054	170	4	1	0
0.65	4	direct_only	0.12765713253595054	65	0	1	0
0.65	4	animal_q75_only	0.12765713253595054	126	4	1	0
0.65	4	none	0.12765713253595054	331	4	1	3
0.65	5	production_or	0.12765713253595054	168	4	1	0
0.65	5	direct_only	0.12765713253595054	65	0	1	0
0.65	5	animal_q75_only	0.12765713253595054	124	4	1	0
0.65	5	none	0.12765713253595054	325	4	1	3
0.65	6	production_or	0.12765713253595054	96	0	1	0
0.65	6	direct_only	0.12765713253595054	63	0	1	0
0.65	6	animal_q75_only	0.12765713253595054	53	0	1	0
0.65	6	none	0.12765713253595054	124	0	1	0
0.7	3	production_or	0.12765713253595054	62	2	1	0
0.7	3	direct_only	0.12765713253595054	23	0	1	0
0.7	3	animal_q75_only	0.12765713253595054	48	2	1	0
0.7	3	none	0.12765713253595054	94	2	1	2
0.7	4	production_or	0.12765713253595054	62	2	1	0
0.7	4	direct_only	0.12765713253595054	23	0	1	0
0.7	4	animal_q75_only	0.12765713253595054	48	2	1	0
0.7	4	none	0.12765713253595054	94	2	1	2
0.7	5	production_or	0.12765713253595054	62	2	1	0
0.7	5	direct_only	0.12765713253595054	23	0	1	0
0.7	5	animal_q75_only	0.12765713253595054	48	2	1	0
0.7	5	none	0.12765713253595054	94	2	1	2
0.7	6	production_or	0.12765713253595054	29	0	1	0
0.7	6	direct_only	0.12765713253595054	22	0	1	0
0.7	6	animal_q75_only	0.12765713253595054	15	0	1	0
0.7	6	none	0.12765713253595054	30	0	1	0
0.75	3	production_or	0.12765713253595054	11	0	0	0
0.75	3	direct_only	0.12765713253595054	5	0	0	0
0.75	3	animal_q75_only	0.12765713253595054	10	0	0	0
0.75	3	none	0.12765713253595054	15	0	0	0
0.75	4	production_or	0.12765713253595054	11	0	0	0
0.75	4	direct_only	0.12765713253595054	5	0	0	0
0.75	4	animal_q75_only	0.12765713253595054	10	0	0	0
0.75	4	none	0.12765713253595054	15	0	0	0
0.75	5	production_or	0.12765713253595054	11	0	0	0
0.75	5	direct_only	0.12765713253595054	5	0	0	0
0.75	5	animal_q75_only	0.12765713253595054	10	0	0	0
0.75	5	none	0.12765713253595054	15	0	0	0
0.75	6	production_or	0.12765713253595054	5	0	0	0
0.75	6	direct_only	0.12765713253595054	5	0	0	0
0.75	6	animal_q75_only	0.12765713253595054	4	0	0	0
0.75	6	none	0.12765713253595054	5	0	0	0
0.8	3	production_or	0.12765713253595054	1	0	0	0
0.8	3	direct_only	0.12765713253595054	1	0	0	0
0.8	3	animal_q75_only	0.12765713253595054	1	0	0	0
0.8	3	none	0.12765713253595054	1	0	0	0
0.8	4	production_or	0.12765713253595054	1	0	0	0
0.8	4	direct_only	0.12765713253595054	1	0	0	0
0.8	4	animal_q75_only	0.12765713253595054	1	0	0	0
0.8	4	none	0.12765713253595054	1	0	0	0
0.8	5	production_or	0.12765713253595054	1	0	0	0
0.8	5	direct_only	0.12765713253595054	1	0	0	0
0.8	5	animal_q75_only	0.12765713253595054	1	0	0	0
0.8	5	none	0.12765713253595054	1	0	0	0
0.8	6	production_or	0.12765713253595054	1	0	0	0
0.8	6	direct_only	0.12765713253595054	1	0	0	0
0.8	6	animal_q75_only	0.12765713253595054	1	0	0	0
0.8	6	none	0.12765713253595054	1	0	0	0
