gene_id	gene_symbol	observed_layers	composite_score	rank	percentile	production_tier	expression_score	expression_weighted_share	expression_loo_score	expression_loo_percentile	expression_loo_percentile_change	no_cerebellum_expression_score	no_cerebellum_score	no_cerebellum_rank	no_cerebellum_percentile	no_cerebellum_percentile_change	no_cerebellum_tier
ENSG00000006611	USH1C	6	0.5276410911413614	3074.0	0.8467484540195491	MEDIUM	0.40815942781731473	0.15471100893010775	0.557511506972373	0.9249096370208216	0.0781611830012725	0.5396321330986724	0.5539356321976329	1814.0	0.9095850787951326	0.0628366247755835	MEDIUM
ENSG00000042781	USH2A	5	0.688830978026323	143.0	0.992918412128466	MEDIUM	0.6712261674720459	0.2292805838516116	0.6942478428122543	0.9939418622410019	0.0010234501125359063	0.9718314914183157	0.7595616424842688	14.0	0.9993516856173947	0.006433273488928748	HIGH
ENSG00000095397	WHRN	5	0.6371454980970291	448.0	0.9777079593058049	MEDIUM	0.6263854777420916	0.23132050486498462	0.6404562735908559	0.9818764954436695	0.004168536137864609	0.8475395430816828	0.6891817487651682	118.0	0.994165170556553	0.01645721125074806	MEDIUM
ENSG00000107736	CDH23	5	0.712616911391397	74.0	0.996359465389986	HIGH	0.6474661629354899	0.21378243636791702	0.7326632955316761	0.9973527465254798	0.0009932811354937954	0.29015099982300907	0.6285427553649309	472.0	0.9765110712148414	-0.019848394175144612	MEDIUM
ENSG00000137474	MYO7A	5	0.6716759690871313	213.0	0.9894274885298224	MEDIUM	0.5617142488332086	0.1967735405639399	0.7055103445498768	0.9956218500229089	0.006194361493086498	0.8576163588875071	0.7412999949822604	27.0	0.9987033712347896	0.009275882704967153	HIGH
ENSG00000150275	PCDH15	5	0.7179602769063059	57.0	0.9972072611210852	HIGH	0.7964726998037737	0.2610246655119001	0.6938026083224698	0.9937891360790103	-0.0034181250420748377	0.9939139409102834	0.7644170395196025	12.0	0.9994514262916417	0.002244165170556589	HIGH
ENSG00000163646	CLRN1	5	0.5268855536445349	3102.0	0.8453520845800918	MEDIUM	0.39083881552256566	0.17453899353377642	0.5687460884512946	0.9384513567174056	0.09309927213731384	0.6241897262083295	0.5817916502764794	1154.0	0.9424995012966287	0.09714741671653693	MEDIUM
ENSG00000164199	ADGRV1	6	0.6345637691068975	468.0	0.9767105525633353	MEDIUM	0.8738327766010052	0.2754121237746875	0.5747465172333704	0.9451713078450339	-0.031539244718301385	0.9802218822276184	0.6558415902322201	246.0	0.9877817674047477	0.01107121484141238	MEDIUM
ENSG00000182040	USH1G	5	0.5271746179869147	3087.0	0.846100139636944	MEDIUM	0.4396138373967307	0.19621306953414222	0.5541163966300482	0.9200733085577559	0.07397316892081196	0.536039666287825	0.5498630483142309	1936.0	0.9035008976660682	0.057400758029124255	MEDIUM
