control_group	gene_id	production_symbol	total_pubmed_count	go_term_count	complete_covariates	matched_comparators
usher	ENSG00000006611	USH1C	81	48	True	3
usher	ENSG00000042781	USH2A	164	37	True	3
usher	ENSG00000095397	WHRN	44	47	True	3
usher	ENSG00000107736	CDH23	99	33	True	3
usher	ENSG00000137474	MYO7A	163	58	True	3
usher	ENSG00000150275	PCDH15	128	28	True	3
usher	ENSG00000163646	CLRN1	35	22	True	3
usher	ENSG00000164199	ADGRV1	75	63	True	3
usher	ENSG00000182040	USH1G	44	36	True	3
syscilia	ENSG00000011143	MKS1	43	21	True	3
syscilia	ENSG00000032742	IFT88	72	46	True	3
syscilia	ENSG00000046651	OFD1	126	35	True	3
syscilia	ENSG00000048342	CC2D2A	34	17	True	3
syscilia	ENSG00000103494	RPGRIP1L	75	25	True	3
syscilia	ENSG00000110274	CEP164	62	19	True	3
syscilia	ENSG00000113971	NPHP3	55	39	True	3
syscilia	ENSG00000122507	BBS9	48	28	True	3
syscilia	ENSG00000125124	BBS2	69	48	True	3
syscilia	ENSG00000131697	NPHP4	64	33	True	3
syscilia	ENSG00000138002	IFT172	45	25	True	3
syscilia	ENSG00000138686	BBS7	59	39	True	3
syscilia	ENSG00000140463	BBS4	69	76	True	3
syscilia	ENSG00000144061	NPHP1	96	29	True	3
syscilia	ENSG00000148384	INPP5E	49	37	True	3
syscilia	ENSG00000149483	TMEM138	17	6	True	3
syscilia	ENSG00000156313	RPGR	183	35	True	3
syscilia	ENSG00000163093	BBS5	50	28	True	3
syscilia	ENSG00000164953	TMEM67	57	25	True	3
syscilia	ENSG00000168778	TCTN2	26	18	True	3
syscilia	ENSG00000169379	ARL13B	74	39	True	3
syscilia	ENSG00000174483	BBS1	85	40	True	3
syscilia	ENSG00000179941	BBS10	43	12	True	3
syscilia	ENSG00000187049	TMEM216	22	20	True	3
syscilia	ENSG00000187535	IFT140	46	36	True	3
syscilia	ENSG00000198707	CEP290	169	45	True	3
syscilia	ENSG00000204852	TCTN1	30	17	True	3
syscilia	ENSG00000205084	TMEM231	27	19	True	3
