hgnc_id	hgnc_symbol	gene_id	production_symbol	total_pubmed_count	go_term_count
HGNC:45	ABCB4	ENSG00000005471	ABCB4	174	52
HGNC:3771	FMO3	ENSG00000007933	FMO3	132	16
HGNC:11494	SYN1	ENSG00000008056	SYN1	87	41
HGNC:6912	MATR3	ENSG00000015479	MATR3	395	21
HGNC:6132	ISL1	ENSG00000016082	ISL1	127	121
HGNC:327	AGPS	ENSG00000018510	AGPS	115	24
HGNC:11067	SLC7A9	ENSG00000021488	SLC7A9	70	29
HGNC:2323	CPS1	ENSG00000021826	CPS1	170	70
HGNC:2553	CUL3	ENSG00000036257	CUL3	481	98
HGNC:8512	OTC	ENSG00000036473	OTC	131	37
HGNC:6529	LCP2	ENSG00000043462	LCP2	177	19
HGNC:11924	TNFRSF9	ENSG00000049249	TNFRSF9	162	12
HGNC:6106	FOXP3	ENSG00000049768	FOXP3	1170	90
HGNC:6251	KCNH2	ENSG00000055118	KCNH2	686	64
HGNC:17075	TAB2	ENSG00000055208	TAB2	257	35
HGNC:9024	PKP2	ENSG00000057294	PKP2	217	69
HGNC:3544	F7	ENSG00000057593	F7	485	68
HGNC:11609	TBXAS1	ENSG00000059377	TBXAS1	94	38
HGNC:1509	CASP8	ENSG00000064012	CASP8	979	104
HGNC:9987	RFXANK	ENSG00000064490	RFXANK	39	14
HGNC:8028	NTHL1	ENSG00000065057	NTHL1	99	39
HGNC:16740	ZBTB11	ENSG00000066422	ZBTB11	44	10
HGNC:3330	EML1	ENSG00000066629	EML1	40	31
HGNC:15772	ARFGEF1	ENSG00000066777	ARFGEF1	87	40
HGNC:3647	FECH	ENSG00000066926	FECH	169	36
HGNC:8925	PHKA1	ENSG00000067177	PHKA1	56	14
HGNC:29478	ROGDI	ENSG00000067836	ROGDI	31	16
HGNC:13254	FTSJ1	ENSG00000068438	FTSJ1	67	34
HGNC:9879	RASGRP2	ENSG00000068831	RASGRP2	47	28
HGNC:9726	PYGM	ENSG00000068976	PYGM	104	21
HGNC:163	ACTN1	ENSG00000072110	ACTN1	358	77
HGNC:92	ACADVL	ENSG00000072778	ACADVL	143	40
HGNC:6631	LMAN1	ENSG00000074695	LMAN1	198	41
HGNC:10910	SLC12A1	ENSG00000074803	SLC12A1	77	29
HGNC:93	ACAT1	ENSG00000075239	ACAT1	177	40
HGNC:18234	MOCOS	ENSG00000075643	MOCOS	31	16
HGNC:9067	PLD1	ENSG00000075651	PLD1	210	46
HGNC:24502	WDR62	ENSG00000075702	WDR62	110	24
HGNC:9788	RAB7A	ENSG00000075785	RAB7A	370	90
HGNC:30521	SLC46A1	ENSG00000076351	SLC46A1	94	52
HGNC:14214	CIC	ENSG00000079432	CIC	134	22
HGNC:6621	LIPE	ENSG00000079435	LIPE	114	36
HGNC:2321	CPOX	ENSG00000080819	CPOX	87	33
HGNC:9666	PTPRC	ENSG00000081237	PTPRC	351	117
HGNC:20043	GEMIN5	ENSG00000082516	GEMIN5	155	39
HGNC:987	BCKDHB	ENSG00000083123	BCKDHB	75	22
HGNC:8527	OXCT1	ENSG00000083720	OXCT1	75	25
HGNC:2584	CYLD	ENSG00000083799	CYLD	348	80
HGNC:24537	CHMP2B	ENSG00000083937	CHMP2B	141	79
HGNC:1424	CAD	ENSG00000084774	CAD	298	82
HGNC:7450	MTMR2	ENSG00000087053	MTMR2	71	57
HGNC:14388	GP6	ENSG00000088053	GP6	221	29
HGNC:25302	COQ9	ENSG00000088682	COQ9	37	20
HGNC:3529	F11	ENSG00000088926	F11	239	35
HGNC:1480	CAPN3	ENSG00000092529	CAPN3	159	83
HGNC:18539	STX1B	ENSG00000099365	STX1B	39	60
HGNC:4846	HCN2	ENSG00000099822	HCN2	67	58
HGNC:4838	SERPIND1	ENSG00000099937	SERPIND1	69	16
HGNC:9453	PRODH	ENSG00000100033	PRODH	96	21
HGNC:7737	NEFH	ENSG00000100285	NEFH	100	39
HGNC:618	APOL1	ENSG00000100342	APOL1	318	23
HGNC:2436	CSF2RB	ENSG00000100368	CSF2RB	116	32
HGNC:17082	MLC1	ENSG00000100427	MLC1	85	45
HGNC:9725	PYGL	ENSG00000100504	PYGL	121	31
HGNC:19714	DDHD1	ENSG00000100523	DDHD1	41	11
HGNC:7797	NFKBIA	ENSG00000100906	NFKBIA	719	47
HGNC:11919	CD40	ENSG00000101017	CD40	626	65
HGNC:11408	STK4	ENSG00000101109	STK4	243	65
HGNC:16257	TUBB1	ENSG00000101162	TUBB1	88	31
HGNC:1958	CHRNA4	ENSG00000101204	CHRNA4	219	70
HGNC:10702	SEC23B	ENSG00000101310	SEC23B	154	20
HGNC:14988	POFUT1	ENSG00000101346	POFUT1	78	18
HGNC:14450	LPIN2	ENSG00000101577	LPIN2	44	26
HGNC:3551	F9	ENSG00000101981	F9	302	41
HGNC:3319	ELF4	ENSG00000102034	ELF4	52	34
HGNC:28880	MAGT1	ENSG00000102158	MAGT1	132	25
HGNC:11935	CD40LG	ENSG00000102245	CD40LG	548	46
HGNC:16353	MAGED2	ENSG00000102316	MAGED2	189	11
HGNC:10809	SGCG	ENSG00000102683	SGCG	52	18
HGNC:2252	CORO1A	ENSG00000102879	CORO1A	95	59
HGNC:8927	PHKB	ENSG00000102893	PHKB	63	11
HGNC:28958	NUP93	ENSG00000102900	NUP93	213	26
HGNC:14124	NPRL3	ENSG00000103148	NPRL3	62	16
HGNC:7150	MLYCD	ENSG00000103150	MLYCD	37	46
HGNC:6006	IL21R	ENSG00000103522	IL21R	72	16
HGNC:3579	FAH	ENSG00000103876	FAH	69	17
HGNC:5960	IKBKB	ENSG00000104365	IKBKB	649	78
HGNC:15968	GDAP1	ENSG00000104381	GDAP1	115	17
HGNC:30242	TUSC3	ENSG00000104723	TUSC3	70	22
HGNC:4706	GYS1	ENSG00000104812	GYS1	122	21
HGNC:9956	RELB	ENSG00000104856	RELB	216	44
HGNC:25980	TRMT1	ENSG00000104907	TRMT1	73	30
HGNC:11948	TNNT1	ENSG00000105048	TNNT1	90	17
HGNC:11391	AURKC	ENSG00000105146	AURKC	80	36
HGNC:392	AKT2	ENSG00000105221	AKT2	393	62
HGNC:977	BCAT2	ENSG00000105552	BCAT2	58	33
HGNC:6193	JAK3	ENSG00000105639	JAK3	274	72
HGNC:2227	COMP	ENSG00000105664	COMP	195	38
HGNC:15598	HAMP	ENSG00000105697	HAMP	477	36
HGNC:8124	OGDH	ENSG00000105953	OGDH	126	44
HGNC:14888	DNAJB6	ENSG00000105993	DNAJB6	226	37
HGNC:4162	GARS1	ENSG00000106105	GARS1	190	36
HGNC:5246	HSPB1	ENSG00000106211	HSPB1	817	69
HGNC:20609	AIMP2	ENSG00000106305	AIMP2	192	17
HGNC:11762	TFR2	ENSG00000106327	TFR2	123	34
HGNC:8583	SERPINE1	ENSG00000106366	SERPINE1	1549	59
HGNC:19191	DOCK8	ENSG00000107099	DOCK8	122	28
HGNC:6617	LIPA	ENSG00000107798	LIPA	115	20
HGNC:29186	ANKRD26	ENSG00000107890	ANKRD26	83	3
HGNC:12511	UBTF	ENSG00000108312	UBTF	238	25
HGNC:18505	RNF43	ENSG00000108375	RNF43	92	30
HGNC:10805	SGCA	ENSG00000108823	SGCA	52	21
HGNC:12765	FOXN1	ENSG00000109101	FOXN1	37	31
HGNC:7794	NFKB1	ENSG00000109320	NFKB1	3393	103
HGNC:24283	KMT5B	ENSG00000110066	KMT5B	58	33
HGNC:2328	CPT1A	ENSG00000110090	CPT1A	226	48
HGNC:3791	FOLR1	ENSG00000110195	FOLR1	171	58
HGNC:5964	IL10RA	ENSG00000110324	IL10RA	158	29
HGNC:12726	VWF	ENSG00000110799	VWF	1033	40
HGNC:10908	SLC11A2	ENSG00000110911	SLC11A2	141	108
HGNC:2606	CYP27B1	ENSG00000111012	CYP27B1	227	50
HGNC:1785	CDKN1B	ENSG00000111276	CDKN1B	1107	62
HGNC:10599	SCNN1A	ENSG00000111319	SCNN1A	219	53
HGNC:4707	GYS2	ENSG00000111713	GYS2	30	26
HGNC:13203	AICDA	ENSG00000111732	AICDA	275	33
HGNC:2277	COX6A1	ENSG00000111775	COX6A1	43	14
HGNC:17768	TDP2	ENSG00000111802	TDP2	89	36
HGNC:21484	MCM9	ENSG00000111877	MCM9	48	44
HGNC:1152	POPDC1	ENSG00000112276	BVES		48
HGNC:12771	CCN6	ENSG00000112761	CCN6	78	21
HGNC:7863	NNT	ENSG00000112992	NNT	107	26
HGNC:6171	ITK	ENSG00000113263	ITK	129	40
HGNC:7326	MSH3	ENSG00000113318	MSH3	188	32
HGNC:6383	KNG1	ENSG00000113889	KNG1	201	41
HGNC:8654	PCCB	ENSG00000114054	PCCB	127	19
HGNC:24969	NPRL2	ENSG00000114388	NPRL2	78	19
HGNC:4180	GBE1	ENSG00000114480	GBE1	89	26
HGNC:12858	ZAP70	ENSG00000115085	ZAP70	384	57
HGNC:11362	STAT1	ENSG00000115415	STAT1	1152	103
HGNC:4331	GLS	ENSG00000115419	GLS	206	26
HGNC:12736	WIPF1	ENSG00000115935	WIPF1	93	20
HGNC:20800	SLC35D1	ENSG00000116704	SLC35D1	22	16
HGNC:2501	CTH	ENSG00000116761	CTH	120	38
HGNC:89	ACADM	ENSG00000117054	ACADM	167	40
HGNC:5005	HMGCL	ENSG00000117305	HMGCL	76	32
HGNC:6953	CD46	ENSG00000117335	CD46	255	34
HGNC:663	ARG1	ENSG00000118520	ARG1	279	32
HGNC:1513	CASQ2	ENSG00000118729	CASQ2	85	38
HGNC:20105	FLVCR2	ENSG00000119686	FLVCR2	30	20
HGNC:4572	GRIA2	ENSG00000120251	GRIA2	153	46
HGNC:6774	SMAD9	ENSG00000120693	SMAD9	79	41
HGNC:5144	HPCA	ENSG00000121905	HPCA	38	34
HGNC:2561	CXCR4	ENSG00000121966	CXCR4	2176	72
HGNC:15975	SASH3	ENSG00000122122	SASH3	13	8
HGNC:388	AKR1D1	ENSG00000122787	AKR1D1	48	28
HGNC:2185	COL10A1	ENSG00000123500	COL10A1	98	14
HGNC:12649	VAPB	ENSG00000124164	VAPB	266	52
HGNC:15853	ARFGEF2	ENSG00000124198	ARFGEF2	92	55
HGNC:16732	MCEE	ENSG00000124370	MCEE	21	15
HGNC:3531	F13A1	ENSG00000124491	F13A1	361	23
HGNC:20439	UPF3B	ENSG00000125351	UPF3B	141	29
HGNC:15505	MBOAT7	ENSG00000125505	MBOAT7	131	35
HGNC:11937	CD70	ENSG00000125726	CD70	127	30
HGNC:1318	C3	ENSG00000125730	C3	756	81
HGNC:3528	F10	ENSG00000126218	F10	322	36
HGNC:746	ASL	ENSG00000126522	ASL	64	22
HGNC:14544	WNK4	ENSG00000126562	WNK4	99	57
HGNC:16912	EMG1	ENSG00000126749	EMG1	104	34
HGNC:29136	KDM4B	ENSG00000127663	KDM4B	110	21
HGNC:4384	GNAI1	ENSG00000127955	GNAI1	270	76
HGNC:18149	A4GALT	ENSG00000128274	A4GALT	56	17
HGNC:9802	RAC2	ENSG00000128340	RAC2	169	61
HGNC:19687	EIF2AK4	ENSG00000128829	EIF2AK4	145	59
HGNC:6186	IVD	ENSG00000128928	IVD	68	28
HGNC:6233	KCNC1	ENSG00000129159	KCNC1	49	67
HGNC:20788	RHBDF2	ENSG00000129667	RHBDF2	58	26
HGNC:4136	GAMT	ENSG00000130005	GAMT	47	17
HGNC:29002	FCHO1	ENSG00000130475	FCHO1	33	23
HGNC:6485	LAMA5	ENSG00000130702	LAMA5	169	48
HGNC:758	ASS1	ENSG00000130707	ASS1	179	67
HGNC:15992	ZNF341	ENSG00000131061	ZNF341	26	15
HGNC:14561	ARHGEF9	ENSG00000131089	ARHGEF9	50	16
HGNC:11019	SLC34A1	ENSG00000131183	SLC34A1	62	63
HGNC:7685	NDUFA2	ENSG00000131495	NDUFA2	68	17
HGNC:6937	MCCC2	ENSG00000131844	MCCC2	139	27
HGNC:30237	CC2D1A	ENSG00000132024	CC2D1A	113	24
HGNC:9236	PPARG	ENSG00000132170	PPARG	2275	162
HGNC:17649	POPDC3	ENSG00000132429	POPDC3	23	13
HGNC:5542	IGHMBP2	ENSG00000132740	IGHMBP2	78	48
HGNC:491	ANGPTL3	ENSG00000132855	ANGPTL3	163	56
HGNC:9988	RFXAP	ENSG00000133111	RFXAP	41	13
HGNC:5008	HMGCS2	ENSG00000134240	HMGCS2	63	60
HGNC:13345	LPIN1	ENSG00000134324	LPIN1	137	38
HGNC:16783	CDC73	ENSG00000134371	CDC73	268	34
HGNC:2988	DOCK2	ENSG00000134516	DOCK2	109	29
HGNC:3036	DSC2	ENSG00000134755	DSC2	131	35
HGNC:18248	ELP2	ENSG00000134759	ELP2	66	17
HGNC:26178	FHOD3	ENSG00000134775	FHOD3	35	11
HGNC:12016	TPP2	ENSG00000134900	TPP2	99	25
HGNC:11602	TBX3	ENSG00000135111	TBX3	135	65
HGNC:28900	PNPLA8	ENSG00000135241	PNPLA8	54	39
HGNC:3097	DYSF	ENSG00000135636	DYSF	174	35
HGNC:1232	EGLN1	ENSG00000135766	EGLN1	245	39
HGNC:5401	SP110	ENSG00000135899	SP110	74	12
HGNC:16650	MRPL44	ENSG00000135900	MRPL44	91	23
HGNC:5228	DNAJB2	ENSG00000135924	DNAJB2	83	54
HGNC:2895	EDAR	ENSG00000135960	EDAR	74	20
HGNC:2934	DMRT1	ENSG00000137090	DMRT1	49	40
HGNC:12412	TUBB2A	ENSG00000137267	TUBB2A	286	30
HGNC:10019	RIPK1	ENSG00000137275	RIPK1	547	126
HGNC:6772	SMAD6	ENSG00000137834	SMAD6	125	75
HGNC:2698	DBT	ENSG00000137992	DBT	130	19
HGNC:17175	PLCE1	ENSG00000138193	PLCE1	190	43
HGNC:952	BARD1	ENSG00000138376	BARD1	316	54
HGNC:16882	HCN4	ENSG00000138622	HCN4	100	57
HGNC:1665	SCARB2	ENSG00000138760	SCARB2	147	61
HGNC:28883	PPA2	ENSG00000138777	PPA2	85	19
HGNC:3495	ETV6	ENSG00000139083	ETV6	328	28
HGNC:19125	FGD4	ENSG00000139132	FGD4	46	25
HGNC:19331	MMAB	ENSG00000139428	MMAB	76	17
HGNC:29187	SETD1B	ENSG00000139718	SETD1B	75	25
HGNC:1713	CDAN1	ENSG00000140326	CDAN1	39	15
HGNC:30922	LINS1	ENSG00000140471	LINS1	20	1
HGNC:4208	GCSH	ENSG00000140905	GCSH	35	13
HGNC:5432	IFNAR1	ENSG00000142166	IFNAR1	209	33
HGNC:11179	SOD1	ENSG00000142168	SOD1	1328	117
HGNC:3534	F13B	ENSG00000143278	F13B	79	9
HGNC:29456	TOR1AIP1	ENSG00000143337	TOR1AIP1	141	18
HGNC:30740	TARS2	ENSG00000143374	TARS2	90	20
HGNC:9986	RFX5	ENSG00000143390	RFX5	73	23
HGNC:9020	PKLR	ENSG00000143627	PKLR	143	30
HGNC:652	ARF1	ENSG00000143761	ARF1	292	41
HGNC:1445	CALM2	ENSG00000143933	CALM2	230	84
HGNC:17085	EXOC6B	ENSG00000144036	EXOC6B	40	12
HGNC:20661	SLC25A26	ENSG00000144741	SLC25A26	25	18
HGNC:473	AMT	ENSG00000145020	AMT	40	19
HGNC:3261	EIF2B5	ENSG00000145191	EIF2B5	126	47
HGNC:493	ANK2	ENSG00000145362	ANK2	137	88
HGNC:25126	NAF1	ENSG00000145414	NAF1	73	37
HGNC:29634	MEGF10	ENSG00000145794	MEGF10	37	39
HGNC:6354	KLHL3	ENSG00000146021	KLHL3	64	39
HGNC:3236	EGFR	ENSG00000146648	EGFR	6678	136
HGNC:14287	NLGN4X	ENSG00000146938	NLGN4X	75	59
HGNC:7373	MSN	ENSG00000147065	MSN	329	74
HGNC:6010	IL2RG	ENSG00000147168	IL2RG	172	56
HGNC:13128	ZNF711	ENSG00000147180	ZNF711	43	17
HGNC:23483	DOCK11	ENSG00000147251	DOCK11	39	17
HGNC:6954	MCPH1	ENSG00000147316	MCPH1	153	9
HGNC:7785	NFIB	ENSG00000147862	NFIB	128	57
HGNC:18688	CRB2	ENSG00000148204	CRB2	35	52
HGNC:25135	LRSAM1	ENSG00000148356	LRSAM1	77	21
HGNC:4335	GLUD1	ENSG00000148672	GLUD1	276	37
HGNC:11641	TCF7L2	ENSG00000148737	TCF7L2	854	66
HGNC:103	CNNM2	ENSG00000148842	CNNM2	63	14
HGNC:23151	FERMT3	ENSG00000149781	FERMT3	103	33
HGNC:6903	MAT1A	ENSG00000151224	MAT1A	81	20
HGNC:87	ACAD8	ENSG00000151498	ACAD8	32	14
HGNC:9752	QDPR	ENSG00000151552	QDPR	80	18
HGNC:18871	MMAA	ENSG00000151611	MMAA	27	25
HGNC:7979	NR3C2	ENSG00000151623	NR3C2	294	33
HGNC:17642	DCLRE1C	ENSG00000152457	DCLRE1C	102	26
HGNC:2852	DGKE	ENSG00000153933	DGKE	79	34
HGNC:25118	OTULIN	ENSG00000154124	OTULIN	92	39
HGNC:20582	CYP2U1	ENSG00000155016	CYP2U1	33	27
HGNC:11065	SLC7A7	ENSG00000155465	SLC7A7	46	20
HGNC:3776	AFF2	ENSG00000155966	AFF2	56	21
HGNC:28625	NDUFAF6	ENSG00000156170	NDUFAF6	27	12
HGNC:8931	PHKG2	ENSG00000156873	PHKG2	56	31
HGNC:319	ACAN	ENSG00000157766	ACAN	177	22
HGNC:11013	SLC30A2	ENSG00000158014	SLC30A2	48	47
HGNC:2555	CUL4B	ENSG00000158290	CUL4B	324	60
HGNC:397	ALAS2	ENSG00000158578	ALAS2	77	34
HGNC:5433	IFNAR2	ENSG00000159110	IFNAR2	146	34
HGNC:10471	RUNX1	ENSG00000159216	RUNX1	935	65
HGNC:2707	ACE	ENSG00000159640	ACE	2770	98
HGNC:27089	CARMIL2	ENSG00000159753	CARMIL2	39	32
HGNC:1449	CALM3	ENSG00000160014	CALM3	255	94
HGNC:4057	G6PD	ENSG00000160211	G6PD	560	50
HGNC:2482	CSTB	ENSG00000160213	CSTB	168	28
HGNC:1366	ADAMTS13	ENSG00000160323	ADAMTS13	539	46
HGNC:1675	CD3G	ENSG00000160654	CD3G	124	37
HGNC:24671	FLAD1	ENSG00000160688	FLAD1	66	30
HGNC:1962	CHRNB2	ENSG00000160716	CHRNB2	135	87
HGNC:31928	NBEAL2	ENSG00000160796	NBEAL2	36	12
HGNC:7584	MYL3	ENSG00000160808	MYL3	57	23
HGNC:7908	NPHS1	ENSG00000161270	NPHS1	162	25
HGNC:17996	NAGS	ENSG00000161653	NAGS	37	18
HGNC:25716	COA7	ENSG00000162377	COA7	49	10
HGNC:6190	JAK1	ENSG00000162434	JAK1	524	84
HGNC:10806	SGCB	ENSG00000163069	SGCB	51	19
HGNC:21732	ANTXR2	ENSG00000163297	ANTXR2	90	14
HGNC:22954	POGLUT1	ENSG00000163389	POGLUT1	46	28
HGNC:799	ATP1A1	ENSG00000163399	ATP1A1	432	87
HGNC:20751	WDFY3	ENSG00000163625	WDFY3	65	25
HGNC:399	ALB	ENSG00000163631	ALB	784	42
HGNC:4699	GYG1	ENSG00000163754	GYG1	61	26
HGNC:9399	PRKCD	ENSG00000163932	PRKCD	720	102
HGNC:30782	NAA15	ENSG00000164134	NAA15	132	25
HGNC:6371	KLKB1	ENSG00000164344	KLKB1	92	31
HGNC:11598	TBX20	ENSG00000164532	TBX20	53	77
HGNC:3606	FBP1	ENSG00000165140	FBP1	143	46
HGNC:26392	PTCHD1	ENSG00000165186	PTCHD1	17	18
HGNC:14270	PCDH19	ENSG00000165194	PCDH19	87	9
HGNC:869	ATP7A	ENSG00000165240	ATP7A	214	102
HGNC:17342	BRWD3	ENSG00000165288	BRWD3	35	5
HGNC:10663	NEMF	ENSG00000165525	NEMF	72	22
HGNC:4238	GFI1B	ENSG00000165702	GFI1B	62	22
HGNC:11051	SLC6A5	ENSG00000165970	SLC6A5	41	25
HGNC:8646	PCBD1	ENSG00000166228	PCBD1	64	17
HGNC:26790	WDR72	ENSG00000166415	WDR72	34	5
HGNC:9076	PLIN1	ENSG00000166819	PLIN1	114	14
HGNC:10602	SCNN1G	ENSG00000166828	SCNN1G	139	40
HGNC:2001	GREM1	ENSG00000166923	GREM1	185	68
HGNC:1673	CD3D	ENSG00000167286	CD3D	127	30
HGNC:10739	SEMA6B	ENSG00000167680	SEMA6B	20	19
HGNC:9075	SERPINF2	ENSG00000167711	SERPINF2	111	49
HGNC:16692	CD320	ENSG00000167775	CD320	55	22
HGNC:33	ABCA3	ENSG00000167972	ABCA3	121	63
HGNC:15832	BSCL2	ENSG00000168000	BSCL2	135	21
HGNC:23038	LMBRD1	ENSG00000168216	LMBRD1	29	32
HGNC:18025	COA6	ENSG00000168275	COA6	44	17
HGNC:10583	SCN11A	ENSG00000168356	SCN11A	39	75
HGNC:10802	SFTPC	ENSG00000168484	SFTPC	139	11
HGNC:4887	HJV	ENSG00000168509	HJV	94	33
HGNC:904	AXIN2	ENSG00000168646	AXIN2	192	56
HGNC:6024	IL7R	ENSG00000168685	IL7R	351	37
HGNC:10801	SFTPB	ENSG00000168878	SFTPB	159	17
HGNC:644	AR	ENSG00000169083	AR	2709	88
HGNC:18124	P2RY12	ENSG00000169313	P2RY12	239	52
HGNC:2340	CRADD	ENSG00000169372	CRADD	65	27
HGNC:4912	HINT1	ENSG00000169567	HINT1	152	37
HGNC:325	AGPAT2	ENSG00000169692	AGPAT2	60	30
HGNC:4444	GP9	ENSG00000169704	GP9	77	16
HGNC:697	ARL6IP1	ENSG00000170540	ARL6IP1	60	23
HGNC:30212	TANC2	ENSG00000170921	TANC2	47	11
HGNC:2023	CLCN5	ENSG00000171365	CLCN5	115	37
HGNC:3694	FGG	ENSG00000171557	FGG	349	64
HGNC:3661	FGA	ENSG00000171560	FGA	424	75
HGNC:3662	FGB	ENSG00000171564	FGB	471	61
HGNC:29105	PLEKHG5	ENSG00000171680	PLEKHG5	33	21
HGNC:27337	ANO5	ENSG00000171714	ANO5	68	14
HGNC:4175	GATM	ENSG00000171766	GATM	63	23
HGNC:2519	CTPS1	ENSG00000171793	CTPS1	187	48
HGNC:4839	HCFC1	ENSG00000172534	HCFC1	294	40
HGNC:9878	RASGRP1	ENSG00000172575	RASGRP1	67	53
HGNC:29832	NADSYN1	ENSG00000172890	NADSYN1	51	19
HGNC:7648	NBEA	ENSG00000172915	NBEA	56	10
HGNC:20672	PHF8	ENSG00000172943	PHF8	126	42
HGNC:9955	RELA	ENSG00000173039	RELA	1681	166
HGNC:236	ADCY5	ENSG00000173175	ADCY5	85	35
HGNC:1242	C1QB	ENSG00000173369	C1QB	107	25
HGNC:1241	C1QA	ENSG00000173372	C1QA	204	44
HGNC:11104	SMARCC1	ENSG00000173473	SMARCC1	293	50
HGNC:8636	PC	ENSG00000173599	PC	169	34
HGNC:11367	STAT5B	ENSG00000173757	STAT5B	328	57
HGNC:24613	NRROS	ENSG00000174004	NRROS	18	25
HGNC:2531	CTSF	ENSG00000174080	CTSF	39	24
HGNC:1377	CA5A	ENSG00000174990	CA5A	19	14
HGNC:8653	PCCA	ENSG00000175198	PCCA	143	27
HGNC:26624	KDF1	ENSG00000175707	KDF1	13	26
HGNC:27288	ACSF3	ENSG00000176715	ACSF3	42	23
HGNC:9688	CAVIN1	ENSG00000177469	CAVIN1	169	36
HGNC:21497	ACAD9	ENSG00000177646	ACAD9	102	28
HGNC:19414	DPY19L2	ENSG00000177990	DPY19L2	26	12
HGNC:4313	GLDC	ENSG00000178445	GLDC	70	22
HGNC:7216	MPI	ENSG00000178802	MPI	55	22
HGNC:7067	CIITA	ENSG00000179583	CIITA	223	42
HGNC:3535	F2	ENSG00000180210	F2	1489	69
HGNC:18451	MCFD2	ENSG00000180398	MCFD2	54	13
HGNC:26988	METTL23	ENSG00000181038	METTL23	14	30
HGNC:23537	DHTKD1	ENSG00000181192	DHTKD1	50	14
HGNC:26922	ERCC6L2	ENSG00000182150	ERCC6L2	26	27
HGNC:18305	ATP6AP2	ENSG00000182220	ATP6AP2	182	51
HGNC:1529	CAV3	ENSG00000182533	CAV3	149	100
HGNC:18674	DDX41	ENSG00000183258	DDX41	179	38
HGNC:10820	SH2D1A	ENSG00000183918	SH2D1A	153	14
HGNC:23987	NDUFA12	ENSG00000184752	NDUFA12	70	19
HGNC:21478	RFX6	ENSG00000185002	RFX6	32	37
HGNC:3546	F8	ENSG00000185010	F8	679	27
HGNC:10799	SFTPA2	ENSG00000185303	SFTPA2	61	12
HGNC:19383	SOCS1	ENSG00000185338	SOCS1	486	29
HGNC:11653	TCN2	ENSG00000185339	TCN2	146	23
HGNC:9823	RAD51D	ENSG00000185379	RAD51D	105	42
HGNC:7976	NR2F2	ENSG00000185551	NR2F2	161	38
HGNC:8996	PIP5K1C	ENSG00000186111	PIP5K1C	89	47
HGNC:12261	TRDN	ENSG00000186439	TRDN	54	36
HGNC:16517	TMPRSS6	ENSG00000187045	TMPRSS6	133	28
HGNC:21576	NHLRC1	ENSG00000187566	NHLRC1	53	29
HGNC:7687	COXFA4	ENSG00000189043	NDUFA4		19
HGNC:16841	LITAF	ENSG00000189067	LITAF	98	34
HGNC:6833	MAOA	ENSG00000189221	MAOA	652	21
HGNC:3395	EPHB4	ENSG00000196411	EPHB4	201	30
HGNC:186	ADA	ENSG00000196839	ADA	269	57
HGNC:2961	DYNC1H1	ENSG00000197102	DYNC1H1	376	52
HGNC:10969	SLC22A5	ENSG00000197375	SLC22A5	200	66
HGNC:3309	ELANE	ENSG00000197561	ELANE	340	68
HGNC:14258	CD2AP	ENSG00000198087	CD2AP	190	52
HGNC:2435	CSF2RA	ENSG00000198223	CSF2RA	77	22
HGNC:16393	CARD11	ENSG00000198286	CARD11	137	40
HGNC:10484	RYR2	ENSG00000198626	RYR2	301	111
HGNC:1442	CALM1	ENSG00000198668	CALM1	627	90
HGNC:3542	F5	ENSG00000198734	F5	1344	33
HGNC:8623	PAX9	ENSG00000198807	PAX9	123	17
HGNC:1674	CD3E	ENSG00000198851	CD3E	164	61
HGNC:9216	POU3F3	ENSG00000198914	POU3F3	27	43
HGNC:10259	RORB	ENSG00000198963	RORB	46	50
HGNC:26970	COX20	ENSG00000203667	COX20	41	10
HGNC:1078	BMPR2	ENSG00000204217	BMPR2	348	133
HGNC:44	TAP2	ENSG00000204267	TAP2	238	54
HGNC:13937	MPIG6B	ENSG00000204420	MPIG6B	26	20
HGNC:2460	CSNK2B	ENSG00000204435	CSNK2B	407	49
HGNC:9475	PRSS1	ENSG00000204983	PRSS1	251	17
HGNC:27365	TECRL	ENSG00000205678	TECRL	15	10
HGNC:18874	LAT	ENSG00000213658	LAT	155	41
HGNC:29418	FNIP1	ENSG00000217128	FNIP1	54	27
HGNC:25155	HOGA1	ENSG00000241935	HOGA1	35	20
HGNC:5965	IL10RB	ENSG00000243646	IL10RB	106	30
HGNC:1833	CEBPA	ENSG00000245848	CEBPA	552	91
HGNC:986	BCKDHA	ENSG00000248098	BCKDHA	109	22
HGNC:4586	GRIN2B	ENSG00000273079	GRIN2B	410	90
