control_group	control_id	control_symbol	comparator_id	comparator_symbol	squared_distance	log_pubmed_sd_difference	log_go_sd_difference
syscilia	ENSG00000011143	MKS1	ENSG00000145020	AMT	0.030162594549279186	0.0722780012981521	0.1579192359328765
syscilia	ENSG00000011143	MKS1	ENSG00000155465	SLC7A7	0.010498602807829199	-0.06750884050190065	0.07707891580658188
syscilia	ENSG00000011143	MKS1	ENSG00000176715	ACSF3	0.021338355339768515	0.023530071817035925	-0.1441689670492705
syscilia	ENSG00000032742	IFT88	ENSG00000008056	SYN1	0.07131649912700963	-0.19127142954676657	0.18636453355224525
syscilia	ENSG00000032742	IFT88	ENSG00000100427	MLC1	0.02940691554989839	-0.16774135772972976	0.03563358607950118
syscilia	ENSG00000032742	IFT88	ENSG00000120693	SMAD9	0.04351521846509199	-0.09372021713027578	0.18636453355224525
syscilia	ENSG00000046651	OFD1	ENSG00000106327	TFR2	0.002777337926906311	0.02446761245755269	0.04667626664090996
syscilia	ENSG00000046651	OFD1	ENSG00000125505	MBOAT7	0.0015620508134909024	-0.03952278853384339	0.0
syscilia	ENSG00000046651	OFD1	ENSG00000134755	DSC2	0.0015620508134909024	-0.03952278853384339	0.0
syscilia	ENSG00000048342	CC2D2A	ENSG00000140326	CDAN1	0.05676426027386997	-0.13667112235993795	0.19515446340461917
syscilia	ENSG00000048342	CC2D2A	ENSG00000147180	ZNF711	0.05486010210812104	-0.23422233477642784	0.0
syscilia	ENSG00000048342	CC2D2A	ENSG00000147251	DOCK11	0.01867899568712513	-0.13667112235993795	0.0
syscilia	ENSG00000103494	RPGRIP1L	ENSG00000083720	OXCT1	0.0	0.0	0.0
syscilia	ENSG00000103494	RPGRIP1L	ENSG00000139718	SETD1B	0.0	0.0	0.0
syscilia	ENSG00000103494	RPGRIP1L	ENSG00000143390	RFX5	0.018333785657409084	0.027295298794193457	0.1326225935545855
syscilia	ENSG00000110274	CEP164	ENSG00000134759	ELP2	0.03444491784134633	-0.06300530654991832	0.17457161621494244
syscilia	ENSG00000110274	CEP164	ENSG00000166228	PCBD1	0.03149844205020073	-0.03198738598734785	0.17457161621494244
syscilia	ENSG00000110274	CEP164	ENSG00000184752	NDUFA12	0.01497099593335489	-0.12235602123865785	0.0
syscilia	ENSG00000113971	NPHP3	ENSG00000111877	MCM9	0.056764260273869625	0.13667112235993795	-0.19515446340461828
syscilia	ENSG00000113971	NPHP3	ENSG00000135241	PNPLA8	0.00034011383517263495	0.01844217544577198	0.0
syscilia	ENSG00000113971	NPHP3	ENSG00000137090	DMRT1	0.015128350866724375	0.11599338786226276	-0.04091313773055116
syscilia	ENSG00000122507	BBS9	ENSG00000068831	RASGRP2	0.00044538343545660224	0.021104109444764596	0.0
syscilia	ENSG00000122507	BBS9	ENSG00000122787	AKR1D1	0.0	0.0	0.0
syscilia	ENSG00000122507	BBS9	ENSG00000163389	POGLUT1	0.0018192398862880085	0.04265254841493071	0.0
syscilia	ENSG00000125124	BBS2	ENSG00000087053	MTMR2	0.07889047356051841	-0.028833260083853673	-0.279390616652484
syscilia	ENSG00000125124	BBS2	ENSG00000132740	IGHMBP2	0.01532559190060963	-0.12379657467236171	0.0
syscilia	ENSG00000125124	BBS2	ENSG00000172575	RASGRP1	0.026798168895239616	0.02966912215210371	-0.16099040991923452
syscilia	ENSG00000131697	NPHP4	ENSG00000117305	HMGCL	0.032514764849206575	-0.17340168870522632	0.049463311690407075
syscilia	ENSG00000131697	NPHP4	ENSG00000160688	FLAD1	0.024387380977918007	-0.031017920562570467	0.15305315933325936
syscilia	ENSG00000131697	NPHP4	ENSG00000169692	AGPAT2	0.027651153541387617	0.06500679933280473	0.15305315933325936
syscilia	ENSG00000138002	IFT172	ENSG00000101577	LPIN2	0.004416291164497938	0.022495697756601984	-0.06253186985003367
syscilia	ENSG00000138002	IFT172	ENSG00000139132	FGD4	0.0004845229318751042	-0.022011881606875505	0.0
syscilia	ENSG00000138002	IFT172	ENSG00000165970	SLC6A5	0.008669621408653726	0.09311080178289588	0.0
syscilia	ENSG00000138686	BBS7	ENSG00000068438	FTSJ1	0.06536180099852128	-0.12810610965259972	0.22124788285585328
syscilia	ENSG00000138686	BBS7	ENSG00000145414	NAF1	0.05329826993106004	-0.21465169940853102	0.08498775130623049
syscilia	ENSG00000138686	BBS7	ENSG00000146021	KLHL3	0.0067116655663509665	-0.08192475551596701	0.0
syscilia	ENSG00000140463	BBS4	ENSG00000129159	KCNC1	0.16101498514040422	0.34438372369325965	0.20594862465083086
syscilia	ENSG00000140463	BBS4	ENSG00000131183	SLC34A1	0.10550839130333503	0.10783786227608427	0.3063974326965866
syscilia	ENSG00000140463	BBS4	ENSG00000164532	TBX20	0.07100740408077921	0.2656130940807859	-0.021379624262618968
syscilia	ENSG00000144061	NPHP1	ENSG00000108375	RNF43	0.00480943506373498	0.04310165462910742	-0.05432938829002332
syscilia	ENSG00000144061	NPHP1	ENSG00000177646	ACAD9	0.006928775813055342	-0.06142921593098283	0.05617140948169297
syscilia	ENSG00000144061	NPHP1	ENSG00000243646	IL10RB	0.013036844094402384	-0.10042490558837613	-0.05432938829002332
syscilia	ENSG00000148384	INPP5E	ENSG00000105552	BCAT2	0.06266108348494989	-0.16940618703133747	0.18428952026757628
syscilia	ENSG00000148384	INPP5E	ENSG00000110066	KMT5B	0.06266108348494989	-0.16940618703133747	0.18428952026757628
syscilia	ENSG00000148384	INPP5E	ENSG00000186439	TRDN	0.011468691336581393	-0.09755121241649078	0.044186562353888625
syscilia	ENSG00000149483	TMEM138	ENSG00000122122	SASH3	0.2395548922665922	0.257223595914851	-0.41640234626047157
syscilia	ENSG00000149483	TMEM138	ENSG00000165288	BRWD3	0.5685477233242766	-0.7094451818841936	0.25541193634123704
syscilia	ENSG00000149483	TMEM138	ENSG00000166415	WDR72	0.5284678453223315	-0.6806119218003395	0.25541193634123704
syscilia	ENSG00000156313	RPGR	ENSG00000106105	GARS1	0.0035213466114296975	-0.03821559278848685	-0.045397302554824215
syscilia	ENSG00000156313	RPGR	ENSG00000135636	DYSF	0.0026346619129872743	0.05132895784045566	0.0
syscilia	ENSG00000156313	RPGR	ENSG00000173599	PC	0.00873936283001437	0.08099807999255937	0.04667626664090996
syscilia	ENSG00000163093	BBS5	ENSG00000156873	PHKG2	0.03956303755551256	-0.11384088855012475	-0.1631051490592208
syscilia	ENSG00000163093	BBS5	ENSG00000187566	NHLRC1	0.006577755970442193	-0.05850238223595827	-0.05617140948169297
syscilia	ENSG00000163093	BBS5	ENSG00000217128	FNIP1	0.009353234178716016	-0.07728296503997534	0.058142733796631596
syscilia	ENSG00000164953	TMEM67	ENSG00000129667	RHBDF2	0.0042163579043935934	-0.017496375551869114	-0.06253186985003367
syscilia	ENSG00000164953	TMEM67	ENSG00000163625	WDFY3	0.017490034152376804	-0.13224989282557775	0.0
syscilia	ENSG00000164953	TMEM67	ENSG00000163754	GYG1	0.008569592972402265	-0.06825949183418167	-0.06253186985003367
syscilia	ENSG00000168778	TCTN2	ENSG00000116704	SLC35D1	0.06089563647825075	0.16411279413195468	0.18428952026757628
syscilia	ENSG00000168778	TCTN2	ENSG00000131061	ZNF341	0.08107591561067035	0.0	0.2847383283133311
syscilia	ENSG00000168778	TCTN2	ENSG00000144741	SLC25A26	0.0014921006008963178	0.038627718038946046	0.0
syscilia	ENSG00000169379	ARL13B	ENSG00000105146	AURKC	0.022890815399108356	-0.07877062961247372	0.1291743136601191
syscilia	ENSG00000169379	ARL13B	ENSG00000118729	CASQ2	0.021381330956927493	-0.14007715893309758	0.041949022660357826
syscilia	ENSG00000169379	ARL13B	ENSG00000173175	ADCY5	0.05009685964266575	-0.14007715893309758	0.17457161621494333
syscilia	ENSG00000174483	BBS1	ENSG00000059377	TBXAS1	0.017243601777468344	-0.1018698392696269	0.08286216039090899
syscilia	ENSG00000174483	BBS1	ENSG00000066777	ARFGEF1	0.0005536642797149101	-0.023530071817036813	0.0
syscilia	ENSG00000174483	BBS1	ENSG00000154124	OTULIN	0.00808863643043431	-0.08009214438055245	0.04091313773055116
syscilia	ENSG00000179941	BBS10	ENSG00000100523	DDHD1	0.019855830355695624	0.04761384288787074	0.1326225935545855
syscilia	ENSG00000179941	BBS10	ENSG00000133111	RFXAP	0.017344300736528435	0.04761384288787074	-0.12278934278665066
syscilia	ENSG00000179941	BBS10	ENSG00000144036	EXOC6B	0.005224109471655676	0.0722780012981521	0.0
syscilia	ENSG00000187049	TMEM216	ENSG00000165186	PTCHD1	0.09044275112434844	0.25088603358759887	0.1658280714325251
syscilia	ENSG00000187049	TMEM216	ENSG00000167680	SEMA6B	0.01520477876677552	0.09311080178289588	0.08084032012629461
syscilia	ENSG00000187049	TMEM216	ENSG00000204420	MPIG6B	0.02693300919779734	-0.16411279413195468	0.0
syscilia	ENSG00000187535	IFT140	ENSG00000066629	EML1	0.07740551324663937	0.13978684180005274	0.2405517659594425
syscilia	ENSG00000187535	IFT140	ENSG00000102034	ELF4	0.023598983640456532	-0.12296927053542639	0.09207356919573417
syscilia	ENSG00000187535	IFT140	ENSG00000159753	CARMIL2	0.06318019164103422	0.16506005291839054	0.18956626960409473
syscilia	ENSG00000198707	CEP290	ENSG00000120251	GRIA2	0.0115051216123199	0.10117000126240328	-0.03563358607950118
syscilia	ENSG00000198707	CEP290	ENSG00000130702	LAMA5	0.01095810943048555	0.0	-0.10468098886849297
syscilia	ENSG00000198707	CEP290	ENSG00000138193	PLCE1	0.019636521546499718	-0.11921367278104622	0.07365203166616219
syscilia	ENSG00000204852	TCTN1	ENSG00000067836	ROGDI	0.010025099628981479	-0.032495206908550234	0.09470565535886433
syscilia	ENSG00000204852	TCTN1	ENSG00000075643	MOCOS	0.010025099628981479	-0.032495206908550234	0.09470565535886433
syscilia	ENSG00000204852	TCTN1	ENSG00000161653	NAGS	0.05145007169170392	-0.20838618677763066	-0.08958386490871195
syscilia	ENSG00000205084	TMEM231	ENSG00000119686	FLVCR2	0.01738777871825638	-0.10417591545138727	-0.08084032012629461
syscilia	ENSG00000205084	TMEM231	ENSG00000171680	PLEKHG5	0.06442860584363583	-0.19872121367889317	-0.1579192359328765
syscilia	ENSG00000205084	TMEM231	ENSG00000241935	HOGA1	0.07269913565348812	-0.25722359591485056	-0.08084032012629461
usher	ENSG00000006611	USH1C	ENSG00000076351	SLC46A1	0.03959077072048705	-0.15061776875074262	-0.13001945414834992
usher	ENSG00000006611	USH1C	ENSG00000135924	DNAJB2	0.037239623775965916	-0.024664158410280912	-0.19139305908490645
usher	ENSG00000006611	USH1C	ENSG00000186111	PIP5K1C	0.010245320401009943	-0.09527926243657525	0.03416405348538376
usher	ENSG00000042781	USH2A	ENSG00000066926	FECH	0.0028860540377633193	-0.030554897236109824	0.044186562353888625
usher	ENSG00000042781	USH2A	ENSG00000177469	CAVIN1	0.0028860540377633193	-0.030554897236109824	0.044186562353888625
usher	ENSG00000042781	USH2A	ENSG00000185551	NR2F2	0.0022050424539116014	0.018780582804017065	-0.04303872864587266
usher	ENSG00000095397	WHRN	ENSG00000103150	MLYCD	0.03116378375775936	0.17305182951682951	0.034883349303608036
usher	ENSG00000095397	WHRN	ENSG00000158014	SLC30A2	0.007596887874348445	-0.0871601277784082	0.0
usher	ENSG00000095397	WHRN	ENSG00000198963	RORB	0.012070887658608972	-0.04450757936347749	-0.10044880804575396
usher	ENSG00000107736	CDH23	ENSG00000149781	FERMT3	0.001611453349599955	-0.04014291157352634	0.0
usher	ENSG00000107736	CDH23	ENSG00000168509	HJV	0.00275618237641606	0.052499355961916905	0.0
usher	ENSG00000107736	CDH23	ENSG00000189067	LITAF	0.00241263734595417	0.010286649859594377	-0.04802938871795348
usher	ENSG00000137474	MYO7A	ENSG00000110195	FOLR1	0.0023763606286958316	-0.048747929481115726	0.0
usher	ENSG00000137474	MYO7A	ENSG00000132855	ANGPTL3	0.0032649878749918472	0.0	0.05714007240975327
usher	ENSG00000137474	MYO7A	ENSG00000147168	IL2RG	0.006255038466015333	-0.05468135505840621	0.05714007240975327
usher	ENSG00000150275	PCDH15	ENSG00000107099	DOCK8	0.002376360628696005	0.0487479294811175	0.0
usher	ENSG00000150275	PCDH15	ENSG00000131844	MCCC2	0.010395325286962914	-0.08375409120524768	0.058142733796631596
usher	ENSG00000150275	PCDH15	ENSG00000187045	TMPRSS6	0.0015148859240494868	-0.038921535479082614	0.0
usher	ENSG00000163646	CLRN1	ENSG00000088682	COQ9	0.025782168807114005	-0.05533850631416737	0.15073094747274318
usher	ENSG00000163646	CLRN1	ENSG00000130475	FCHO1	0.008395166903107662	0.058502382235957384	-0.07051693538310921
usher	ENSG00000163646	CLRN1	ENSG00000174080	CTSF	0.030715756624701898	-0.10783786227608383	-0.13815481202052382
usher	ENSG00000164199	ADGRV1	ENSG00000099822	HCN2	0.031125778671746554	0.11384088855012475	0.13478141847400416
usher	ENSG00000164199	ADGRV1	ENSG00000134240	HMGCS2	0.03726526242073056	0.17589097986908087	0.07954637403065679
usher	ENSG00000164199	ADGRV1	ENSG00000146938	NLGN4X	0.011434824660034352	0.0	0.10693373957752694
usher	ENSG00000182040	USH1G	ENSG00000109101	FOXN1	0.08781208780532823	0.17305182951682951	0.2405517659594425
usher	ENSG00000182040	USH1G	ENSG00000121905	HPCA	0.029929708361460118	0.14646558031502988	0.09207356919573417
usher	ENSG00000182040	USH1G	ENSG00000145794	MEGF10	0.04663293900868466	0.17305182951682951	-0.1291743136601191
