scheme	control_group	pairs_expected	pairs_ranked	control_wins	ties	pair_mean_concordance	control_mean_concordance
default	usher	27	27	24	0	0.8888888888888888	0.8888888888888888
default	syscilia	84	84	72	0	0.8571428571428571	0.8571428571428573
common_observed_layers	usher	27	27	23	0	0.8518518518518519	0.8518518518518519
common_observed_layers	syscilia	84	84	75	0	0.8928571428571429	0.892857142857143
loo_gnomad	usher	27	27	25	0	0.9259259259259259	0.9259259259259258
loo_gnomad	syscilia	84	84	76	0	0.9047619047619048	0.9047619047619048
loo_expression	usher	27	27	27	0	1.0	1.0
loo_expression	syscilia	84	84	78	0	0.9285714285714286	0.9285714285714285
loo_annotation	usher	27	27	24	0	0.8888888888888888	0.8888888888888888
loo_annotation	syscilia	84	84	72	0	0.8571428571428571	0.8571428571428573
loo_localization	usher	27	27	23	0	0.8518518518518519	0.8518518518518519
loo_localization	syscilia	84	84	73	0	0.8690476190476191	0.8690476190476192
loo_animal_model	usher	27	27	21	0	0.7777777777777778	0.7777777777777778
loo_animal_model	syscilia	84	84	64	0	0.7619047619047619	0.761904761904762
loo_literature	usher	27	27	18	0	0.6666666666666666	0.6666666666666666
loo_literature	syscilia	84	84	55	0	0.6547619047619048	0.6547619047619048
omit_animal_and_literature	usher	27	27	15	0	0.5555555555555556	0.5555555555555556
omit_animal_and_literature	syscilia	84	84	48	0	0.5714285714285714	0.5714285714285714
